row_no,user_id,is_anomaly,anomaly_reason
1,054a8368-caf8-44cb-85df-12d9256a8ff2,0,정상
2,054a8368-caf8-44cb-85df-12d9256a8ff2,0,정상
3,054a8368-caf8-44cb-85df-12d9256a8ff2,0,정상
4,054a8368-caf8-44cb-85df-12d9256a8ff2,0,정상
5,054a8368-caf8-44cb-85df-12d9256a8ff2,1,R00y_신규기기
6,054a8368-caf8-44cb-85df-12d9256a8ff2,0,정상
7,054a8368-caf8-44cb-85df-12d9256a8ff2,0,정상
8,054a8368-caf8-44cb-85df-12d9256a8ff2,0,정상
9,054a8368-caf8-44cb-85df-12d9256a8ff2,0,정상
10,054a8368-caf8-44cb-85df-12d9256a8ff2,0,정상
11,054a8368-caf8-44cb-85df-12d9256a8ff2,0,정상
12,054a8368-caf8-44cb-85df-12d9256a8ff2,0,정상
13,054a8368-caf8-44cb-85df-12d9256a8ff2,0,정상
14,054a8368-caf8-44cb-85df-12d9256a8ff2,0,정상
15,054a8368-caf8-44cb-85df-12d9256a8ff2,1,R006_단기반복
16,054a8368-caf8-44cb-85df-12d9256a8ff2,1,R006_단기반복
17,054a8368-caf8-44cb-85df-12d9256a8ff2,1,R006_단기반복
18,054a8368-caf8-44cb-85df-12d9256a8ff2,0,정상
19,054a8368-caf8-44cb-85df-12d9256a8ff2,0,정상
20,054a8368-caf8-44cb-85df-12d9256a8ff2,0,정상
21,054a8368-caf8-44cb-85df-12d9256a8ff2,1,R007_해외결제
22,054a8368-caf8-44cb-85df-12d9256a8ff2,0,정상
23,054a8368-caf8-44cb-85df-12d9256a8ff2,0,정상
24,054a8368-caf8-44cb-85df-12d9256a8ff2,0,정상
25,054a8368-caf8-44cb-85df-12d9256a8ff2,0,정상
26,054a8368-caf8-44cb-85df-12d9256a8ff2,0,정상
27,054a8368-caf8-44cb-85df-12d9256a8ff2,0,정상
28,054a8368-caf8-44cb-85df-12d9256a8ff2,0,정상
29,054a8368-caf8-44cb-85df-12d9256a8ff2,0,정상
30,054a8368-caf8-44cb-85df-12d9256a8ff2,0,정상
31,054a8368-caf8-44cb-85df-12d9256a8ff2,0,정상
32,054a8368-caf8-44cb-85df-12d9256a8ff2,0,정상
33,054a8368-caf8-44cb-85df-12d9256a8ff2,0,정상
34,054a8368-caf8-44cb-85df-12d9256a8ff2,0,정상
35,054a8368-caf8-44cb-85df-12d9256a8ff2,0,정상
36,054a8368-caf8-44cb-85df-12d9256a8ff2,0,정상
37,054a8368-caf8-44cb-85df-12d9256a8ff2,0,정상
38,054a8368-caf8-44cb-85df-12d9256a8ff2,0,정상
39,054a8368-caf8-44cb-85df-12d9256a8ff2,0,정상
40,054a8368-caf8-44cb-85df-12d9256a8ff2,0,정상
41,054a8368-caf8-44cb-85df-12d9256a8ff2,0,정상
42,054a8368-caf8-44cb-85df-12d9256a8ff2,0,정상
43,054a8368-caf8-44cb-85df-12d9256a8ff2,0,정상
44,054a8368-caf8-44cb-85df-12d9256a8ff2,0,정상
45,054a8368-caf8-44cb-85df-12d9256a8ff2,0,정상
46,054a8368-caf8-44cb-85df-12d9256a8ff2,0,정상
47,054a8368-caf8-44cb-85df-12d9256a8ff2,0,정상
48,054a8368-caf8-44cb-85df-12d9256a8ff2,0,정상
49,054a8368-caf8-44cb-85df-12d9256a8ff2,0,정상
50,054a8368-caf8-44cb-85df-12d9256a8ff2,0,정상
51,054a8368-caf8-44cb-85df-12d9256a8ff2,0,정상
52,054a8368-caf8-44cb-85df-12d9256a8ff2,0,정상
53,054a8368-caf8-44cb-85df-12d9256a8ff2,0,정상
54,054a8368-caf8-44cb-85df-12d9256a8ff2,0,정상
55,054a8368-caf8-44cb-85df-12d9256a8ff2,0,정상
56,054a8368-caf8-44cb-85df-12d9256a8ff2,0,정상
57,054a8368-caf8-44cb-85df-12d9256a8ff2,0,정상
58,054a8368-caf8-44cb-85df-12d9256a8ff2,0,정상
59,054a8368-caf8-44cb-85df-12d9256a8ff2,0,정상
60,054a8368-caf8-44cb-85df-12d9256a8ff2,0,정상
61,054a8368-caf8-44cb-85df-12d9256a8ff2,0,정상
62,054a8368-caf8-44cb-85df-12d9256a8ff2,0,정상
63,054a8368-caf8-44cb-85df-12d9256a8ff2,0,정상
64,054a8368-caf8-44cb-85df-12d9256a8ff2,0,정상
65,054a8368-caf8-44cb-85df-12d9256a8ff2,0,정상
66,054a8368-caf8-44cb-85df-12d9256a8ff2,0,정상
67,054a8368-caf8-44cb-85df-12d9256a8ff2,0,정상
68,054a8368-caf8-44cb-85df-12d9256a8ff2,0,정상
69,054a8368-caf8-44cb-85df-12d9256a8ff2,0,정상
70,054a8368-caf8-44cb-85df-12d9256a8ff2,0,정상
71,054a8368-caf8-44cb-85df-12d9256a8ff2,0,정상
72,054a8368-caf8-44cb-85df-12d9256a8ff2,0,정상
73,054a8368-caf8-44cb-85df-12d9256a8ff2,0,정상
74,054a8368-caf8-44cb-85df-12d9256a8ff2,0,정상
75,054a8368-caf8-44cb-85df-12d9256a8ff2,0,정상
76,054a8368-caf8-44cb-85df-12d9256a8ff2,0,정상
77,054a8368-caf8-44cb-85df-12d9256a8ff2,0,정상
78,054a8368-caf8-44cb-85df-12d9256a8ff2,0,정상
79,054a8368-caf8-44cb-85df-12d9256a8ff2,0,정상
80,054a8368-caf8-44cb-85df-12d9256a8ff2,0,정상
81,054a8368-caf8-44cb-85df-12d9256a8ff2,1,R001_단일한도초과
82,054a8368-caf8-44cb-85df-12d9256a8ff2,0,정상
83,054a8368-caf8-44cb-85df-12d9256a8ff2,0,정상
84,054a8368-caf8-44cb-85df-12d9256a8ff2,0,정상
85,054a8368-caf8-44cb-85df-12d9256a8ff2,0,정상
86,054a8368-caf8-44cb-85df-12d9256a8ff2,0,정상
87,054a8368-caf8-44cb-85df-12d9256a8ff2,0,정상
88,054a8368-caf8-44cb-85df-12d9256a8ff2,0,정상
89,054a8368-caf8-44cb-85df-12d9256a8ff2,0,정상
90,054a8368-caf8-44cb-85df-12d9256a8ff2,0,정상
91,054a8368-caf8-44cb-85df-12d9256a8ff2,0,정상
92,054a8368-caf8-44cb-85df-12d9256a8ff2,1,R006_단기반복
93,054a8368-caf8-44cb-85df-12d9256a8ff2,1,R006_단기반복
94,054a8368-caf8-44cb-85df-12d9256a8ff2,1,R006_단기반복
95,054a8368-caf8-44cb-85df-12d9256a8ff2,0,정상
96,054a8368-caf8-44cb-85df-12d9256a8ff2,0,정상
97,054a8368-caf8-44cb-85df-12d9256a8ff2,0,정상
98,054a8368-caf8-44cb-85df-12d9256a8ff2,0,정상
99,054a8368-caf8-44cb-85df-12d9256a8ff2,0,정상
100,054a8368-caf8-44cb-85df-12d9256a8ff2,0,정상
101,054a8368-caf8-44cb-85df-12d9256a8ff2,0,정상
102,054a8368-caf8-44cb-85df-12d9256a8ff2,0,정상
103,054a8368-caf8-44cb-85df-12d9256a8ff2,0,정상
104,054a8368-caf8-44cb-85df-12d9256a8ff2,0,정상
105,054a8368-caf8-44cb-85df-12d9256a8ff2,0,정상
106,054a8368-caf8-44cb-85df-12d9256a8ff2,0,정상
107,054a8368-caf8-44cb-85df-12d9256a8ff2,0,정상
108,054a8368-caf8-44cb-85df-12d9256a8ff2,0,정상
109,054a8368-caf8-44cb-85df-12d9256a8ff2,0,정상
110,054a8368-caf8-44cb-85df-12d9256a8ff2,0,정상
111,054a8368-caf8-44cb-85df-12d9256a8ff2,0,정상
112,054a8368-caf8-44cb-85df-12d9256a8ff2,0,정상
113,054a8368-caf8-44cb-85df-12d9256a8ff2,0,정상
114,054a8368-caf8-44cb-85df-12d9256a8ff2,0,정상
115,054a8368-caf8-44cb-85df-12d9256a8ff2,1,R001_단일한도초과
116,054a8368-caf8-44cb-85df-12d9256a8ff2,0,정상
117,054a8368-caf8-44cb-85df-12d9256a8ff2,0,정상
118,054a8368-caf8-44cb-85df-12d9256a8ff2,0,정상
119,054a8368-caf8-44cb-85df-12d9256a8ff2,0,정상
120,054a8368-caf8-44cb-85df-12d9256a8ff2,0,정상
121,054a8368-caf8-44cb-85df-12d9256a8ff2,0,정상
122,054a8368-caf8-44cb-85df-12d9256a8ff2,0,정상
123,054a8368-caf8-44cb-85df-12d9256a8ff2,0,정상
124,054a8368-caf8-44cb-85df-12d9256a8ff2,0,정상
125,054a8368-caf8-44cb-85df-12d9256a8ff2,0,정상
126,054a8368-caf8-44cb-85df-12d9256a8ff2,0,정상
127,054a8368-caf8-44cb-85df-12d9256a8ff2,0,정상
128,054a8368-caf8-44cb-85df-12d9256a8ff2,0,정상
129,054a8368-caf8-44cb-85df-12d9256a8ff2,0,정상
130,054a8368-caf8-44cb-85df-12d9256a8ff2,0,정상
131,054a8368-caf8-44cb-85df-12d9256a8ff2,0,정상
132,054a8368-caf8-44cb-85df-12d9256a8ff2,0,정상
133,0ded7c85-0a4d-4c84-b917-da91d512a750,0,정상
134,0ded7c85-0a4d-4c84-b917-da91d512a750,0,정상
135,0ded7c85-0a4d-4c84-b917-da91d512a750,0,정상
136,0ded7c85-0a4d-4c84-b917-da91d512a750,0,정상
137,0ded7c85-0a4d-4c84-b917-da91d512a750,0,정상
138,0ded7c85-0a4d-4c84-b917-da91d512a750,0,정상
139,0ded7c85-0a4d-4c84-b917-da91d512a750,0,정상
140,0ded7c85-0a4d-4c84-b917-da91d512a750,0,정상
141,0ded7c85-0a4d-4c84-b917-da91d512a750,0,정상
142,0ded7c85-0a4d-4c84-b917-da91d512a750,0,정상
143,0ded7c85-0a4d-4c84-b917-da91d512a750,0,정상
144,0ded7c85-0a4d-4c84-b917-da91d512a750,0,정상
145,0ded7c85-0a4d-4c84-b917-da91d512a750,0,정상
146,0ded7c85-0a4d-4c84-b917-da91d512a750,0,정상
147,0ded7c85-0a4d-4c84-b917-da91d512a750,0,정상
148,0ded7c85-0a4d-4c84-b917-da91d512a750,0,정상
149,0ded7c85-0a4d-4c84-b917-da91d512a750,0,정상
150,0ded7c85-0a4d-4c84-b917-da91d512a750,0,정상
151,0ded7c85-0a4d-4c84-b917-da91d512a750,0,정상
152,0ded7c85-0a4d-4c84-b917-da91d512a750,0,정상
153,0ded7c85-0a4d-4c84-b917-da91d512a750,0,정상
154,0ded7c85-0a4d-4c84-b917-da91d512a750,0,정상
155,0ded7c85-0a4d-4c84-b917-da91d512a750,0,정상
156,0ded7c85-0a4d-4c84-b917-da91d512a750,0,정상
157,0ded7c85-0a4d-4c84-b917-da91d512a750,0,정상
158,0ded7c85-0a4d-4c84-b917-da91d512a750,0,정상
159,0ded7c85-0a4d-4c84-b917-da91d512a750,0,정상
160,0ded7c85-0a4d-4c84-b917-da91d512a750,0,정상
161,0ded7c85-0a4d-4c84-b917-da91d512a750,0,정상
162,0ded7c85-0a4d-4c84-b917-da91d512a750,0,정상
163,0ded7c85-0a4d-4c84-b917-da91d512a750,0,정상
164,0ded7c85-0a4d-4c84-b917-da91d512a750,0,정상
165,0ded7c85-0a4d-4c84-b917-da91d512a750,0,정상
166,0ded7c85-0a4d-4c84-b917-da91d512a750,0,정상
167,0ded7c85-0a4d-4c84-b917-da91d512a750,0,정상
168,0ded7c85-0a4d-4c84-b917-da91d512a750,0,정상
169,0ded7c85-0a4d-4c84-b917-da91d512a750,0,정상
170,0ded7c85-0a4d-4c84-b917-da91d512a750,0,정상
171,0ded7c85-0a4d-4c84-b917-da91d512a750,0,정상
172,0ded7c85-0a4d-4c84-b917-da91d512a750,0,정상
173,0ded7c85-0a4d-4c84-b917-da91d512a750,0,정상
174,0ded7c85-0a4d-4c84-b917-da91d512a750,0,정상
175,0ded7c85-0a4d-4c84-b917-da91d512a750,0,정상
176,0ded7c85-0a4d-4c84-b917-da91d512a750,0,정상
177,0ded7c85-0a4d-4c84-b917-da91d512a750,1,R005_심야대액
178,0ded7c85-0a4d-4c84-b917-da91d512a750,0,정상
179,0ded7c85-0a4d-4c84-b917-da91d512a750,0,정상
180,0ded7c85-0a4d-4c84-b917-da91d512a750,0,정상
181,0ded7c85-0a4d-4c84-b917-da91d512a750,0,정상
182,0ded7c85-0a4d-4c84-b917-da91d512a750,0,정상
183,0ded7c85-0a4d-4c84-b917-da91d512a750,0,정상
184,0ded7c85-0a4d-4c84-b917-da91d512a750,0,정상
185,0ded7c85-0a4d-4c84-b917-da91d512a750,0,정상
186,0ded7c85-0a4d-4c84-b917-da91d512a750,0,정상
187,0ded7c85-0a4d-4c84-b917-da91d512a750,1,R001_단일한도초과
188,0ded7c85-0a4d-4c84-b917-da91d512a750,0,정상
189,0ded7c85-0a4d-4c84-b917-da91d512a750,0,정상
190,0ded7c85-0a4d-4c84-b917-da91d512a750,1,R006_단기반복
191,0ded7c85-0a4d-4c84-b917-da91d512a750,1,R006_단기반복
192,0ded7c85-0a4d-4c84-b917-da91d512a750,1,R006_단기반복
193,0ded7c85-0a4d-4c84-b917-da91d512a750,0,정상
194,0ded7c85-0a4d-4c84-b917-da91d512a750,0,정상
195,0ded7c85-0a4d-4c84-b917-da91d512a750,0,정상
196,0ded7c85-0a4d-4c84-b917-da91d512a750,0,정상
197,0ded7c85-0a4d-4c84-b917-da91d512a750,0,정상
198,0ded7c85-0a4d-4c84-b917-da91d512a750,0,정상
199,0ded7c85-0a4d-4c84-b917-da91d512a750,0,정상
200,0ded7c85-0a4d-4c84-b917-da91d512a750,0,정상
201,0ded7c85-0a4d-4c84-b917-da91d512a750,0,정상
202,0ded7c85-0a4d-4c84-b917-da91d512a750,0,정상
203,0ded7c85-0a4d-4c84-b917-da91d512a750,0,정상
204,0ded7c85-0a4d-4c84-b917-da91d512a750,0,정상
205,0ded7c85-0a4d-4c84-b917-da91d512a750,0,정상
206,0ded7c85-0a4d-4c84-b917-da91d512a750,0,정상
207,0ded7c85-0a4d-4c84-b917-da91d512a750,0,정상
208,0ded7c85-0a4d-4c84-b917-da91d512a750,0,정상
209,0ded7c85-0a4d-4c84-b917-da91d512a750,0,정상
210,0ded7c85-0a4d-4c84-b917-da91d512a750,0,정상
211,0ded7c85-0a4d-4c84-b917-da91d512a750,0,정상
212,0ded7c85-0a4d-4c84-b917-da91d512a750,0,정상
213,0ded7c85-0a4d-4c84-b917-da91d512a750,0,정상
214,0ded7c85-0a4d-4c84-b917-da91d512a750,0,정상
215,0ded7c85-0a4d-4c84-b917-da91d512a750,0,정상
216,0ded7c85-0a4d-4c84-b917-da91d512a750,0,정상
217,0ded7c85-0a4d-4c84-b917-da91d512a750,0,정상
218,0ded7c85-0a4d-4c84-b917-da91d512a750,0,정상
219,0ded7c85-0a4d-4c84-b917-da91d512a750,0,정상
220,0ded7c85-0a4d-4c84-b917-da91d512a750,0,정상
221,0ded7c85-0a4d-4c84-b917-da91d512a750,0,정상
222,0ded7c85-0a4d-4c84-b917-da91d512a750,0,정상
223,0ded7c85-0a4d-4c84-b917-da91d512a750,0,정상
224,0ded7c85-0a4d-4c84-b917-da91d512a750,0,정상
225,0ded7c85-0a4d-4c84-b917-da91d512a750,0,정상
226,0ded7c85-0a4d-4c84-b917-da91d512a750,0,정상
227,0ded7c85-0a4d-4c84-b917-da91d512a750,0,정상
228,0ded7c85-0a4d-4c84-b917-da91d512a750,0,정상
229,0ded7c85-0a4d-4c84-b917-da91d512a750,0,정상
230,0ded7c85-0a4d-4c84-b917-da91d512a750,0,정상
231,0ded7c85-0a4d-4c84-b917-da91d512a750,0,정상
232,0ded7c85-0a4d-4c84-b917-da91d512a750,0,정상
233,0ded7c85-0a4d-4c84-b917-da91d512a750,1,R00x_위치급변
234,0ded7c85-0a4d-4c84-b917-da91d512a750,0,정상
235,0ded7c85-0a4d-4c84-b917-da91d512a750,0,정상
236,0ded7c85-0a4d-4c84-b917-da91d512a750,0,정상
237,0ded7c85-0a4d-4c84-b917-da91d512a750,0,정상
238,0ded7c85-0a4d-4c84-b917-da91d512a750,0,정상
239,0ded7c85-0a4d-4c84-b917-da91d512a750,0,정상
240,0ded7c85-0a4d-4c84-b917-da91d512a750,0,정상
241,0ded7c85-0a4d-4c84-b917-da91d512a750,0,정상
242,0ded7c85-0a4d-4c84-b917-da91d512a750,0,정상
243,0ded7c85-0a4d-4c84-b917-da91d512a750,0,정상
244,0ded7c85-0a4d-4c84-b917-da91d512a750,0,정상
245,0ded7c85-0a4d-4c84-b917-da91d512a750,0,정상
246,0ded7c85-0a4d-4c84-b917-da91d512a750,0,정상
247,0ded7c85-0a4d-4c84-b917-da91d512a750,0,정상
248,0ded7c85-0a4d-4c84-b917-da91d512a750,0,정상
249,0ded7c85-0a4d-4c84-b917-da91d512a750,0,정상
250,0ded7c85-0a4d-4c84-b917-da91d512a750,0,정상
251,0ded7c85-0a4d-4c84-b917-da91d512a750,0,정상
252,0ded7c85-0a4d-4c84-b917-da91d512a750,0,정상
253,0ded7c85-0a4d-4c84-b917-da91d512a750,0,정상
254,0ded7c85-0a4d-4c84-b917-da91d512a750,1,R007_해외결제
255,0ded7c85-0a4d-4c84-b917-da91d512a750,0,정상
256,0ded7c85-0a4d-4c84-b917-da91d512a750,0,정상
257,0ded7c85-0a4d-4c84-b917-da91d512a750,0,정상
258,0ded7c85-0a4d-4c84-b917-da91d512a750,0,정상
259,0ded7c85-0a4d-4c84-b917-da91d512a750,0,정상
260,0ded7c85-0a4d-4c84-b917-da91d512a750,0,정상
261,0ded7c85-0a4d-4c84-b917-da91d512a750,0,정상
262,0ded7c85-0a4d-4c84-b917-da91d512a750,0,정상
263,0ded7c85-0a4d-4c84-b917-da91d512a750,0,정상
264,0ded7c85-0a4d-4c84-b917-da91d512a750,0,정상
265,0ded7c85-0a4d-4c84-b917-da91d512a750,0,정상
266,0ded7c85-0a4d-4c84-b917-da91d512a750,0,정상
267,0ded7c85-0a4d-4c84-b917-da91d512a750,0,정상
268,0ded7c85-0a4d-4c84-b917-da91d512a750,0,정상
269,0ded7c85-0a4d-4c84-b917-da91d512a750,0,정상
270,0ded7c85-0a4d-4c84-b917-da91d512a750,0,정상
271,131b9d96-aa5a-4938-844d-2d08b7a2df9a,0,정상
272,131b9d96-aa5a-4938-844d-2d08b7a2df9a,0,정상
273,131b9d96-aa5a-4938-844d-2d08b7a2df9a,0,정상
274,131b9d96-aa5a-4938-844d-2d08b7a2df9a,0,정상
275,131b9d96-aa5a-4938-844d-2d08b7a2df9a,0,정상
276,131b9d96-aa5a-4938-844d-2d08b7a2df9a,0,정상
277,131b9d96-aa5a-4938-844d-2d08b7a2df9a,0,정상
278,131b9d96-aa5a-4938-844d-2d08b7a2df9a,0,정상
279,131b9d96-aa5a-4938-844d-2d08b7a2df9a,0,정상
280,131b9d96-aa5a-4938-844d-2d08b7a2df9a,0,정상
281,131b9d96-aa5a-4938-844d-2d08b7a2df9a,0,정상
282,131b9d96-aa5a-4938-844d-2d08b7a2df9a,0,정상
283,131b9d96-aa5a-4938-844d-2d08b7a2df9a,0,정상
284,131b9d96-aa5a-4938-844d-2d08b7a2df9a,0,정상
285,131b9d96-aa5a-4938-844d-2d08b7a2df9a,0,정상
286,131b9d96-aa5a-4938-844d-2d08b7a2df9a,0,정상
287,131b9d96-aa5a-4938-844d-2d08b7a2df9a,0,정상
288,131b9d96-aa5a-4938-844d-2d08b7a2df9a,0,정상
289,131b9d96-aa5a-4938-844d-2d08b7a2df9a,0,정상
290,131b9d96-aa5a-4938-844d-2d08b7a2df9a,0,정상
291,131b9d96-aa5a-4938-844d-2d08b7a2df9a,0,정상
292,131b9d96-aa5a-4938-844d-2d08b7a2df9a,0,정상
293,131b9d96-aa5a-4938-844d-2d08b7a2df9a,0,정상
294,131b9d96-aa5a-4938-844d-2d08b7a2df9a,0,정상
295,131b9d96-aa5a-4938-844d-2d08b7a2df9a,1,R007_해외결제
296,131b9d96-aa5a-4938-844d-2d08b7a2df9a,0,정상
297,131b9d96-aa5a-4938-844d-2d08b7a2df9a,0,정상
298,131b9d96-aa5a-4938-844d-2d08b7a2df9a,0,정상
299,131b9d96-aa5a-4938-844d-2d08b7a2df9a,0,정상
300,131b9d96-aa5a-4938-844d-2d08b7a2df9a,0,정상
301,131b9d96-aa5a-4938-844d-2d08b7a2df9a,0,정상
302,131b9d96-aa5a-4938-844d-2d08b7a2df9a,0,정상
303,131b9d96-aa5a-4938-844d-2d08b7a2df9a,0,정상
304,131b9d96-aa5a-4938-844d-2d08b7a2df9a,0,정상
305,131b9d96-aa5a-4938-844d-2d08b7a2df9a,0,정상
306,131b9d96-aa5a-4938-844d-2d08b7a2df9a,0,정상
307,131b9d96-aa5a-4938-844d-2d08b7a2df9a,0,정상
308,131b9d96-aa5a-4938-844d-2d08b7a2df9a,1,R005_심야대액
309,131b9d96-aa5a-4938-844d-2d08b7a2df9a,0,정상
310,131b9d96-aa5a-4938-844d-2d08b7a2df9a,0,정상
311,131b9d96-aa5a-4938-844d-2d08b7a2df9a,0,정상
312,131b9d96-aa5a-4938-844d-2d08b7a2df9a,0,정상
313,131b9d96-aa5a-4938-844d-2d08b7a2df9a,0,정상
314,131b9d96-aa5a-4938-844d-2d08b7a2df9a,0,정상
315,131b9d96-aa5a-4938-844d-2d08b7a2df9a,0,정상
316,131b9d96-aa5a-4938-844d-2d08b7a2df9a,0,정상
317,131b9d96-aa5a-4938-844d-2d08b7a2df9a,0,정상
318,131b9d96-aa5a-4938-844d-2d08b7a2df9a,0,정상
319,131b9d96-aa5a-4938-844d-2d08b7a2df9a,0,정상
320,131b9d96-aa5a-4938-844d-2d08b7a2df9a,0,정상
321,131b9d96-aa5a-4938-844d-2d08b7a2df9a,0,정상
322,131b9d96-aa5a-4938-844d-2d08b7a2df9a,0,정상
323,131b9d96-aa5a-4938-844d-2d08b7a2df9a,0,정상
324,131b9d96-aa5a-4938-844d-2d08b7a2df9a,0,정상
325,131b9d96-aa5a-4938-844d-2d08b7a2df9a,0,정상
326,131b9d96-aa5a-4938-844d-2d08b7a2df9a,1,R001_단일한도초과
327,131b9d96-aa5a-4938-844d-2d08b7a2df9a,0,정상
328,131b9d96-aa5a-4938-844d-2d08b7a2df9a,0,정상
329,131b9d96-aa5a-4938-844d-2d08b7a2df9a,0,정상
330,131b9d96-aa5a-4938-844d-2d08b7a2df9a,0,정상
331,131b9d96-aa5a-4938-844d-2d08b7a2df9a,1,R007_해외결제
332,131b9d96-aa5a-4938-844d-2d08b7a2df9a,0,정상
333,131b9d96-aa5a-4938-844d-2d08b7a2df9a,0,정상
334,131b9d96-aa5a-4938-844d-2d08b7a2df9a,0,정상
335,131b9d96-aa5a-4938-844d-2d08b7a2df9a,1,R005_심야대액
336,131b9d96-aa5a-4938-844d-2d08b7a2df9a,0,정상
337,131b9d96-aa5a-4938-844d-2d08b7a2df9a,0,정상
338,131b9d96-aa5a-4938-844d-2d08b7a2df9a,1,R005_심야대액
339,131b9d96-aa5a-4938-844d-2d08b7a2df9a,0,정상
340,131b9d96-aa5a-4938-844d-2d08b7a2df9a,0,정상
341,131b9d96-aa5a-4938-844d-2d08b7a2df9a,0,정상
342,131b9d96-aa5a-4938-844d-2d08b7a2df9a,0,정상
343,131b9d96-aa5a-4938-844d-2d08b7a2df9a,0,정상
344,131b9d96-aa5a-4938-844d-2d08b7a2df9a,1,R005_심야대액
345,131b9d96-aa5a-4938-844d-2d08b7a2df9a,0,정상
346,131b9d96-aa5a-4938-844d-2d08b7a2df9a,0,정상
347,131b9d96-aa5a-4938-844d-2d08b7a2df9a,0,정상
348,131b9d96-aa5a-4938-844d-2d08b7a2df9a,0,정상
349,131b9d96-aa5a-4938-844d-2d08b7a2df9a,0,정상
350,131b9d96-aa5a-4938-844d-2d08b7a2df9a,0,정상
351,131b9d96-aa5a-4938-844d-2d08b7a2df9a,0,정상
352,131b9d96-aa5a-4938-844d-2d08b7a2df9a,0,정상
353,131b9d96-aa5a-4938-844d-2d08b7a2df9a,0,정상
354,131b9d96-aa5a-4938-844d-2d08b7a2df9a,0,정상
355,131b9d96-aa5a-4938-844d-2d08b7a2df9a,0,정상
356,131b9d96-aa5a-4938-844d-2d08b7a2df9a,0,정상
357,131b9d96-aa5a-4938-844d-2d08b7a2df9a,0,정상
358,131b9d96-aa5a-4938-844d-2d08b7a2df9a,0,정상
359,131b9d96-aa5a-4938-844d-2d08b7a2df9a,0,정상
360,131b9d96-aa5a-4938-844d-2d08b7a2df9a,0,정상
361,131b9d96-aa5a-4938-844d-2d08b7a2df9a,0,정상
362,131b9d96-aa5a-4938-844d-2d08b7a2df9a,0,정상
363,131b9d96-aa5a-4938-844d-2d08b7a2df9a,0,정상
364,131b9d96-aa5a-4938-844d-2d08b7a2df9a,0,정상
365,131b9d96-aa5a-4938-844d-2d08b7a2df9a,0,정상
366,131b9d96-aa5a-4938-844d-2d08b7a2df9a,0,정상
367,131b9d96-aa5a-4938-844d-2d08b7a2df9a,0,정상
368,131b9d96-aa5a-4938-844d-2d08b7a2df9a,0,정상
369,131b9d96-aa5a-4938-844d-2d08b7a2df9a,0,정상
370,131b9d96-aa5a-4938-844d-2d08b7a2df9a,0,정상
371,131b9d96-aa5a-4938-844d-2d08b7a2df9a,0,정상
372,131b9d96-aa5a-4938-844d-2d08b7a2df9a,0,정상
373,131b9d96-aa5a-4938-844d-2d08b7a2df9a,0,정상
374,131b9d96-aa5a-4938-844d-2d08b7a2df9a,0,정상
375,131b9d96-aa5a-4938-844d-2d08b7a2df9a,0,정상
376,131b9d96-aa5a-4938-844d-2d08b7a2df9a,0,정상
377,131b9d96-aa5a-4938-844d-2d08b7a2df9a,0,정상
378,131b9d96-aa5a-4938-844d-2d08b7a2df9a,0,정상
379,131b9d96-aa5a-4938-844d-2d08b7a2df9a,0,정상
380,131b9d96-aa5a-4938-844d-2d08b7a2df9a,0,정상
381,131b9d96-aa5a-4938-844d-2d08b7a2df9a,0,정상
382,131b9d96-aa5a-4938-844d-2d08b7a2df9a,0,정상
383,131b9d96-aa5a-4938-844d-2d08b7a2df9a,0,정상
384,131b9d96-aa5a-4938-844d-2d08b7a2df9a,0,정상
385,131b9d96-aa5a-4938-844d-2d08b7a2df9a,0,정상
386,131b9d96-aa5a-4938-844d-2d08b7a2df9a,0,정상
387,131b9d96-aa5a-4938-844d-2d08b7a2df9a,0,정상
388,131b9d96-aa5a-4938-844d-2d08b7a2df9a,0,정상
389,131b9d96-aa5a-4938-844d-2d08b7a2df9a,1,R005_심야대액
390,131b9d96-aa5a-4938-844d-2d08b7a2df9a,0,정상
391,1413b0e7-1a59-4cb3-ae7b-bf0ec6ac25ee,0,정상
392,1413b0e7-1a59-4cb3-ae7b-bf0ec6ac25ee,0,정상
393,1413b0e7-1a59-4cb3-ae7b-bf0ec6ac25ee,0,정상
394,1413b0e7-1a59-4cb3-ae7b-bf0ec6ac25ee,0,정상
395,1413b0e7-1a59-4cb3-ae7b-bf0ec6ac25ee,0,정상
396,1413b0e7-1a59-4cb3-ae7b-bf0ec6ac25ee,0,정상
397,1413b0e7-1a59-4cb3-ae7b-bf0ec6ac25ee,0,정상
398,1413b0e7-1a59-4cb3-ae7b-bf0ec6ac25ee,0,정상
399,1413b0e7-1a59-4cb3-ae7b-bf0ec6ac25ee,0,정상
400,1413b0e7-1a59-4cb3-ae7b-bf0ec6ac25ee,0,정상
401,1413b0e7-1a59-4cb3-ae7b-bf0ec6ac25ee,0,정상
402,1413b0e7-1a59-4cb3-ae7b-bf0ec6ac25ee,0,정상
403,1413b0e7-1a59-4cb3-ae7b-bf0ec6ac25ee,0,정상
404,1413b0e7-1a59-4cb3-ae7b-bf0ec6ac25ee,0,정상
405,1413b0e7-1a59-4cb3-ae7b-bf0ec6ac25ee,0,정상
406,1413b0e7-1a59-4cb3-ae7b-bf0ec6ac25ee,0,정상
407,1413b0e7-1a59-4cb3-ae7b-bf0ec6ac25ee,0,정상
408,1413b0e7-1a59-4cb3-ae7b-bf0ec6ac25ee,1,R007_해외결제
409,1413b0e7-1a59-4cb3-ae7b-bf0ec6ac25ee,0,정상
410,1413b0e7-1a59-4cb3-ae7b-bf0ec6ac25ee,0,정상
411,1413b0e7-1a59-4cb3-ae7b-bf0ec6ac25ee,0,정상
412,1413b0e7-1a59-4cb3-ae7b-bf0ec6ac25ee,0,정상
413,1413b0e7-1a59-4cb3-ae7b-bf0ec6ac25ee,0,정상
414,1413b0e7-1a59-4cb3-ae7b-bf0ec6ac25ee,0,정상
415,1413b0e7-1a59-4cb3-ae7b-bf0ec6ac25ee,0,정상
416,1413b0e7-1a59-4cb3-ae7b-bf0ec6ac25ee,0,정상
417,1413b0e7-1a59-4cb3-ae7b-bf0ec6ac25ee,0,정상
418,1413b0e7-1a59-4cb3-ae7b-bf0ec6ac25ee,0,정상
419,1413b0e7-1a59-4cb3-ae7b-bf0ec6ac25ee,0,정상
420,1413b0e7-1a59-4cb3-ae7b-bf0ec6ac25ee,0,정상
421,1413b0e7-1a59-4cb3-ae7b-bf0ec6ac25ee,0,정상
422,1413b0e7-1a59-4cb3-ae7b-bf0ec6ac25ee,0,정상
423,1413b0e7-1a59-4cb3-ae7b-bf0ec6ac25ee,0,정상
424,1413b0e7-1a59-4cb3-ae7b-bf0ec6ac25ee,0,정상
425,1413b0e7-1a59-4cb3-ae7b-bf0ec6ac25ee,0,정상
426,1413b0e7-1a59-4cb3-ae7b-bf0ec6ac25ee,0,정상
427,1413b0e7-1a59-4cb3-ae7b-bf0ec6ac25ee,0,정상
428,1413b0e7-1a59-4cb3-ae7b-bf0ec6ac25ee,0,정상
429,1413b0e7-1a59-4cb3-ae7b-bf0ec6ac25ee,0,정상
430,1413b0e7-1a59-4cb3-ae7b-bf0ec6ac25ee,0,정상
431,1413b0e7-1a59-4cb3-ae7b-bf0ec6ac25ee,0,정상
432,1413b0e7-1a59-4cb3-ae7b-bf0ec6ac25ee,0,정상
433,1413b0e7-1a59-4cb3-ae7b-bf0ec6ac25ee,0,정상
434,1413b0e7-1a59-4cb3-ae7b-bf0ec6ac25ee,0,정상
435,1413b0e7-1a59-4cb3-ae7b-bf0ec6ac25ee,0,정상
436,1413b0e7-1a59-4cb3-ae7b-bf0ec6ac25ee,0,정상
437,1413b0e7-1a59-4cb3-ae7b-bf0ec6ac25ee,0,정상
438,1413b0e7-1a59-4cb3-ae7b-bf0ec6ac25ee,0,정상
439,1413b0e7-1a59-4cb3-ae7b-bf0ec6ac25ee,0,정상
440,1413b0e7-1a59-4cb3-ae7b-bf0ec6ac25ee,0,정상
441,1413b0e7-1a59-4cb3-ae7b-bf0ec6ac25ee,0,정상
442,1413b0e7-1a59-4cb3-ae7b-bf0ec6ac25ee,0,정상
443,1413b0e7-1a59-4cb3-ae7b-bf0ec6ac25ee,0,정상
444,1413b0e7-1a59-4cb3-ae7b-bf0ec6ac25ee,0,정상
445,1413b0e7-1a59-4cb3-ae7b-bf0ec6ac25ee,0,정상
446,1413b0e7-1a59-4cb3-ae7b-bf0ec6ac25ee,0,정상
447,1413b0e7-1a59-4cb3-ae7b-bf0ec6ac25ee,0,정상
448,1413b0e7-1a59-4cb3-ae7b-bf0ec6ac25ee,0,정상
449,1413b0e7-1a59-4cb3-ae7b-bf0ec6ac25ee,0,정상
450,1413b0e7-1a59-4cb3-ae7b-bf0ec6ac25ee,0,정상
451,1413b0e7-1a59-4cb3-ae7b-bf0ec6ac25ee,0,정상
452,1413b0e7-1a59-4cb3-ae7b-bf0ec6ac25ee,0,정상
453,1413b0e7-1a59-4cb3-ae7b-bf0ec6ac25ee,0,정상
454,1413b0e7-1a59-4cb3-ae7b-bf0ec6ac25ee,1,R006_단기반복
455,1413b0e7-1a59-4cb3-ae7b-bf0ec6ac25ee,1,R006_단기반복
456,1413b0e7-1a59-4cb3-ae7b-bf0ec6ac25ee,1,R006_단기반복
457,1413b0e7-1a59-4cb3-ae7b-bf0ec6ac25ee,0,정상
458,1413b0e7-1a59-4cb3-ae7b-bf0ec6ac25ee,0,정상
459,1413b0e7-1a59-4cb3-ae7b-bf0ec6ac25ee,0,정상
460,1413b0e7-1a59-4cb3-ae7b-bf0ec6ac25ee,0,정상
461,1413b0e7-1a59-4cb3-ae7b-bf0ec6ac25ee,0,정상
462,1413b0e7-1a59-4cb3-ae7b-bf0ec6ac25ee,0,정상
463,1413b0e7-1a59-4cb3-ae7b-bf0ec6ac25ee,0,정상
464,1413b0e7-1a59-4cb3-ae7b-bf0ec6ac25ee,0,정상
465,1413b0e7-1a59-4cb3-ae7b-bf0ec6ac25ee,0,정상
466,1413b0e7-1a59-4cb3-ae7b-bf0ec6ac25ee,0,정상
467,1413b0e7-1a59-4cb3-ae7b-bf0ec6ac25ee,0,정상
468,1413b0e7-1a59-4cb3-ae7b-bf0ec6ac25ee,0,정상
469,1413b0e7-1a59-4cb3-ae7b-bf0ec6ac25ee,0,정상
470,1413b0e7-1a59-4cb3-ae7b-bf0ec6ac25ee,0,정상
471,1413b0e7-1a59-4cb3-ae7b-bf0ec6ac25ee,0,정상
472,1413b0e7-1a59-4cb3-ae7b-bf0ec6ac25ee,0,정상
473,1413b0e7-1a59-4cb3-ae7b-bf0ec6ac25ee,0,정상
474,1413b0e7-1a59-4cb3-ae7b-bf0ec6ac25ee,0,정상
475,1413b0e7-1a59-4cb3-ae7b-bf0ec6ac25ee,0,정상
476,1413b0e7-1a59-4cb3-ae7b-bf0ec6ac25ee,0,정상
477,1413b0e7-1a59-4cb3-ae7b-bf0ec6ac25ee,0,정상
478,1413b0e7-1a59-4cb3-ae7b-bf0ec6ac25ee,0,정상
479,1413b0e7-1a59-4cb3-ae7b-bf0ec6ac25ee,0,정상
480,1413b0e7-1a59-4cb3-ae7b-bf0ec6ac25ee,0,정상
481,1413b0e7-1a59-4cb3-ae7b-bf0ec6ac25ee,0,정상
482,1413b0e7-1a59-4cb3-ae7b-bf0ec6ac25ee,0,정상
483,1413b0e7-1a59-4cb3-ae7b-bf0ec6ac25ee,0,정상
484,1413b0e7-1a59-4cb3-ae7b-bf0ec6ac25ee,0,정상
485,1413b0e7-1a59-4cb3-ae7b-bf0ec6ac25ee,0,정상
486,1413b0e7-1a59-4cb3-ae7b-bf0ec6ac25ee,0,정상
487,1413b0e7-1a59-4cb3-ae7b-bf0ec6ac25ee,0,정상
488,1413b0e7-1a59-4cb3-ae7b-bf0ec6ac25ee,0,정상
489,1413b0e7-1a59-4cb3-ae7b-bf0ec6ac25ee,0,정상
490,1413b0e7-1a59-4cb3-ae7b-bf0ec6ac25ee,0,정상
491,1413b0e7-1a59-4cb3-ae7b-bf0ec6ac25ee,0,정상
492,1413b0e7-1a59-4cb3-ae7b-bf0ec6ac25ee,0,정상
493,1413b0e7-1a59-4cb3-ae7b-bf0ec6ac25ee,0,정상
494,1413b0e7-1a59-4cb3-ae7b-bf0ec6ac25ee,0,정상
495,1413b0e7-1a59-4cb3-ae7b-bf0ec6ac25ee,0,정상
496,1413b0e7-1a59-4cb3-ae7b-bf0ec6ac25ee,0,정상
497,1413b0e7-1a59-4cb3-ae7b-bf0ec6ac25ee,0,정상
498,1413b0e7-1a59-4cb3-ae7b-bf0ec6ac25ee,0,정상
499,1413b0e7-1a59-4cb3-ae7b-bf0ec6ac25ee,0,정상
500,1413b0e7-1a59-4cb3-ae7b-bf0ec6ac25ee,0,정상
501,1413b0e7-1a59-4cb3-ae7b-bf0ec6ac25ee,0,정상
502,1413b0e7-1a59-4cb3-ae7b-bf0ec6ac25ee,0,정상
503,1413b0e7-1a59-4cb3-ae7b-bf0ec6ac25ee,0,정상
504,1413b0e7-1a59-4cb3-ae7b-bf0ec6ac25ee,0,정상
505,1413b0e7-1a59-4cb3-ae7b-bf0ec6ac25ee,0,정상
506,1413b0e7-1a59-4cb3-ae7b-bf0ec6ac25ee,0,정상
507,1413b0e7-1a59-4cb3-ae7b-bf0ec6ac25ee,0,정상
508,1413b0e7-1a59-4cb3-ae7b-bf0ec6ac25ee,0,정상
509,1413b0e7-1a59-4cb3-ae7b-bf0ec6ac25ee,0,정상
510,1413b0e7-1a59-4cb3-ae7b-bf0ec6ac25ee,0,정상
511,1413b0e7-1a59-4cb3-ae7b-bf0ec6ac25ee,0,정상
512,1413b0e7-1a59-4cb3-ae7b-bf0ec6ac25ee,0,정상
513,1413b0e7-1a59-4cb3-ae7b-bf0ec6ac25ee,0,정상
514,1413b0e7-1a59-4cb3-ae7b-bf0ec6ac25ee,0,정상
515,1413b0e7-1a59-4cb3-ae7b-bf0ec6ac25ee,0,정상
516,1413b0e7-1a59-4cb3-ae7b-bf0ec6ac25ee,0,정상
517,1413b0e7-1a59-4cb3-ae7b-bf0ec6ac25ee,0,정상
518,1413b0e7-1a59-4cb3-ae7b-bf0ec6ac25ee,0,정상
519,1413b0e7-1a59-4cb3-ae7b-bf0ec6ac25ee,0,정상
520,1413b0e7-1a59-4cb3-ae7b-bf0ec6ac25ee,0,정상
521,1413b0e7-1a59-4cb3-ae7b-bf0ec6ac25ee,0,정상
522,1413b0e7-1a59-4cb3-ae7b-bf0ec6ac25ee,0,정상
523,1413b0e7-1a59-4cb3-ae7b-bf0ec6ac25ee,0,정상
524,1413b0e7-1a59-4cb3-ae7b-bf0ec6ac25ee,0,정상
525,1413b0e7-1a59-4cb3-ae7b-bf0ec6ac25ee,0,정상
526,1413b0e7-1a59-4cb3-ae7b-bf0ec6ac25ee,0,정상
527,1413b0e7-1a59-4cb3-ae7b-bf0ec6ac25ee,0,정상
528,1413b0e7-1a59-4cb3-ae7b-bf0ec6ac25ee,0,정상
529,1413b0e7-1a59-4cb3-ae7b-bf0ec6ac25ee,0,정상
530,1413b0e7-1a59-4cb3-ae7b-bf0ec6ac25ee,0,정상
531,1413b0e7-1a59-4cb3-ae7b-bf0ec6ac25ee,1,R005_심야대액
532,1413b0e7-1a59-4cb3-ae7b-bf0ec6ac25ee,0,정상
533,1413b0e7-1a59-4cb3-ae7b-bf0ec6ac25ee,0,정상
534,1413b0e7-1a59-4cb3-ae7b-bf0ec6ac25ee,0,정상
535,1413b0e7-1a59-4cb3-ae7b-bf0ec6ac25ee,0,정상
536,1413b0e7-1a59-4cb3-ae7b-bf0ec6ac25ee,0,정상
537,1413b0e7-1a59-4cb3-ae7b-bf0ec6ac25ee,1,R007_해외결제
538,1413b0e7-1a59-4cb3-ae7b-bf0ec6ac25ee,0,정상
539,1413b0e7-1a59-4cb3-ae7b-bf0ec6ac25ee,0,정상
540,1413b0e7-1a59-4cb3-ae7b-bf0ec6ac25ee,0,정상
541,1413b0e7-1a59-4cb3-ae7b-bf0ec6ac25ee,0,정상
542,1413b0e7-1a59-4cb3-ae7b-bf0ec6ac25ee,0,정상
543,1413b0e7-1a59-4cb3-ae7b-bf0ec6ac25ee,0,정상
544,1413b0e7-1a59-4cb3-ae7b-bf0ec6ac25ee,0,정상
545,1413b0e7-1a59-4cb3-ae7b-bf0ec6ac25ee,0,정상
546,1413b0e7-1a59-4cb3-ae7b-bf0ec6ac25ee,0,정상
547,1413b0e7-1a59-4cb3-ae7b-bf0ec6ac25ee,0,정상
548,1413b0e7-1a59-4cb3-ae7b-bf0ec6ac25ee,0,정상
549,1413b0e7-1a59-4cb3-ae7b-bf0ec6ac25ee,0,정상
550,1413b0e7-1a59-4cb3-ae7b-bf0ec6ac25ee,0,정상
551,1413b0e7-1a59-4cb3-ae7b-bf0ec6ac25ee,0,정상
552,1413b0e7-1a59-4cb3-ae7b-bf0ec6ac25ee,0,정상
553,1413b0e7-1a59-4cb3-ae7b-bf0ec6ac25ee,0,정상
554,1413b0e7-1a59-4cb3-ae7b-bf0ec6ac25ee,1,R007_해외결제
555,1413b0e7-1a59-4cb3-ae7b-bf0ec6ac25ee,0,정상
556,1413b0e7-1a59-4cb3-ae7b-bf0ec6ac25ee,0,정상
557,1413b0e7-1a59-4cb3-ae7b-bf0ec6ac25ee,0,정상
558,1413b0e7-1a59-4cb3-ae7b-bf0ec6ac25ee,0,정상
559,1413b0e7-1a59-4cb3-ae7b-bf0ec6ac25ee,1,R00y_신규기기
560,1413b0e7-1a59-4cb3-ae7b-bf0ec6ac25ee,0,정상
561,1413b0e7-1a59-4cb3-ae7b-bf0ec6ac25ee,0,정상
562,2fb2d148-4fdf-4fad-98a8-64f7a0d4b9ab,0,정상
563,2fb2d148-4fdf-4fad-98a8-64f7a0d4b9ab,0,정상
564,2fb2d148-4fdf-4fad-98a8-64f7a0d4b9ab,0,정상
565,2fb2d148-4fdf-4fad-98a8-64f7a0d4b9ab,0,정상
566,2fb2d148-4fdf-4fad-98a8-64f7a0d4b9ab,0,정상
567,2fb2d148-4fdf-4fad-98a8-64f7a0d4b9ab,0,정상
568,2fb2d148-4fdf-4fad-98a8-64f7a0d4b9ab,0,정상
569,2fb2d148-4fdf-4fad-98a8-64f7a0d4b9ab,0,정상
570,2fb2d148-4fdf-4fad-98a8-64f7a0d4b9ab,0,정상
571,2fb2d148-4fdf-4fad-98a8-64f7a0d4b9ab,0,정상
572,2fb2d148-4fdf-4fad-98a8-64f7a0d4b9ab,0,정상
573,2fb2d148-4fdf-4fad-98a8-64f7a0d4b9ab,0,정상
574,2fb2d148-4fdf-4fad-98a8-64f7a0d4b9ab,0,정상
575,2fb2d148-4fdf-4fad-98a8-64f7a0d4b9ab,0,정상
576,2fb2d148-4fdf-4fad-98a8-64f7a0d4b9ab,0,정상
577,2fb2d148-4fdf-4fad-98a8-64f7a0d4b9ab,0,정상
578,2fb2d148-4fdf-4fad-98a8-64f7a0d4b9ab,0,정상
579,2fb2d148-4fdf-4fad-98a8-64f7a0d4b9ab,0,정상
580,2fb2d148-4fdf-4fad-98a8-64f7a0d4b9ab,0,정상
581,2fb2d148-4fdf-4fad-98a8-64f7a0d4b9ab,0,정상
582,2fb2d148-4fdf-4fad-98a8-64f7a0d4b9ab,0,정상
583,2fb2d148-4fdf-4fad-98a8-64f7a0d4b9ab,0,정상
584,2fb2d148-4fdf-4fad-98a8-64f7a0d4b9ab,0,정상
585,2fb2d148-4fdf-4fad-98a8-64f7a0d4b9ab,0,정상
586,2fb2d148-4fdf-4fad-98a8-64f7a0d4b9ab,0,정상
587,2fb2d148-4fdf-4fad-98a8-64f7a0d4b9ab,0,정상
588,2fb2d148-4fdf-4fad-98a8-64f7a0d4b9ab,0,정상
589,2fb2d148-4fdf-4fad-98a8-64f7a0d4b9ab,0,정상
590,2fb2d148-4fdf-4fad-98a8-64f7a0d4b9ab,0,정상
591,2fb2d148-4fdf-4fad-98a8-64f7a0d4b9ab,0,정상
592,2fb2d148-4fdf-4fad-98a8-64f7a0d4b9ab,0,정상
593,2fb2d148-4fdf-4fad-98a8-64f7a0d4b9ab,0,정상
594,2fb2d148-4fdf-4fad-98a8-64f7a0d4b9ab,0,정상
595,2fb2d148-4fdf-4fad-98a8-64f7a0d4b9ab,0,정상
596,2fb2d148-4fdf-4fad-98a8-64f7a0d4b9ab,0,정상
597,2fb2d148-4fdf-4fad-98a8-64f7a0d4b9ab,0,정상
598,2fb2d148-4fdf-4fad-98a8-64f7a0d4b9ab,0,정상
599,2fb2d148-4fdf-4fad-98a8-64f7a0d4b9ab,0,정상
600,2fb2d148-4fdf-4fad-98a8-64f7a0d4b9ab,0,정상
601,2fb2d148-4fdf-4fad-98a8-64f7a0d4b9ab,0,정상
602,2fb2d148-4fdf-4fad-98a8-64f7a0d4b9ab,0,정상
603,2fb2d148-4fdf-4fad-98a8-64f7a0d4b9ab,0,정상
604,2fb2d148-4fdf-4fad-98a8-64f7a0d4b9ab,0,정상
605,2fb2d148-4fdf-4fad-98a8-64f7a0d4b9ab,0,정상
606,2fb2d148-4fdf-4fad-98a8-64f7a0d4b9ab,0,정상
607,2fb2d148-4fdf-4fad-98a8-64f7a0d4b9ab,0,정상
608,2fb2d148-4fdf-4fad-98a8-64f7a0d4b9ab,0,정상
609,2fb2d148-4fdf-4fad-98a8-64f7a0d4b9ab,0,정상
610,2fb2d148-4fdf-4fad-98a8-64f7a0d4b9ab,0,정상
611,2fb2d148-4fdf-4fad-98a8-64f7a0d4b9ab,0,정상
612,2fb2d148-4fdf-4fad-98a8-64f7a0d4b9ab,0,정상
613,2fb2d148-4fdf-4fad-98a8-64f7a0d4b9ab,0,정상
614,2fb2d148-4fdf-4fad-98a8-64f7a0d4b9ab,1,R006_단기반복
615,2fb2d148-4fdf-4fad-98a8-64f7a0d4b9ab,1,R006_단기반복
616,2fb2d148-4fdf-4fad-98a8-64f7a0d4b9ab,1,R006_단기반복
617,2fb2d148-4fdf-4fad-98a8-64f7a0d4b9ab,0,정상
618,2fb2d148-4fdf-4fad-98a8-64f7a0d4b9ab,0,정상
619,2fb2d148-4fdf-4fad-98a8-64f7a0d4b9ab,0,정상
620,2fb2d148-4fdf-4fad-98a8-64f7a0d4b9ab,0,정상
621,2fb2d148-4fdf-4fad-98a8-64f7a0d4b9ab,0,정상
622,2fb2d148-4fdf-4fad-98a8-64f7a0d4b9ab,1,R007_해외결제
623,2fb2d148-4fdf-4fad-98a8-64f7a0d4b9ab,0,정상
624,2fb2d148-4fdf-4fad-98a8-64f7a0d4b9ab,0,정상
625,2fb2d148-4fdf-4fad-98a8-64f7a0d4b9ab,0,정상
626,2fb2d148-4fdf-4fad-98a8-64f7a0d4b9ab,0,정상
627,2fb2d148-4fdf-4fad-98a8-64f7a0d4b9ab,0,정상
628,2fb2d148-4fdf-4fad-98a8-64f7a0d4b9ab,0,정상
629,2fb2d148-4fdf-4fad-98a8-64f7a0d4b9ab,0,정상
630,2fb2d148-4fdf-4fad-98a8-64f7a0d4b9ab,0,정상
631,2fb2d148-4fdf-4fad-98a8-64f7a0d4b9ab,0,정상
632,2fb2d148-4fdf-4fad-98a8-64f7a0d4b9ab,0,정상
633,2fb2d148-4fdf-4fad-98a8-64f7a0d4b9ab,0,정상
634,2fb2d148-4fdf-4fad-98a8-64f7a0d4b9ab,0,정상
635,2fb2d148-4fdf-4fad-98a8-64f7a0d4b9ab,0,정상
636,2fb2d148-4fdf-4fad-98a8-64f7a0d4b9ab,0,정상
637,2fb2d148-4fdf-4fad-98a8-64f7a0d4b9ab,0,정상
638,2fb2d148-4fdf-4fad-98a8-64f7a0d4b9ab,0,정상
639,2fb2d148-4fdf-4fad-98a8-64f7a0d4b9ab,0,정상
640,2fb2d148-4fdf-4fad-98a8-64f7a0d4b9ab,0,정상
641,2fb2d148-4fdf-4fad-98a8-64f7a0d4b9ab,0,정상
642,2fb2d148-4fdf-4fad-98a8-64f7a0d4b9ab,0,정상
643,2fb2d148-4fdf-4fad-98a8-64f7a0d4b9ab,0,정상
644,2fb2d148-4fdf-4fad-98a8-64f7a0d4b9ab,0,정상
645,2fb2d148-4fdf-4fad-98a8-64f7a0d4b9ab,0,정상
646,2fb2d148-4fdf-4fad-98a8-64f7a0d4b9ab,0,정상
647,2fb2d148-4fdf-4fad-98a8-64f7a0d4b9ab,0,정상
648,2fb2d148-4fdf-4fad-98a8-64f7a0d4b9ab,0,정상
649,2fb2d148-4fdf-4fad-98a8-64f7a0d4b9ab,0,정상
650,2fb2d148-4fdf-4fad-98a8-64f7a0d4b9ab,0,정상
651,2fb2d148-4fdf-4fad-98a8-64f7a0d4b9ab,0,정상
652,2fb2d148-4fdf-4fad-98a8-64f7a0d4b9ab,0,정상
653,2fb2d148-4fdf-4fad-98a8-64f7a0d4b9ab,0,정상
654,2fb2d148-4fdf-4fad-98a8-64f7a0d4b9ab,0,정상
655,2fb2d148-4fdf-4fad-98a8-64f7a0d4b9ab,0,정상
656,2fb2d148-4fdf-4fad-98a8-64f7a0d4b9ab,0,정상
657,2fb2d148-4fdf-4fad-98a8-64f7a0d4b9ab,0,정상
658,2fb2d148-4fdf-4fad-98a8-64f7a0d4b9ab,0,정상
659,2fb2d148-4fdf-4fad-98a8-64f7a0d4b9ab,0,정상
660,2fb2d148-4fdf-4fad-98a8-64f7a0d4b9ab,0,정상
661,2fb2d148-4fdf-4fad-98a8-64f7a0d4b9ab,0,정상
662,2fb2d148-4fdf-4fad-98a8-64f7a0d4b9ab,0,정상
663,2fb2d148-4fdf-4fad-98a8-64f7a0d4b9ab,0,정상
664,2fb2d148-4fdf-4fad-98a8-64f7a0d4b9ab,0,정상
665,2fb2d148-4fdf-4fad-98a8-64f7a0d4b9ab,0,정상
666,2fb2d148-4fdf-4fad-98a8-64f7a0d4b9ab,0,정상
667,2fb2d148-4fdf-4fad-98a8-64f7a0d4b9ab,0,정상
668,2fb2d148-4fdf-4fad-98a8-64f7a0d4b9ab,0,정상
669,2fb2d148-4fdf-4fad-98a8-64f7a0d4b9ab,0,정상
670,2fb2d148-4fdf-4fad-98a8-64f7a0d4b9ab,0,정상
671,2fb2d148-4fdf-4fad-98a8-64f7a0d4b9ab,0,정상
672,2fb2d148-4fdf-4fad-98a8-64f7a0d4b9ab,0,정상
673,2fb2d148-4fdf-4fad-98a8-64f7a0d4b9ab,0,정상
674,2fb2d148-4fdf-4fad-98a8-64f7a0d4b9ab,0,정상
675,2fb2d148-4fdf-4fad-98a8-64f7a0d4b9ab,0,정상
676,2fb2d148-4fdf-4fad-98a8-64f7a0d4b9ab,0,정상
677,2fb2d148-4fdf-4fad-98a8-64f7a0d4b9ab,0,정상
678,2fb2d148-4fdf-4fad-98a8-64f7a0d4b9ab,0,정상
679,2fb2d148-4fdf-4fad-98a8-64f7a0d4b9ab,0,정상
680,2fb2d148-4fdf-4fad-98a8-64f7a0d4b9ab,0,정상
681,2fb2d148-4fdf-4fad-98a8-64f7a0d4b9ab,0,정상
682,2fb2d148-4fdf-4fad-98a8-64f7a0d4b9ab,0,정상
683,2fb2d148-4fdf-4fad-98a8-64f7a0d4b9ab,0,정상
684,2fb2d148-4fdf-4fad-98a8-64f7a0d4b9ab,0,정상
685,2fb2d148-4fdf-4fad-98a8-64f7a0d4b9ab,0,정상
686,2fb2d148-4fdf-4fad-98a8-64f7a0d4b9ab,0,정상
687,2fb2d148-4fdf-4fad-98a8-64f7a0d4b9ab,0,정상
688,2fb2d148-4fdf-4fad-98a8-64f7a0d4b9ab,0,정상
689,2fb2d148-4fdf-4fad-98a8-64f7a0d4b9ab,0,정상
690,2fb2d148-4fdf-4fad-98a8-64f7a0d4b9ab,0,정상
691,2fb2d148-4fdf-4fad-98a8-64f7a0d4b9ab,0,정상
692,2fb2d148-4fdf-4fad-98a8-64f7a0d4b9ab,0,정상
693,2fb2d148-4fdf-4fad-98a8-64f7a0d4b9ab,0,정상
694,2fb2d148-4fdf-4fad-98a8-64f7a0d4b9ab,0,정상
695,2fb2d148-4fdf-4fad-98a8-64f7a0d4b9ab,0,정상
696,2fb2d148-4fdf-4fad-98a8-64f7a0d4b9ab,0,정상
697,2fb2d148-4fdf-4fad-98a8-64f7a0d4b9ab,0,정상
698,2fb2d148-4fdf-4fad-98a8-64f7a0d4b9ab,0,정상
699,2fb2d148-4fdf-4fad-98a8-64f7a0d4b9ab,0,정상
700,2fb2d148-4fdf-4fad-98a8-64f7a0d4b9ab,0,정상
701,2fb2d148-4fdf-4fad-98a8-64f7a0d4b9ab,0,정상
702,2fb2d148-4fdf-4fad-98a8-64f7a0d4b9ab,0,정상
703,2fb2d148-4fdf-4fad-98a8-64f7a0d4b9ab,0,정상
704,2fb2d148-4fdf-4fad-98a8-64f7a0d4b9ab,0,정상
705,2fb2d148-4fdf-4fad-98a8-64f7a0d4b9ab,0,정상
706,2fb2d148-4fdf-4fad-98a8-64f7a0d4b9ab,0,정상
707,2fb2d148-4fdf-4fad-98a8-64f7a0d4b9ab,0,정상
708,2fb2d148-4fdf-4fad-98a8-64f7a0d4b9ab,0,정상
709,2fb2d148-4fdf-4fad-98a8-64f7a0d4b9ab,0,정상
710,2fb2d148-4fdf-4fad-98a8-64f7a0d4b9ab,0,정상
711,2fb2d148-4fdf-4fad-98a8-64f7a0d4b9ab,0,정상
712,2fb2d148-4fdf-4fad-98a8-64f7a0d4b9ab,0,정상
713,2fb2d148-4fdf-4fad-98a8-64f7a0d4b9ab,0,정상
714,2fb2d148-4fdf-4fad-98a8-64f7a0d4b9ab,0,정상
715,2fb2d148-4fdf-4fad-98a8-64f7a0d4b9ab,0,정상
716,2fb2d148-4fdf-4fad-98a8-64f7a0d4b9ab,0,정상
717,2fb2d148-4fdf-4fad-98a8-64f7a0d4b9ab,0,정상
718,2fb2d148-4fdf-4fad-98a8-64f7a0d4b9ab,0,정상
719,2fb2d148-4fdf-4fad-98a8-64f7a0d4b9ab,0,정상
720,2fb2d148-4fdf-4fad-98a8-64f7a0d4b9ab,0,정상
721,3625e102-c65f-4cc7-a761-622b3c3c1e68,0,정상
722,3625e102-c65f-4cc7-a761-622b3c3c1e68,0,정상
723,3625e102-c65f-4cc7-a761-622b3c3c1e68,0,정상
724,3625e102-c65f-4cc7-a761-622b3c3c1e68,0,정상
725,3625e102-c65f-4cc7-a761-622b3c3c1e68,0,정상
726,3625e102-c65f-4cc7-a761-622b3c3c1e68,0,정상
727,3625e102-c65f-4cc7-a761-622b3c3c1e68,0,정상
728,3625e102-c65f-4cc7-a761-622b3c3c1e68,0,정상
729,3625e102-c65f-4cc7-a761-622b3c3c1e68,0,정상
730,3625e102-c65f-4cc7-a761-622b3c3c1e68,0,정상
731,3625e102-c65f-4cc7-a761-622b3c3c1e68,0,정상
732,3625e102-c65f-4cc7-a761-622b3c3c1e68,0,정상
733,3625e102-c65f-4cc7-a761-622b3c3c1e68,0,정상
734,3625e102-c65f-4cc7-a761-622b3c3c1e68,1,R00x_위치급변
735,3625e102-c65f-4cc7-a761-622b3c3c1e68,0,정상
736,3625e102-c65f-4cc7-a761-622b3c3c1e68,0,정상
737,3625e102-c65f-4cc7-a761-622b3c3c1e68,0,정상
738,3625e102-c65f-4cc7-a761-622b3c3c1e68,0,정상
739,3625e102-c65f-4cc7-a761-622b3c3c1e68,0,정상
740,3625e102-c65f-4cc7-a761-622b3c3c1e68,0,정상
741,3625e102-c65f-4cc7-a761-622b3c3c1e68,0,정상
742,3625e102-c65f-4cc7-a761-622b3c3c1e68,0,정상
743,3625e102-c65f-4cc7-a761-622b3c3c1e68,0,정상
744,3625e102-c65f-4cc7-a761-622b3c3c1e68,0,정상
745,3625e102-c65f-4cc7-a761-622b3c3c1e68,0,정상
746,3625e102-c65f-4cc7-a761-622b3c3c1e68,0,정상
747,3625e102-c65f-4cc7-a761-622b3c3c1e68,0,정상
748,3625e102-c65f-4cc7-a761-622b3c3c1e68,0,정상
749,3625e102-c65f-4cc7-a761-622b3c3c1e68,0,정상
750,3625e102-c65f-4cc7-a761-622b3c3c1e68,0,정상
751,3625e102-c65f-4cc7-a761-622b3c3c1e68,0,정상
752,3625e102-c65f-4cc7-a761-622b3c3c1e68,0,정상
753,3625e102-c65f-4cc7-a761-622b3c3c1e68,0,정상
754,3625e102-c65f-4cc7-a761-622b3c3c1e68,0,정상
755,3625e102-c65f-4cc7-a761-622b3c3c1e68,0,정상
756,3625e102-c65f-4cc7-a761-622b3c3c1e68,0,정상
757,3625e102-c65f-4cc7-a761-622b3c3c1e68,1,R007_해외결제
758,3625e102-c65f-4cc7-a761-622b3c3c1e68,0,정상
759,3625e102-c65f-4cc7-a761-622b3c3c1e68,0,정상
760,3625e102-c65f-4cc7-a761-622b3c3c1e68,0,정상
761,3625e102-c65f-4cc7-a761-622b3c3c1e68,0,정상
762,3625e102-c65f-4cc7-a761-622b3c3c1e68,0,정상
763,3625e102-c65f-4cc7-a761-622b3c3c1e68,0,정상
764,3625e102-c65f-4cc7-a761-622b3c3c1e68,0,정상
765,3625e102-c65f-4cc7-a761-622b3c3c1e68,0,정상
766,3625e102-c65f-4cc7-a761-622b3c3c1e68,0,정상
767,3625e102-c65f-4cc7-a761-622b3c3c1e68,0,정상
768,3625e102-c65f-4cc7-a761-622b3c3c1e68,0,정상
769,3625e102-c65f-4cc7-a761-622b3c3c1e68,0,정상
770,3625e102-c65f-4cc7-a761-622b3c3c1e68,0,정상
771,3625e102-c65f-4cc7-a761-622b3c3c1e68,0,정상
772,3625e102-c65f-4cc7-a761-622b3c3c1e68,0,정상
773,3625e102-c65f-4cc7-a761-622b3c3c1e68,0,정상
774,3625e102-c65f-4cc7-a761-622b3c3c1e68,0,정상
775,3625e102-c65f-4cc7-a761-622b3c3c1e68,0,정상
776,3625e102-c65f-4cc7-a761-622b3c3c1e68,0,정상
777,3625e102-c65f-4cc7-a761-622b3c3c1e68,0,정상
778,3625e102-c65f-4cc7-a761-622b3c3c1e68,0,정상
779,3625e102-c65f-4cc7-a761-622b3c3c1e68,0,정상
780,3625e102-c65f-4cc7-a761-622b3c3c1e68,0,정상
781,3625e102-c65f-4cc7-a761-622b3c3c1e68,0,정상
782,3625e102-c65f-4cc7-a761-622b3c3c1e68,0,정상
783,3625e102-c65f-4cc7-a761-622b3c3c1e68,0,정상
784,3625e102-c65f-4cc7-a761-622b3c3c1e68,0,정상
785,3625e102-c65f-4cc7-a761-622b3c3c1e68,0,정상
786,3625e102-c65f-4cc7-a761-622b3c3c1e68,0,정상
787,3625e102-c65f-4cc7-a761-622b3c3c1e68,0,정상
788,3625e102-c65f-4cc7-a761-622b3c3c1e68,0,정상
789,3625e102-c65f-4cc7-a761-622b3c3c1e68,0,정상
790,3625e102-c65f-4cc7-a761-622b3c3c1e68,0,정상
791,3625e102-c65f-4cc7-a761-622b3c3c1e68,0,정상
792,3625e102-c65f-4cc7-a761-622b3c3c1e68,0,정상
793,3625e102-c65f-4cc7-a761-622b3c3c1e68,0,정상
794,3625e102-c65f-4cc7-a761-622b3c3c1e68,0,정상
795,3625e102-c65f-4cc7-a761-622b3c3c1e68,0,정상
796,3625e102-c65f-4cc7-a761-622b3c3c1e68,0,정상
797,3625e102-c65f-4cc7-a761-622b3c3c1e68,0,정상
798,3625e102-c65f-4cc7-a761-622b3c3c1e68,0,정상
799,3625e102-c65f-4cc7-a761-622b3c3c1e68,0,정상
800,3625e102-c65f-4cc7-a761-622b3c3c1e68,0,정상
801,3625e102-c65f-4cc7-a761-622b3c3c1e68,0,정상
802,3625e102-c65f-4cc7-a761-622b3c3c1e68,0,정상
803,3625e102-c65f-4cc7-a761-622b3c3c1e68,0,정상
804,3625e102-c65f-4cc7-a761-622b3c3c1e68,0,정상
805,3625e102-c65f-4cc7-a761-622b3c3c1e68,0,정상
806,3625e102-c65f-4cc7-a761-622b3c3c1e68,0,정상
807,3625e102-c65f-4cc7-a761-622b3c3c1e68,0,정상
808,3625e102-c65f-4cc7-a761-622b3c3c1e68,0,정상
809,3625e102-c65f-4cc7-a761-622b3c3c1e68,0,정상
810,3625e102-c65f-4cc7-a761-622b3c3c1e68,0,정상
811,3625e102-c65f-4cc7-a761-622b3c3c1e68,0,정상
812,3625e102-c65f-4cc7-a761-622b3c3c1e68,0,정상
813,3625e102-c65f-4cc7-a761-622b3c3c1e68,0,정상
814,3625e102-c65f-4cc7-a761-622b3c3c1e68,0,정상
815,3625e102-c65f-4cc7-a761-622b3c3c1e68,0,정상
816,3625e102-c65f-4cc7-a761-622b3c3c1e68,0,정상
817,3625e102-c65f-4cc7-a761-622b3c3c1e68,0,정상
818,3625e102-c65f-4cc7-a761-622b3c3c1e68,0,정상
819,3625e102-c65f-4cc7-a761-622b3c3c1e68,0,정상
820,3625e102-c65f-4cc7-a761-622b3c3c1e68,0,정상
821,3625e102-c65f-4cc7-a761-622b3c3c1e68,0,정상
822,3625e102-c65f-4cc7-a761-622b3c3c1e68,0,정상
823,3625e102-c65f-4cc7-a761-622b3c3c1e68,0,정상
824,3625e102-c65f-4cc7-a761-622b3c3c1e68,0,정상
825,3625e102-c65f-4cc7-a761-622b3c3c1e68,1,R005_심야대액
826,3625e102-c65f-4cc7-a761-622b3c3c1e68,0,정상
827,3625e102-c65f-4cc7-a761-622b3c3c1e68,0,정상
828,3625e102-c65f-4cc7-a761-622b3c3c1e68,0,정상
829,3625e102-c65f-4cc7-a761-622b3c3c1e68,0,정상
830,3625e102-c65f-4cc7-a761-622b3c3c1e68,0,정상
831,3625e102-c65f-4cc7-a761-622b3c3c1e68,0,정상
832,3625e102-c65f-4cc7-a761-622b3c3c1e68,0,정상
833,3625e102-c65f-4cc7-a761-622b3c3c1e68,0,정상
834,3625e102-c65f-4cc7-a761-622b3c3c1e68,0,정상
835,3625e102-c65f-4cc7-a761-622b3c3c1e68,0,정상
836,3625e102-c65f-4cc7-a761-622b3c3c1e68,0,정상
837,3625e102-c65f-4cc7-a761-622b3c3c1e68,0,정상
838,3625e102-c65f-4cc7-a761-622b3c3c1e68,0,정상
839,3625e102-c65f-4cc7-a761-622b3c3c1e68,0,정상
840,3625e102-c65f-4cc7-a761-622b3c3c1e68,0,정상
841,3625e102-c65f-4cc7-a761-622b3c3c1e68,0,정상
842,3625e102-c65f-4cc7-a761-622b3c3c1e68,0,정상
843,3625e102-c65f-4cc7-a761-622b3c3c1e68,0,정상
844,3625e102-c65f-4cc7-a761-622b3c3c1e68,0,정상
845,3625e102-c65f-4cc7-a761-622b3c3c1e68,0,정상
846,3625e102-c65f-4cc7-a761-622b3c3c1e68,0,정상
847,3625e102-c65f-4cc7-a761-622b3c3c1e68,0,정상
848,3625e102-c65f-4cc7-a761-622b3c3c1e68,0,정상
849,3625e102-c65f-4cc7-a761-622b3c3c1e68,1,R007_해외결제
850,3625e102-c65f-4cc7-a761-622b3c3c1e68,0,정상
851,3625e102-c65f-4cc7-a761-622b3c3c1e68,0,정상
852,3625e102-c65f-4cc7-a761-622b3c3c1e68,0,정상
853,3625e102-c65f-4cc7-a761-622b3c3c1e68,1,R005_심야대액
854,3625e102-c65f-4cc7-a761-622b3c3c1e68,0,정상
855,3625e102-c65f-4cc7-a761-622b3c3c1e68,0,정상
856,3625e102-c65f-4cc7-a761-622b3c3c1e68,0,정상
857,3625e102-c65f-4cc7-a761-622b3c3c1e68,0,정상
858,3625e102-c65f-4cc7-a761-622b3c3c1e68,0,정상
859,3625e102-c65f-4cc7-a761-622b3c3c1e68,1,R00y_신규기기
860,3625e102-c65f-4cc7-a761-622b3c3c1e68,0,정상
861,3625e102-c65f-4cc7-a761-622b3c3c1e68,0,정상
862,407ee6bd-810d-46f3-b54c-266f64526290,0,정상
863,407ee6bd-810d-46f3-b54c-266f64526290,0,정상
864,407ee6bd-810d-46f3-b54c-266f64526290,0,정상
865,407ee6bd-810d-46f3-b54c-266f64526290,0,정상
866,407ee6bd-810d-46f3-b54c-266f64526290,0,정상
867,407ee6bd-810d-46f3-b54c-266f64526290,0,정상
868,407ee6bd-810d-46f3-b54c-266f64526290,0,정상
869,407ee6bd-810d-46f3-b54c-266f64526290,0,정상
870,407ee6bd-810d-46f3-b54c-266f64526290,0,정상
871,407ee6bd-810d-46f3-b54c-266f64526290,0,정상
872,407ee6bd-810d-46f3-b54c-266f64526290,0,정상
873,407ee6bd-810d-46f3-b54c-266f64526290,1,R005_심야대액
874,407ee6bd-810d-46f3-b54c-266f64526290,0,정상
875,407ee6bd-810d-46f3-b54c-266f64526290,0,정상
876,407ee6bd-810d-46f3-b54c-266f64526290,0,정상
877,407ee6bd-810d-46f3-b54c-266f64526290,0,정상
878,407ee6bd-810d-46f3-b54c-266f64526290,0,정상
879,407ee6bd-810d-46f3-b54c-266f64526290,0,정상
880,407ee6bd-810d-46f3-b54c-266f64526290,0,정상
881,407ee6bd-810d-46f3-b54c-266f64526290,1,R007_해외결제
882,407ee6bd-810d-46f3-b54c-266f64526290,0,정상
883,407ee6bd-810d-46f3-b54c-266f64526290,0,정상
884,407ee6bd-810d-46f3-b54c-266f64526290,0,정상
885,407ee6bd-810d-46f3-b54c-266f64526290,1,R001_단일한도초과
886,407ee6bd-810d-46f3-b54c-266f64526290,0,정상
887,407ee6bd-810d-46f3-b54c-266f64526290,0,정상
888,407ee6bd-810d-46f3-b54c-266f64526290,1,R005_심야대액
889,407ee6bd-810d-46f3-b54c-266f64526290,0,정상
890,407ee6bd-810d-46f3-b54c-266f64526290,0,정상
891,407ee6bd-810d-46f3-b54c-266f64526290,0,정상
892,407ee6bd-810d-46f3-b54c-266f64526290,0,정상
893,407ee6bd-810d-46f3-b54c-266f64526290,0,정상
894,407ee6bd-810d-46f3-b54c-266f64526290,0,정상
895,407ee6bd-810d-46f3-b54c-266f64526290,0,정상
896,407ee6bd-810d-46f3-b54c-266f64526290,0,정상
897,407ee6bd-810d-46f3-b54c-266f64526290,0,정상
898,407ee6bd-810d-46f3-b54c-266f64526290,0,정상
899,407ee6bd-810d-46f3-b54c-266f64526290,0,정상
900,407ee6bd-810d-46f3-b54c-266f64526290,0,정상
901,407ee6bd-810d-46f3-b54c-266f64526290,0,정상
902,407ee6bd-810d-46f3-b54c-266f64526290,0,정상
903,407ee6bd-810d-46f3-b54c-266f64526290,0,정상
904,407ee6bd-810d-46f3-b54c-266f64526290,0,정상
905,407ee6bd-810d-46f3-b54c-266f64526290,0,정상
906,407ee6bd-810d-46f3-b54c-266f64526290,0,정상
907,407ee6bd-810d-46f3-b54c-266f64526290,0,정상
908,407ee6bd-810d-46f3-b54c-266f64526290,0,정상
909,407ee6bd-810d-46f3-b54c-266f64526290,0,정상
910,407ee6bd-810d-46f3-b54c-266f64526290,0,정상
911,407ee6bd-810d-46f3-b54c-266f64526290,0,정상
912,407ee6bd-810d-46f3-b54c-266f64526290,0,정상
913,407ee6bd-810d-46f3-b54c-266f64526290,0,정상
914,407ee6bd-810d-46f3-b54c-266f64526290,0,정상
915,407ee6bd-810d-46f3-b54c-266f64526290,0,정상
916,407ee6bd-810d-46f3-b54c-266f64526290,0,정상
917,407ee6bd-810d-46f3-b54c-266f64526290,0,정상
918,407ee6bd-810d-46f3-b54c-266f64526290,0,정상
919,407ee6bd-810d-46f3-b54c-266f64526290,0,정상
920,407ee6bd-810d-46f3-b54c-266f64526290,0,정상
921,407ee6bd-810d-46f3-b54c-266f64526290,0,정상
922,407ee6bd-810d-46f3-b54c-266f64526290,0,정상
923,407ee6bd-810d-46f3-b54c-266f64526290,0,정상
924,407ee6bd-810d-46f3-b54c-266f64526290,0,정상
925,407ee6bd-810d-46f3-b54c-266f64526290,0,정상
926,407ee6bd-810d-46f3-b54c-266f64526290,0,정상
927,407ee6bd-810d-46f3-b54c-266f64526290,0,정상
928,407ee6bd-810d-46f3-b54c-266f64526290,0,정상
929,407ee6bd-810d-46f3-b54c-266f64526290,0,정상
930,407ee6bd-810d-46f3-b54c-266f64526290,0,정상
931,407ee6bd-810d-46f3-b54c-266f64526290,0,정상
932,407ee6bd-810d-46f3-b54c-266f64526290,0,정상
933,407ee6bd-810d-46f3-b54c-266f64526290,0,정상
934,407ee6bd-810d-46f3-b54c-266f64526290,0,정상
935,407ee6bd-810d-46f3-b54c-266f64526290,0,정상
936,407ee6bd-810d-46f3-b54c-266f64526290,0,정상
937,407ee6bd-810d-46f3-b54c-266f64526290,0,정상
938,407ee6bd-810d-46f3-b54c-266f64526290,0,정상
939,407ee6bd-810d-46f3-b54c-266f64526290,0,정상
940,407ee6bd-810d-46f3-b54c-266f64526290,0,정상
941,407ee6bd-810d-46f3-b54c-266f64526290,0,정상
942,407ee6bd-810d-46f3-b54c-266f64526290,0,정상
943,407ee6bd-810d-46f3-b54c-266f64526290,0,정상
944,407ee6bd-810d-46f3-b54c-266f64526290,0,정상
945,407ee6bd-810d-46f3-b54c-266f64526290,0,정상
946,407ee6bd-810d-46f3-b54c-266f64526290,0,정상
947,407ee6bd-810d-46f3-b54c-266f64526290,0,정상
948,407ee6bd-810d-46f3-b54c-266f64526290,0,정상
949,407ee6bd-810d-46f3-b54c-266f64526290,0,정상
950,407ee6bd-810d-46f3-b54c-266f64526290,0,정상
951,407ee6bd-810d-46f3-b54c-266f64526290,0,정상
952,407ee6bd-810d-46f3-b54c-266f64526290,0,정상
953,407ee6bd-810d-46f3-b54c-266f64526290,0,정상
954,407ee6bd-810d-46f3-b54c-266f64526290,0,정상
955,407ee6bd-810d-46f3-b54c-266f64526290,0,정상
956,407ee6bd-810d-46f3-b54c-266f64526290,0,정상
957,407ee6bd-810d-46f3-b54c-266f64526290,0,정상
958,407ee6bd-810d-46f3-b54c-266f64526290,0,정상
959,407ee6bd-810d-46f3-b54c-266f64526290,0,정상
960,407ee6bd-810d-46f3-b54c-266f64526290,0,정상
961,407ee6bd-810d-46f3-b54c-266f64526290,0,정상
962,407ee6bd-810d-46f3-b54c-266f64526290,0,정상
963,407ee6bd-810d-46f3-b54c-266f64526290,0,정상
964,407ee6bd-810d-46f3-b54c-266f64526290,0,정상
965,407ee6bd-810d-46f3-b54c-266f64526290,0,정상
966,407ee6bd-810d-46f3-b54c-266f64526290,0,정상
967,407ee6bd-810d-46f3-b54c-266f64526290,0,정상
968,407ee6bd-810d-46f3-b54c-266f64526290,0,정상
969,407ee6bd-810d-46f3-b54c-266f64526290,0,정상
970,407ee6bd-810d-46f3-b54c-266f64526290,0,정상
971,407ee6bd-810d-46f3-b54c-266f64526290,0,정상
972,407ee6bd-810d-46f3-b54c-266f64526290,0,정상
973,407ee6bd-810d-46f3-b54c-266f64526290,0,정상
974,407ee6bd-810d-46f3-b54c-266f64526290,0,정상
975,407ee6bd-810d-46f3-b54c-266f64526290,0,정상
976,407ee6bd-810d-46f3-b54c-266f64526290,0,정상
977,407ee6bd-810d-46f3-b54c-266f64526290,0,정상
978,407ee6bd-810d-46f3-b54c-266f64526290,0,정상
979,407ee6bd-810d-46f3-b54c-266f64526290,1,R006_단기반복
980,407ee6bd-810d-46f3-b54c-266f64526290,1,R006_단기반복
981,407ee6bd-810d-46f3-b54c-266f64526290,1,R006_단기반복
982,407ee6bd-810d-46f3-b54c-266f64526290,0,정상
983,407ee6bd-810d-46f3-b54c-266f64526290,0,정상
984,407ee6bd-810d-46f3-b54c-266f64526290,0,정상
985,407ee6bd-810d-46f3-b54c-266f64526290,1,R00x_위치급변
986,407ee6bd-810d-46f3-b54c-266f64526290,0,정상
987,407ee6bd-810d-46f3-b54c-266f64526290,0,정상
988,407ee6bd-810d-46f3-b54c-266f64526290,0,정상
989,407ee6bd-810d-46f3-b54c-266f64526290,0,정상
990,407ee6bd-810d-46f3-b54c-266f64526290,0,정상
991,407ee6bd-810d-46f3-b54c-266f64526290,0,정상
992,407ee6bd-810d-46f3-b54c-266f64526290,0,정상
993,407ee6bd-810d-46f3-b54c-266f64526290,0,정상
994,42412794-2164-415d-9f8e-49325b148cb9,0,정상
995,42412794-2164-415d-9f8e-49325b148cb9,0,정상
996,42412794-2164-415d-9f8e-49325b148cb9,0,정상
997,42412794-2164-415d-9f8e-49325b148cb9,0,정상
998,42412794-2164-415d-9f8e-49325b148cb9,0,정상
999,42412794-2164-415d-9f8e-49325b148cb9,0,정상
1000,42412794-2164-415d-9f8e-49325b148cb9,0,정상
1001,42412794-2164-415d-9f8e-49325b148cb9,0,정상
1002,42412794-2164-415d-9f8e-49325b148cb9,0,정상
1003,42412794-2164-415d-9f8e-49325b148cb9,0,정상
1004,42412794-2164-415d-9f8e-49325b148cb9,0,정상
1005,42412794-2164-415d-9f8e-49325b148cb9,0,정상
1006,42412794-2164-415d-9f8e-49325b148cb9,0,정상
1007,42412794-2164-415d-9f8e-49325b148cb9,0,정상
1008,42412794-2164-415d-9f8e-49325b148cb9,0,정상
1009,42412794-2164-415d-9f8e-49325b148cb9,0,정상
1010,42412794-2164-415d-9f8e-49325b148cb9,0,정상
1011,42412794-2164-415d-9f8e-49325b148cb9,0,정상
1012,42412794-2164-415d-9f8e-49325b148cb9,1,R007_해외결제
1013,42412794-2164-415d-9f8e-49325b148cb9,0,정상
1014,42412794-2164-415d-9f8e-49325b148cb9,0,정상
1015,42412794-2164-415d-9f8e-49325b148cb9,0,정상
1016,42412794-2164-415d-9f8e-49325b148cb9,0,정상
1017,42412794-2164-415d-9f8e-49325b148cb9,0,정상
1018,42412794-2164-415d-9f8e-49325b148cb9,0,정상
1019,42412794-2164-415d-9f8e-49325b148cb9,0,정상
1020,42412794-2164-415d-9f8e-49325b148cb9,0,정상
1021,42412794-2164-415d-9f8e-49325b148cb9,0,정상
1022,42412794-2164-415d-9f8e-49325b148cb9,0,정상
1023,42412794-2164-415d-9f8e-49325b148cb9,0,정상
1024,42412794-2164-415d-9f8e-49325b148cb9,0,정상
1025,42412794-2164-415d-9f8e-49325b148cb9,0,정상
1026,42412794-2164-415d-9f8e-49325b148cb9,0,정상
1027,42412794-2164-415d-9f8e-49325b148cb9,0,정상
1028,42412794-2164-415d-9f8e-49325b148cb9,0,정상
1029,42412794-2164-415d-9f8e-49325b148cb9,0,정상
1030,42412794-2164-415d-9f8e-49325b148cb9,0,정상
1031,42412794-2164-415d-9f8e-49325b148cb9,0,정상
1032,42412794-2164-415d-9f8e-49325b148cb9,0,정상
1033,42412794-2164-415d-9f8e-49325b148cb9,0,정상
1034,42412794-2164-415d-9f8e-49325b148cb9,0,정상
1035,42412794-2164-415d-9f8e-49325b148cb9,0,정상
1036,42412794-2164-415d-9f8e-49325b148cb9,0,정상
1037,42412794-2164-415d-9f8e-49325b148cb9,0,정상
1038,42412794-2164-415d-9f8e-49325b148cb9,0,정상
1039,42412794-2164-415d-9f8e-49325b148cb9,0,정상
1040,42412794-2164-415d-9f8e-49325b148cb9,0,정상
1041,42412794-2164-415d-9f8e-49325b148cb9,0,정상
1042,42412794-2164-415d-9f8e-49325b148cb9,0,정상
1043,42412794-2164-415d-9f8e-49325b148cb9,0,정상
1044,42412794-2164-415d-9f8e-49325b148cb9,0,정상
1045,42412794-2164-415d-9f8e-49325b148cb9,0,정상
1046,42412794-2164-415d-9f8e-49325b148cb9,0,정상
1047,42412794-2164-415d-9f8e-49325b148cb9,0,정상
1048,42412794-2164-415d-9f8e-49325b148cb9,0,정상
1049,42412794-2164-415d-9f8e-49325b148cb9,0,정상
1050,42412794-2164-415d-9f8e-49325b148cb9,0,정상
1051,42412794-2164-415d-9f8e-49325b148cb9,0,정상
1052,42412794-2164-415d-9f8e-49325b148cb9,0,정상
1053,42412794-2164-415d-9f8e-49325b148cb9,0,정상
1054,42412794-2164-415d-9f8e-49325b148cb9,0,정상
1055,42412794-2164-415d-9f8e-49325b148cb9,0,정상
1056,42412794-2164-415d-9f8e-49325b148cb9,0,정상
1057,42412794-2164-415d-9f8e-49325b148cb9,0,정상
1058,42412794-2164-415d-9f8e-49325b148cb9,0,정상
1059,42412794-2164-415d-9f8e-49325b148cb9,0,정상
1060,42412794-2164-415d-9f8e-49325b148cb9,0,정상
1061,42412794-2164-415d-9f8e-49325b148cb9,0,정상
1062,42412794-2164-415d-9f8e-49325b148cb9,0,정상
1063,42412794-2164-415d-9f8e-49325b148cb9,0,정상
1064,42412794-2164-415d-9f8e-49325b148cb9,0,정상
1065,42412794-2164-415d-9f8e-49325b148cb9,0,정상
1066,42412794-2164-415d-9f8e-49325b148cb9,0,정상
1067,42412794-2164-415d-9f8e-49325b148cb9,0,정상
1068,42412794-2164-415d-9f8e-49325b148cb9,0,정상
1069,42412794-2164-415d-9f8e-49325b148cb9,0,정상
1070,42412794-2164-415d-9f8e-49325b148cb9,0,정상
1071,42412794-2164-415d-9f8e-49325b148cb9,0,정상
1072,42412794-2164-415d-9f8e-49325b148cb9,0,정상
1073,42412794-2164-415d-9f8e-49325b148cb9,0,정상
1074,42412794-2164-415d-9f8e-49325b148cb9,0,정상
1075,42412794-2164-415d-9f8e-49325b148cb9,0,정상
1076,42412794-2164-415d-9f8e-49325b148cb9,1,R005_심야대액
1077,42412794-2164-415d-9f8e-49325b148cb9,0,정상
1078,42412794-2164-415d-9f8e-49325b148cb9,0,정상
1079,42412794-2164-415d-9f8e-49325b148cb9,0,정상
1080,42412794-2164-415d-9f8e-49325b148cb9,0,정상
1081,42412794-2164-415d-9f8e-49325b148cb9,0,정상
1082,42412794-2164-415d-9f8e-49325b148cb9,0,정상
1083,42412794-2164-415d-9f8e-49325b148cb9,0,정상
1084,42412794-2164-415d-9f8e-49325b148cb9,0,정상
1085,42412794-2164-415d-9f8e-49325b148cb9,0,정상
1086,42412794-2164-415d-9f8e-49325b148cb9,0,정상
1087,42412794-2164-415d-9f8e-49325b148cb9,0,정상
1088,42412794-2164-415d-9f8e-49325b148cb9,0,정상
1089,42412794-2164-415d-9f8e-49325b148cb9,0,정상
1090,42412794-2164-415d-9f8e-49325b148cb9,0,정상
1091,42412794-2164-415d-9f8e-49325b148cb9,0,정상
1092,42412794-2164-415d-9f8e-49325b148cb9,0,정상
1093,42412794-2164-415d-9f8e-49325b148cb9,1,R006_단기반복
1094,42412794-2164-415d-9f8e-49325b148cb9,1,R006_단기반복
1095,42412794-2164-415d-9f8e-49325b148cb9,1,R006_단기반복
1096,42412794-2164-415d-9f8e-49325b148cb9,0,정상
1097,42412794-2164-415d-9f8e-49325b148cb9,0,정상
1098,42412794-2164-415d-9f8e-49325b148cb9,0,정상
1099,42412794-2164-415d-9f8e-49325b148cb9,0,정상
1100,42412794-2164-415d-9f8e-49325b148cb9,0,정상
1101,42412794-2164-415d-9f8e-49325b148cb9,0,정상
1102,42412794-2164-415d-9f8e-49325b148cb9,0,정상
1103,42412794-2164-415d-9f8e-49325b148cb9,0,정상
1104,42412794-2164-415d-9f8e-49325b148cb9,0,정상
1105,42412794-2164-415d-9f8e-49325b148cb9,0,정상
1106,42412794-2164-415d-9f8e-49325b148cb9,0,정상
1107,42412794-2164-415d-9f8e-49325b148cb9,0,정상
1108,42412794-2164-415d-9f8e-49325b148cb9,0,정상
1109,42412794-2164-415d-9f8e-49325b148cb9,0,정상
1110,42412794-2164-415d-9f8e-49325b148cb9,0,정상
1111,42412794-2164-415d-9f8e-49325b148cb9,0,정상
1112,42412794-2164-415d-9f8e-49325b148cb9,0,정상
1113,42412794-2164-415d-9f8e-49325b148cb9,0,정상
1114,42412794-2164-415d-9f8e-49325b148cb9,0,정상
1115,42412794-2164-415d-9f8e-49325b148cb9,0,정상
1116,42412794-2164-415d-9f8e-49325b148cb9,0,정상
1117,42412794-2164-415d-9f8e-49325b148cb9,0,정상
1118,42412794-2164-415d-9f8e-49325b148cb9,0,정상
1119,42412794-2164-415d-9f8e-49325b148cb9,0,정상
1120,42412794-2164-415d-9f8e-49325b148cb9,1,R007_해외결제
1121,42412794-2164-415d-9f8e-49325b148cb9,0,정상
1122,42412794-2164-415d-9f8e-49325b148cb9,0,정상
1123,42412794-2164-415d-9f8e-49325b148cb9,0,정상
1124,42412794-2164-415d-9f8e-49325b148cb9,0,정상
1125,42412794-2164-415d-9f8e-49325b148cb9,0,정상
1126,42412794-2164-415d-9f8e-49325b148cb9,0,정상
1127,42412794-2164-415d-9f8e-49325b148cb9,0,정상
1128,42412794-2164-415d-9f8e-49325b148cb9,0,정상
1129,42412794-2164-415d-9f8e-49325b148cb9,0,정상
1130,42412794-2164-415d-9f8e-49325b148cb9,0,정상
1131,50b593ca-91f0-4e63-99e1-c0b7e5b94e89,0,정상
1132,50b593ca-91f0-4e63-99e1-c0b7e5b94e89,1,R00y_신규기기
1133,50b593ca-91f0-4e63-99e1-c0b7e5b94e89,0,정상
1134,50b593ca-91f0-4e63-99e1-c0b7e5b94e89,0,정상
1135,50b593ca-91f0-4e63-99e1-c0b7e5b94e89,0,정상
1136,50b593ca-91f0-4e63-99e1-c0b7e5b94e89,0,정상
1137,50b593ca-91f0-4e63-99e1-c0b7e5b94e89,0,정상
1138,50b593ca-91f0-4e63-99e1-c0b7e5b94e89,0,정상
1139,50b593ca-91f0-4e63-99e1-c0b7e5b94e89,0,정상
1140,50b593ca-91f0-4e63-99e1-c0b7e5b94e89,0,정상
1141,50b593ca-91f0-4e63-99e1-c0b7e5b94e89,0,정상
1142,50b593ca-91f0-4e63-99e1-c0b7e5b94e89,0,정상
1143,50b593ca-91f0-4e63-99e1-c0b7e5b94e89,0,정상
1144,50b593ca-91f0-4e63-99e1-c0b7e5b94e89,0,정상
1145,50b593ca-91f0-4e63-99e1-c0b7e5b94e89,0,정상
1146,50b593ca-91f0-4e63-99e1-c0b7e5b94e89,0,정상
1147,50b593ca-91f0-4e63-99e1-c0b7e5b94e89,0,정상
1148,50b593ca-91f0-4e63-99e1-c0b7e5b94e89,0,정상
1149,50b593ca-91f0-4e63-99e1-c0b7e5b94e89,0,정상
1150,50b593ca-91f0-4e63-99e1-c0b7e5b94e89,0,정상
1151,50b593ca-91f0-4e63-99e1-c0b7e5b94e89,0,정상
1152,50b593ca-91f0-4e63-99e1-c0b7e5b94e89,0,정상
1153,50b593ca-91f0-4e63-99e1-c0b7e5b94e89,0,정상
1154,50b593ca-91f0-4e63-99e1-c0b7e5b94e89,0,정상
1155,50b593ca-91f0-4e63-99e1-c0b7e5b94e89,0,정상
1156,50b593ca-91f0-4e63-99e1-c0b7e5b94e89,0,정상
1157,50b593ca-91f0-4e63-99e1-c0b7e5b94e89,0,정상
1158,50b593ca-91f0-4e63-99e1-c0b7e5b94e89,0,정상
1159,50b593ca-91f0-4e63-99e1-c0b7e5b94e89,0,정상
1160,50b593ca-91f0-4e63-99e1-c0b7e5b94e89,0,정상
1161,50b593ca-91f0-4e63-99e1-c0b7e5b94e89,0,정상
1162,50b593ca-91f0-4e63-99e1-c0b7e5b94e89,0,정상
1163,50b593ca-91f0-4e63-99e1-c0b7e5b94e89,0,정상
1164,50b593ca-91f0-4e63-99e1-c0b7e5b94e89,0,정상
1165,50b593ca-91f0-4e63-99e1-c0b7e5b94e89,0,정상
1166,50b593ca-91f0-4e63-99e1-c0b7e5b94e89,0,정상
1167,50b593ca-91f0-4e63-99e1-c0b7e5b94e89,0,정상
1168,50b593ca-91f0-4e63-99e1-c0b7e5b94e89,0,정상
1169,50b593ca-91f0-4e63-99e1-c0b7e5b94e89,0,정상
1170,50b593ca-91f0-4e63-99e1-c0b7e5b94e89,0,정상
1171,50b593ca-91f0-4e63-99e1-c0b7e5b94e89,0,정상
1172,50b593ca-91f0-4e63-99e1-c0b7e5b94e89,0,정상
1173,50b593ca-91f0-4e63-99e1-c0b7e5b94e89,0,정상
1174,50b593ca-91f0-4e63-99e1-c0b7e5b94e89,0,정상
1175,50b593ca-91f0-4e63-99e1-c0b7e5b94e89,0,정상
1176,50b593ca-91f0-4e63-99e1-c0b7e5b94e89,0,정상
1177,50b593ca-91f0-4e63-99e1-c0b7e5b94e89,0,정상
1178,50b593ca-91f0-4e63-99e1-c0b7e5b94e89,0,정상
1179,50b593ca-91f0-4e63-99e1-c0b7e5b94e89,0,정상
1180,50b593ca-91f0-4e63-99e1-c0b7e5b94e89,0,정상
1181,50b593ca-91f0-4e63-99e1-c0b7e5b94e89,0,정상
1182,50b593ca-91f0-4e63-99e1-c0b7e5b94e89,0,정상
1183,50b593ca-91f0-4e63-99e1-c0b7e5b94e89,0,정상
1184,50b593ca-91f0-4e63-99e1-c0b7e5b94e89,0,정상
1185,50b593ca-91f0-4e63-99e1-c0b7e5b94e89,0,정상
1186,50b593ca-91f0-4e63-99e1-c0b7e5b94e89,0,정상
1187,50b593ca-91f0-4e63-99e1-c0b7e5b94e89,0,정상
1188,50b593ca-91f0-4e63-99e1-c0b7e5b94e89,0,정상
1189,50b593ca-91f0-4e63-99e1-c0b7e5b94e89,0,정상
1190,50b593ca-91f0-4e63-99e1-c0b7e5b94e89,0,정상
1191,50b593ca-91f0-4e63-99e1-c0b7e5b94e89,0,정상
1192,50b593ca-91f0-4e63-99e1-c0b7e5b94e89,0,정상
1193,50b593ca-91f0-4e63-99e1-c0b7e5b94e89,1,R007_해외결제
1194,50b593ca-91f0-4e63-99e1-c0b7e5b94e89,1,R005_심야대액
1195,50b593ca-91f0-4e63-99e1-c0b7e5b94e89,0,정상
1196,50b593ca-91f0-4e63-99e1-c0b7e5b94e89,0,정상
1197,50b593ca-91f0-4e63-99e1-c0b7e5b94e89,0,정상
1198,50b593ca-91f0-4e63-99e1-c0b7e5b94e89,0,정상
1199,50b593ca-91f0-4e63-99e1-c0b7e5b94e89,0,정상
1200,50b593ca-91f0-4e63-99e1-c0b7e5b94e89,1,R00x_위치급변
1201,50b593ca-91f0-4e63-99e1-c0b7e5b94e89,0,정상
1202,50b593ca-91f0-4e63-99e1-c0b7e5b94e89,0,정상
1203,50b593ca-91f0-4e63-99e1-c0b7e5b94e89,1,R005_심야대액
1204,50b593ca-91f0-4e63-99e1-c0b7e5b94e89,0,정상
1205,50b593ca-91f0-4e63-99e1-c0b7e5b94e89,0,정상
1206,50b593ca-91f0-4e63-99e1-c0b7e5b94e89,0,정상
1207,50b593ca-91f0-4e63-99e1-c0b7e5b94e89,0,정상
1208,50b593ca-91f0-4e63-99e1-c0b7e5b94e89,0,정상
1209,50b593ca-91f0-4e63-99e1-c0b7e5b94e89,0,정상
1210,50b593ca-91f0-4e63-99e1-c0b7e5b94e89,1,R00y_신규기기
1211,50b593ca-91f0-4e63-99e1-c0b7e5b94e89,0,정상
1212,50b593ca-91f0-4e63-99e1-c0b7e5b94e89,0,정상
1213,50b593ca-91f0-4e63-99e1-c0b7e5b94e89,0,정상
1214,50b593ca-91f0-4e63-99e1-c0b7e5b94e89,0,정상
1215,50b593ca-91f0-4e63-99e1-c0b7e5b94e89,0,정상
1216,50b593ca-91f0-4e63-99e1-c0b7e5b94e89,0,정상
1217,50b593ca-91f0-4e63-99e1-c0b7e5b94e89,0,정상
1218,50b593ca-91f0-4e63-99e1-c0b7e5b94e89,0,정상
1219,50b593ca-91f0-4e63-99e1-c0b7e5b94e89,0,정상
1220,50b593ca-91f0-4e63-99e1-c0b7e5b94e89,0,정상
1221,50b593ca-91f0-4e63-99e1-c0b7e5b94e89,0,정상
1222,50b593ca-91f0-4e63-99e1-c0b7e5b94e89,0,정상
1223,50b593ca-91f0-4e63-99e1-c0b7e5b94e89,0,정상
1224,50b593ca-91f0-4e63-99e1-c0b7e5b94e89,0,정상
1225,50b593ca-91f0-4e63-99e1-c0b7e5b94e89,0,정상
1226,50b593ca-91f0-4e63-99e1-c0b7e5b94e89,0,정상
1227,50b593ca-91f0-4e63-99e1-c0b7e5b94e89,0,정상
1228,50b593ca-91f0-4e63-99e1-c0b7e5b94e89,0,정상
1229,50b593ca-91f0-4e63-99e1-c0b7e5b94e89,0,정상
1230,50b593ca-91f0-4e63-99e1-c0b7e5b94e89,0,정상
1231,50b593ca-91f0-4e63-99e1-c0b7e5b94e89,0,정상
1232,50b593ca-91f0-4e63-99e1-c0b7e5b94e89,0,정상
1233,50b593ca-91f0-4e63-99e1-c0b7e5b94e89,0,정상
1234,50b593ca-91f0-4e63-99e1-c0b7e5b94e89,0,정상
1235,50b593ca-91f0-4e63-99e1-c0b7e5b94e89,0,정상
1236,50b593ca-91f0-4e63-99e1-c0b7e5b94e89,0,정상
1237,50b593ca-91f0-4e63-99e1-c0b7e5b94e89,1,R005_심야대액
1238,50b593ca-91f0-4e63-99e1-c0b7e5b94e89,0,정상
1239,50b593ca-91f0-4e63-99e1-c0b7e5b94e89,0,정상
1240,50b593ca-91f0-4e63-99e1-c0b7e5b94e89,0,정상
1241,50b593ca-91f0-4e63-99e1-c0b7e5b94e89,0,정상
1242,50b593ca-91f0-4e63-99e1-c0b7e5b94e89,0,정상
1243,50b593ca-91f0-4e63-99e1-c0b7e5b94e89,0,정상
1244,50b593ca-91f0-4e63-99e1-c0b7e5b94e89,0,정상
1245,50b593ca-91f0-4e63-99e1-c0b7e5b94e89,0,정상
1246,50b593ca-91f0-4e63-99e1-c0b7e5b94e89,0,정상
1247,50b593ca-91f0-4e63-99e1-c0b7e5b94e89,0,정상
1248,50b593ca-91f0-4e63-99e1-c0b7e5b94e89,0,정상
1249,50b593ca-91f0-4e63-99e1-c0b7e5b94e89,0,정상
1250,50b593ca-91f0-4e63-99e1-c0b7e5b94e89,0,정상
1251,50b593ca-91f0-4e63-99e1-c0b7e5b94e89,0,정상
1252,50b593ca-91f0-4e63-99e1-c0b7e5b94e89,0,정상
1253,50b593ca-91f0-4e63-99e1-c0b7e5b94e89,0,정상
1254,50b593ca-91f0-4e63-99e1-c0b7e5b94e89,0,정상
1255,50b593ca-91f0-4e63-99e1-c0b7e5b94e89,0,정상
1256,50b593ca-91f0-4e63-99e1-c0b7e5b94e89,0,정상
1257,50b593ca-91f0-4e63-99e1-c0b7e5b94e89,0,정상
1258,50b593ca-91f0-4e63-99e1-c0b7e5b94e89,0,정상
1259,50b593ca-91f0-4e63-99e1-c0b7e5b94e89,0,정상
1260,50b593ca-91f0-4e63-99e1-c0b7e5b94e89,0,정상
1261,50b593ca-91f0-4e63-99e1-c0b7e5b94e89,0,정상
1262,50b593ca-91f0-4e63-99e1-c0b7e5b94e89,0,정상
1263,50b593ca-91f0-4e63-99e1-c0b7e5b94e89,0,정상
1264,50b593ca-91f0-4e63-99e1-c0b7e5b94e89,1,R001_단일한도초과
1265,50b593ca-91f0-4e63-99e1-c0b7e5b94e89,0,정상
1266,50b593ca-91f0-4e63-99e1-c0b7e5b94e89,0,정상
1267,50b593ca-91f0-4e63-99e1-c0b7e5b94e89,0,정상
1268,5a8eef0f-e4c1-46f6-9667-6080b2e4ceff,0,정상
1269,5a8eef0f-e4c1-46f6-9667-6080b2e4ceff,0,정상
1270,5a8eef0f-e4c1-46f6-9667-6080b2e4ceff,0,정상
1271,5a8eef0f-e4c1-46f6-9667-6080b2e4ceff,0,정상
1272,5a8eef0f-e4c1-46f6-9667-6080b2e4ceff,0,정상
1273,5a8eef0f-e4c1-46f6-9667-6080b2e4ceff,0,정상
1274,5a8eef0f-e4c1-46f6-9667-6080b2e4ceff,0,정상
1275,5a8eef0f-e4c1-46f6-9667-6080b2e4ceff,0,정상
1276,5a8eef0f-e4c1-46f6-9667-6080b2e4ceff,0,정상
1277,5a8eef0f-e4c1-46f6-9667-6080b2e4ceff,0,정상
1278,5a8eef0f-e4c1-46f6-9667-6080b2e4ceff,0,정상
1279,5a8eef0f-e4c1-46f6-9667-6080b2e4ceff,0,정상
1280,5a8eef0f-e4c1-46f6-9667-6080b2e4ceff,0,정상
1281,5a8eef0f-e4c1-46f6-9667-6080b2e4ceff,0,정상
1282,5a8eef0f-e4c1-46f6-9667-6080b2e4ceff,0,정상
1283,5a8eef0f-e4c1-46f6-9667-6080b2e4ceff,0,정상
1284,5a8eef0f-e4c1-46f6-9667-6080b2e4ceff,0,정상
1285,5a8eef0f-e4c1-46f6-9667-6080b2e4ceff,0,정상
1286,5a8eef0f-e4c1-46f6-9667-6080b2e4ceff,0,정상
1287,5a8eef0f-e4c1-46f6-9667-6080b2e4ceff,0,정상
1288,5a8eef0f-e4c1-46f6-9667-6080b2e4ceff,0,정상
1289,5a8eef0f-e4c1-46f6-9667-6080b2e4ceff,0,정상
1290,5a8eef0f-e4c1-46f6-9667-6080b2e4ceff,0,정상
1291,5a8eef0f-e4c1-46f6-9667-6080b2e4ceff,0,정상
1292,5a8eef0f-e4c1-46f6-9667-6080b2e4ceff,0,정상
1293,5a8eef0f-e4c1-46f6-9667-6080b2e4ceff,1,R007_해외결제
1294,5a8eef0f-e4c1-46f6-9667-6080b2e4ceff,0,정상
1295,5a8eef0f-e4c1-46f6-9667-6080b2e4ceff,0,정상
1296,5a8eef0f-e4c1-46f6-9667-6080b2e4ceff,0,정상
1297,5a8eef0f-e4c1-46f6-9667-6080b2e4ceff,0,정상
1298,5a8eef0f-e4c1-46f6-9667-6080b2e4ceff,0,정상
1299,5a8eef0f-e4c1-46f6-9667-6080b2e4ceff,1,R00x_위치급변
1300,5a8eef0f-e4c1-46f6-9667-6080b2e4ceff,0,정상
1301,5a8eef0f-e4c1-46f6-9667-6080b2e4ceff,0,정상
1302,5a8eef0f-e4c1-46f6-9667-6080b2e4ceff,0,정상
1303,5a8eef0f-e4c1-46f6-9667-6080b2e4ceff,0,정상
1304,5a8eef0f-e4c1-46f6-9667-6080b2e4ceff,0,정상
1305,5a8eef0f-e4c1-46f6-9667-6080b2e4ceff,0,정상
1306,5a8eef0f-e4c1-46f6-9667-6080b2e4ceff,0,정상
1307,5a8eef0f-e4c1-46f6-9667-6080b2e4ceff,0,정상
1308,5a8eef0f-e4c1-46f6-9667-6080b2e4ceff,0,정상
1309,5a8eef0f-e4c1-46f6-9667-6080b2e4ceff,0,정상
1310,5a8eef0f-e4c1-46f6-9667-6080b2e4ceff,0,정상
1311,5a8eef0f-e4c1-46f6-9667-6080b2e4ceff,0,정상
1312,5a8eef0f-e4c1-46f6-9667-6080b2e4ceff,0,정상
1313,5a8eef0f-e4c1-46f6-9667-6080b2e4ceff,0,정상
1314,5a8eef0f-e4c1-46f6-9667-6080b2e4ceff,0,정상
1315,5a8eef0f-e4c1-46f6-9667-6080b2e4ceff,0,정상
1316,5a8eef0f-e4c1-46f6-9667-6080b2e4ceff,0,정상
1317,5a8eef0f-e4c1-46f6-9667-6080b2e4ceff,0,정상
1318,5a8eef0f-e4c1-46f6-9667-6080b2e4ceff,0,정상
1319,5a8eef0f-e4c1-46f6-9667-6080b2e4ceff,0,정상
1320,5a8eef0f-e4c1-46f6-9667-6080b2e4ceff,0,정상
1321,5a8eef0f-e4c1-46f6-9667-6080b2e4ceff,0,정상
1322,5a8eef0f-e4c1-46f6-9667-6080b2e4ceff,0,정상
1323,5a8eef0f-e4c1-46f6-9667-6080b2e4ceff,0,정상
1324,5a8eef0f-e4c1-46f6-9667-6080b2e4ceff,0,정상
1325,5a8eef0f-e4c1-46f6-9667-6080b2e4ceff,0,정상
1326,5a8eef0f-e4c1-46f6-9667-6080b2e4ceff,0,정상
1327,5a8eef0f-e4c1-46f6-9667-6080b2e4ceff,1,R00y_신규기기
1328,5a8eef0f-e4c1-46f6-9667-6080b2e4ceff,0,정상
1329,5a8eef0f-e4c1-46f6-9667-6080b2e4ceff,0,정상
1330,5a8eef0f-e4c1-46f6-9667-6080b2e4ceff,0,정상
1331,5a8eef0f-e4c1-46f6-9667-6080b2e4ceff,0,정상
1332,5a8eef0f-e4c1-46f6-9667-6080b2e4ceff,0,정상
1333,5a8eef0f-e4c1-46f6-9667-6080b2e4ceff,0,정상
1334,5a8eef0f-e4c1-46f6-9667-6080b2e4ceff,0,정상
1335,5a8eef0f-e4c1-46f6-9667-6080b2e4ceff,0,정상
1336,5a8eef0f-e4c1-46f6-9667-6080b2e4ceff,0,정상
1337,5a8eef0f-e4c1-46f6-9667-6080b2e4ceff,0,정상
1338,5a8eef0f-e4c1-46f6-9667-6080b2e4ceff,0,정상
1339,5a8eef0f-e4c1-46f6-9667-6080b2e4ceff,0,정상
1340,5a8eef0f-e4c1-46f6-9667-6080b2e4ceff,0,정상
1341,5a8eef0f-e4c1-46f6-9667-6080b2e4ceff,0,정상
1342,5a8eef0f-e4c1-46f6-9667-6080b2e4ceff,0,정상
1343,5a8eef0f-e4c1-46f6-9667-6080b2e4ceff,0,정상
1344,5a8eef0f-e4c1-46f6-9667-6080b2e4ceff,0,정상
1345,5a8eef0f-e4c1-46f6-9667-6080b2e4ceff,0,정상
1346,5a8eef0f-e4c1-46f6-9667-6080b2e4ceff,0,정상
1347,5a8eef0f-e4c1-46f6-9667-6080b2e4ceff,0,정상
1348,5a8eef0f-e4c1-46f6-9667-6080b2e4ceff,0,정상
1349,5a8eef0f-e4c1-46f6-9667-6080b2e4ceff,0,정상
1350,5a8eef0f-e4c1-46f6-9667-6080b2e4ceff,0,정상
1351,5a8eef0f-e4c1-46f6-9667-6080b2e4ceff,0,정상
1352,5a8eef0f-e4c1-46f6-9667-6080b2e4ceff,0,정상
1353,5a8eef0f-e4c1-46f6-9667-6080b2e4ceff,0,정상
1354,5a8eef0f-e4c1-46f6-9667-6080b2e4ceff,0,정상
1355,5a8eef0f-e4c1-46f6-9667-6080b2e4ceff,0,정상
1356,5a8eef0f-e4c1-46f6-9667-6080b2e4ceff,0,정상
1357,5a8eef0f-e4c1-46f6-9667-6080b2e4ceff,0,정상
1358,5a8eef0f-e4c1-46f6-9667-6080b2e4ceff,0,정상
1359,5a8eef0f-e4c1-46f6-9667-6080b2e4ceff,0,정상
1360,5a8eef0f-e4c1-46f6-9667-6080b2e4ceff,0,정상
1361,5a8eef0f-e4c1-46f6-9667-6080b2e4ceff,0,정상
1362,5a8eef0f-e4c1-46f6-9667-6080b2e4ceff,0,정상
1363,5a8eef0f-e4c1-46f6-9667-6080b2e4ceff,0,정상
1364,5a8eef0f-e4c1-46f6-9667-6080b2e4ceff,0,정상
1365,5a8eef0f-e4c1-46f6-9667-6080b2e4ceff,0,정상
1366,5a8eef0f-e4c1-46f6-9667-6080b2e4ceff,0,정상
1367,5a8eef0f-e4c1-46f6-9667-6080b2e4ceff,0,정상
1368,5a8eef0f-e4c1-46f6-9667-6080b2e4ceff,0,정상
1369,5a8eef0f-e4c1-46f6-9667-6080b2e4ceff,0,정상
1370,5a8eef0f-e4c1-46f6-9667-6080b2e4ceff,0,정상
1371,5a8eef0f-e4c1-46f6-9667-6080b2e4ceff,0,정상
1372,5a8eef0f-e4c1-46f6-9667-6080b2e4ceff,0,정상
1373,5a8eef0f-e4c1-46f6-9667-6080b2e4ceff,0,정상
1374,5a8eef0f-e4c1-46f6-9667-6080b2e4ceff,0,정상
1375,5a8eef0f-e4c1-46f6-9667-6080b2e4ceff,0,정상
1376,5a8eef0f-e4c1-46f6-9667-6080b2e4ceff,0,정상
1377,5a8eef0f-e4c1-46f6-9667-6080b2e4ceff,0,정상
1378,5a8eef0f-e4c1-46f6-9667-6080b2e4ceff,0,정상
1379,5a8eef0f-e4c1-46f6-9667-6080b2e4ceff,0,정상
1380,5a8eef0f-e4c1-46f6-9667-6080b2e4ceff,0,정상
1381,5a8eef0f-e4c1-46f6-9667-6080b2e4ceff,0,정상
1382,5a8eef0f-e4c1-46f6-9667-6080b2e4ceff,0,정상
1383,5a8eef0f-e4c1-46f6-9667-6080b2e4ceff,0,정상
1384,5a8eef0f-e4c1-46f6-9667-6080b2e4ceff,0,정상
1385,5a8eef0f-e4c1-46f6-9667-6080b2e4ceff,0,정상
1386,5a8eef0f-e4c1-46f6-9667-6080b2e4ceff,0,정상
1387,5a8eef0f-e4c1-46f6-9667-6080b2e4ceff,0,정상
1388,5a8eef0f-e4c1-46f6-9667-6080b2e4ceff,0,정상
1389,5a8eef0f-e4c1-46f6-9667-6080b2e4ceff,0,정상
1390,5a8eef0f-e4c1-46f6-9667-6080b2e4ceff,0,정상
1391,5a8eef0f-e4c1-46f6-9667-6080b2e4ceff,0,정상
1392,5a8eef0f-e4c1-46f6-9667-6080b2e4ceff,0,정상
1393,5a8eef0f-e4c1-46f6-9667-6080b2e4ceff,0,정상
1394,5a8eef0f-e4c1-46f6-9667-6080b2e4ceff,0,정상
1395,5a8eef0f-e4c1-46f6-9667-6080b2e4ceff,0,정상
1396,5a8eef0f-e4c1-46f6-9667-6080b2e4ceff,0,정상
1397,5a8eef0f-e4c1-46f6-9667-6080b2e4ceff,0,정상
1398,5a8eef0f-e4c1-46f6-9667-6080b2e4ceff,0,정상
1399,5a8eef0f-e4c1-46f6-9667-6080b2e4ceff,0,정상
1400,5a8eef0f-e4c1-46f6-9667-6080b2e4ceff,0,정상
1401,5a8eef0f-e4c1-46f6-9667-6080b2e4ceff,0,정상
1402,5a8eef0f-e4c1-46f6-9667-6080b2e4ceff,0,정상
1403,5be76485-2e9a-487a-a93c-781394381c85,0,정상
1404,5be76485-2e9a-487a-a93c-781394381c85,0,정상
1405,5be76485-2e9a-487a-a93c-781394381c85,0,정상
1406,5be76485-2e9a-487a-a93c-781394381c85,0,정상
1407,5be76485-2e9a-487a-a93c-781394381c85,0,정상
1408,5be76485-2e9a-487a-a93c-781394381c85,0,정상
1409,5be76485-2e9a-487a-a93c-781394381c85,0,정상
1410,5be76485-2e9a-487a-a93c-781394381c85,0,정상
1411,5be76485-2e9a-487a-a93c-781394381c85,0,정상
1412,5be76485-2e9a-487a-a93c-781394381c85,0,정상
1413,5be76485-2e9a-487a-a93c-781394381c85,0,정상
1414,5be76485-2e9a-487a-a93c-781394381c85,0,정상
1415,5be76485-2e9a-487a-a93c-781394381c85,0,정상
1416,5be76485-2e9a-487a-a93c-781394381c85,0,정상
1417,5be76485-2e9a-487a-a93c-781394381c85,0,정상
1418,5be76485-2e9a-487a-a93c-781394381c85,0,정상
1419,5be76485-2e9a-487a-a93c-781394381c85,0,정상
1420,5be76485-2e9a-487a-a93c-781394381c85,0,정상
1421,5be76485-2e9a-487a-a93c-781394381c85,0,정상
1422,5be76485-2e9a-487a-a93c-781394381c85,0,정상
1423,5be76485-2e9a-487a-a93c-781394381c85,0,정상
1424,5be76485-2e9a-487a-a93c-781394381c85,0,정상
1425,5be76485-2e9a-487a-a93c-781394381c85,0,정상
1426,5be76485-2e9a-487a-a93c-781394381c85,0,정상
1427,5be76485-2e9a-487a-a93c-781394381c85,0,정상
1428,5be76485-2e9a-487a-a93c-781394381c85,0,정상
1429,5be76485-2e9a-487a-a93c-781394381c85,0,정상
1430,5be76485-2e9a-487a-a93c-781394381c85,0,정상
1431,5be76485-2e9a-487a-a93c-781394381c85,0,정상
1432,5be76485-2e9a-487a-a93c-781394381c85,0,정상
1433,5be76485-2e9a-487a-a93c-781394381c85,0,정상
1434,5be76485-2e9a-487a-a93c-781394381c85,1,R001_단일한도초과
1435,5be76485-2e9a-487a-a93c-781394381c85,0,정상
1436,5be76485-2e9a-487a-a93c-781394381c85,0,정상
1437,5be76485-2e9a-487a-a93c-781394381c85,0,정상
1438,5be76485-2e9a-487a-a93c-781394381c85,0,정상
1439,5be76485-2e9a-487a-a93c-781394381c85,0,정상
1440,5be76485-2e9a-487a-a93c-781394381c85,0,정상
1441,5be76485-2e9a-487a-a93c-781394381c85,0,정상
1442,5be76485-2e9a-487a-a93c-781394381c85,0,정상
1443,5be76485-2e9a-487a-a93c-781394381c85,0,정상
1444,5be76485-2e9a-487a-a93c-781394381c85,0,정상
1445,5be76485-2e9a-487a-a93c-781394381c85,0,정상
1446,5be76485-2e9a-487a-a93c-781394381c85,0,정상
1447,5be76485-2e9a-487a-a93c-781394381c85,0,정상
1448,5be76485-2e9a-487a-a93c-781394381c85,0,정상
1449,5be76485-2e9a-487a-a93c-781394381c85,0,정상
1450,5be76485-2e9a-487a-a93c-781394381c85,0,정상
1451,5be76485-2e9a-487a-a93c-781394381c85,0,정상
1452,5be76485-2e9a-487a-a93c-781394381c85,1,R00y_신규기기
1453,5be76485-2e9a-487a-a93c-781394381c85,1,R001_단일한도초과
1454,5be76485-2e9a-487a-a93c-781394381c85,0,정상
1455,5be76485-2e9a-487a-a93c-781394381c85,0,정상
1456,5be76485-2e9a-487a-a93c-781394381c85,0,정상
1457,5be76485-2e9a-487a-a93c-781394381c85,0,정상
1458,5be76485-2e9a-487a-a93c-781394381c85,0,정상
1459,5be76485-2e9a-487a-a93c-781394381c85,0,정상
1460,5be76485-2e9a-487a-a93c-781394381c85,0,정상
1461,5be76485-2e9a-487a-a93c-781394381c85,0,정상
1462,5be76485-2e9a-487a-a93c-781394381c85,0,정상
1463,5be76485-2e9a-487a-a93c-781394381c85,0,정상
1464,5be76485-2e9a-487a-a93c-781394381c85,0,정상
1465,5be76485-2e9a-487a-a93c-781394381c85,0,정상
1466,5be76485-2e9a-487a-a93c-781394381c85,0,정상
1467,5be76485-2e9a-487a-a93c-781394381c85,0,정상
1468,5be76485-2e9a-487a-a93c-781394381c85,0,정상
1469,5be76485-2e9a-487a-a93c-781394381c85,0,정상
1470,5be76485-2e9a-487a-a93c-781394381c85,0,정상
1471,5be76485-2e9a-487a-a93c-781394381c85,0,정상
1472,5be76485-2e9a-487a-a93c-781394381c85,0,정상
1473,5be76485-2e9a-487a-a93c-781394381c85,0,정상
1474,5be76485-2e9a-487a-a93c-781394381c85,0,정상
1475,5be76485-2e9a-487a-a93c-781394381c85,0,정상
1476,5be76485-2e9a-487a-a93c-781394381c85,0,정상
1477,5be76485-2e9a-487a-a93c-781394381c85,1,R00x_위치급변
1478,5be76485-2e9a-487a-a93c-781394381c85,0,정상
1479,5be76485-2e9a-487a-a93c-781394381c85,0,정상
1480,5be76485-2e9a-487a-a93c-781394381c85,0,정상
1481,5be76485-2e9a-487a-a93c-781394381c85,0,정상
1482,5be76485-2e9a-487a-a93c-781394381c85,0,정상
1483,5be76485-2e9a-487a-a93c-781394381c85,0,정상
1484,5be76485-2e9a-487a-a93c-781394381c85,0,정상
1485,5be76485-2e9a-487a-a93c-781394381c85,0,정상
1486,5be76485-2e9a-487a-a93c-781394381c85,0,정상
1487,5be76485-2e9a-487a-a93c-781394381c85,0,정상
1488,5be76485-2e9a-487a-a93c-781394381c85,0,정상
1489,5be76485-2e9a-487a-a93c-781394381c85,0,정상
1490,5be76485-2e9a-487a-a93c-781394381c85,0,정상
1491,5be76485-2e9a-487a-a93c-781394381c85,0,정상
1492,5be76485-2e9a-487a-a93c-781394381c85,0,정상
1493,5be76485-2e9a-487a-a93c-781394381c85,1,R005_심야대액
1494,5be76485-2e9a-487a-a93c-781394381c85,0,정상
1495,5be76485-2e9a-487a-a93c-781394381c85,0,정상
1496,5be76485-2e9a-487a-a93c-781394381c85,0,정상
1497,5be76485-2e9a-487a-a93c-781394381c85,0,정상
1498,5be76485-2e9a-487a-a93c-781394381c85,0,정상
1499,5be76485-2e9a-487a-a93c-781394381c85,0,정상
1500,5be76485-2e9a-487a-a93c-781394381c85,0,정상
1501,5be76485-2e9a-487a-a93c-781394381c85,0,정상
1502,5be76485-2e9a-487a-a93c-781394381c85,0,정상
1503,5be76485-2e9a-487a-a93c-781394381c85,0,정상
1504,5be76485-2e9a-487a-a93c-781394381c85,0,정상
1505,5be76485-2e9a-487a-a93c-781394381c85,0,정상
1506,5be76485-2e9a-487a-a93c-781394381c85,0,정상
1507,5be76485-2e9a-487a-a93c-781394381c85,0,정상
1508,5be76485-2e9a-487a-a93c-781394381c85,0,정상
1509,5be76485-2e9a-487a-a93c-781394381c85,0,정상
1510,5be76485-2e9a-487a-a93c-781394381c85,0,정상
1511,5be76485-2e9a-487a-a93c-781394381c85,0,정상
1512,5be76485-2e9a-487a-a93c-781394381c85,0,정상
1513,5be76485-2e9a-487a-a93c-781394381c85,0,정상
1514,5be76485-2e9a-487a-a93c-781394381c85,0,정상
1515,5be76485-2e9a-487a-a93c-781394381c85,0,정상
1516,5be76485-2e9a-487a-a93c-781394381c85,0,정상
1517,5be76485-2e9a-487a-a93c-781394381c85,0,정상
1518,5be76485-2e9a-487a-a93c-781394381c85,0,정상
1519,5be76485-2e9a-487a-a93c-781394381c85,0,정상
1520,5be76485-2e9a-487a-a93c-781394381c85,0,정상
1521,5be76485-2e9a-487a-a93c-781394381c85,0,정상
1522,5be76485-2e9a-487a-a93c-781394381c85,0,정상
1523,5be76485-2e9a-487a-a93c-781394381c85,0,정상
1524,5be76485-2e9a-487a-a93c-781394381c85,0,정상
1525,5be76485-2e9a-487a-a93c-781394381c85,0,정상
1526,5be76485-2e9a-487a-a93c-781394381c85,0,정상
1527,5be76485-2e9a-487a-a93c-781394381c85,0,정상
1528,5be76485-2e9a-487a-a93c-781394381c85,0,정상
1529,5be76485-2e9a-487a-a93c-781394381c85,0,정상
1530,5be76485-2e9a-487a-a93c-781394381c85,0,정상
1531,5be76485-2e9a-487a-a93c-781394381c85,0,정상
1532,5be76485-2e9a-487a-a93c-781394381c85,0,정상
1533,5be76485-2e9a-487a-a93c-781394381c85,0,정상
1534,5be76485-2e9a-487a-a93c-781394381c85,0,정상
1535,5be76485-2e9a-487a-a93c-781394381c85,0,정상
1536,5be76485-2e9a-487a-a93c-781394381c85,0,정상
1537,5f92ab98-64e1-4bcd-aa8d-015b5e9907be,1,R007_해외결제
1538,5f92ab98-64e1-4bcd-aa8d-015b5e9907be,0,정상
1539,5f92ab98-64e1-4bcd-aa8d-015b5e9907be,0,정상
1540,5f92ab98-64e1-4bcd-aa8d-015b5e9907be,0,정상
1541,5f92ab98-64e1-4bcd-aa8d-015b5e9907be,0,정상
1542,5f92ab98-64e1-4bcd-aa8d-015b5e9907be,0,정상
1543,5f92ab98-64e1-4bcd-aa8d-015b5e9907be,0,정상
1544,5f92ab98-64e1-4bcd-aa8d-015b5e9907be,0,정상
1545,5f92ab98-64e1-4bcd-aa8d-015b5e9907be,0,정상
1546,5f92ab98-64e1-4bcd-aa8d-015b5e9907be,0,정상
1547,5f92ab98-64e1-4bcd-aa8d-015b5e9907be,0,정상
1548,5f92ab98-64e1-4bcd-aa8d-015b5e9907be,0,정상
1549,5f92ab98-64e1-4bcd-aa8d-015b5e9907be,0,정상
1550,5f92ab98-64e1-4bcd-aa8d-015b5e9907be,0,정상
1551,5f92ab98-64e1-4bcd-aa8d-015b5e9907be,0,정상
1552,5f92ab98-64e1-4bcd-aa8d-015b5e9907be,0,정상
1553,5f92ab98-64e1-4bcd-aa8d-015b5e9907be,0,정상
1554,5f92ab98-64e1-4bcd-aa8d-015b5e9907be,0,정상
1555,5f92ab98-64e1-4bcd-aa8d-015b5e9907be,0,정상
1556,5f92ab98-64e1-4bcd-aa8d-015b5e9907be,0,정상
1557,5f92ab98-64e1-4bcd-aa8d-015b5e9907be,0,정상
1558,5f92ab98-64e1-4bcd-aa8d-015b5e9907be,0,정상
1559,5f92ab98-64e1-4bcd-aa8d-015b5e9907be,1,R001_단일한도초과
1560,5f92ab98-64e1-4bcd-aa8d-015b5e9907be,0,정상
1561,5f92ab98-64e1-4bcd-aa8d-015b5e9907be,0,정상
1562,5f92ab98-64e1-4bcd-aa8d-015b5e9907be,0,정상
1563,5f92ab98-64e1-4bcd-aa8d-015b5e9907be,0,정상
1564,5f92ab98-64e1-4bcd-aa8d-015b5e9907be,0,정상
1565,5f92ab98-64e1-4bcd-aa8d-015b5e9907be,0,정상
1566,5f92ab98-64e1-4bcd-aa8d-015b5e9907be,0,정상
1567,5f92ab98-64e1-4bcd-aa8d-015b5e9907be,0,정상
1568,5f92ab98-64e1-4bcd-aa8d-015b5e9907be,0,정상
1569,5f92ab98-64e1-4bcd-aa8d-015b5e9907be,0,정상
1570,5f92ab98-64e1-4bcd-aa8d-015b5e9907be,0,정상
1571,5f92ab98-64e1-4bcd-aa8d-015b5e9907be,0,정상
1572,5f92ab98-64e1-4bcd-aa8d-015b5e9907be,0,정상
1573,5f92ab98-64e1-4bcd-aa8d-015b5e9907be,0,정상
1574,5f92ab98-64e1-4bcd-aa8d-015b5e9907be,0,정상
1575,5f92ab98-64e1-4bcd-aa8d-015b5e9907be,0,정상
1576,5f92ab98-64e1-4bcd-aa8d-015b5e9907be,0,정상
1577,5f92ab98-64e1-4bcd-aa8d-015b5e9907be,0,정상
1578,5f92ab98-64e1-4bcd-aa8d-015b5e9907be,0,정상
1579,5f92ab98-64e1-4bcd-aa8d-015b5e9907be,0,정상
1580,5f92ab98-64e1-4bcd-aa8d-015b5e9907be,1,R001_단일한도초과
1581,5f92ab98-64e1-4bcd-aa8d-015b5e9907be,0,정상
1582,5f92ab98-64e1-4bcd-aa8d-015b5e9907be,0,정상
1583,5f92ab98-64e1-4bcd-aa8d-015b5e9907be,0,정상
1584,5f92ab98-64e1-4bcd-aa8d-015b5e9907be,0,정상
1585,5f92ab98-64e1-4bcd-aa8d-015b5e9907be,0,정상
1586,5f92ab98-64e1-4bcd-aa8d-015b5e9907be,0,정상
1587,5f92ab98-64e1-4bcd-aa8d-015b5e9907be,0,정상
1588,5f92ab98-64e1-4bcd-aa8d-015b5e9907be,0,정상
1589,5f92ab98-64e1-4bcd-aa8d-015b5e9907be,0,정상
1590,5f92ab98-64e1-4bcd-aa8d-015b5e9907be,0,정상
1591,5f92ab98-64e1-4bcd-aa8d-015b5e9907be,1,R007_해외결제
1592,5f92ab98-64e1-4bcd-aa8d-015b5e9907be,0,정상
1593,5f92ab98-64e1-4bcd-aa8d-015b5e9907be,0,정상
1594,5f92ab98-64e1-4bcd-aa8d-015b5e9907be,0,정상
1595,5f92ab98-64e1-4bcd-aa8d-015b5e9907be,0,정상
1596,5f92ab98-64e1-4bcd-aa8d-015b5e9907be,0,정상
1597,5f92ab98-64e1-4bcd-aa8d-015b5e9907be,0,정상
1598,5f92ab98-64e1-4bcd-aa8d-015b5e9907be,0,정상
1599,5f92ab98-64e1-4bcd-aa8d-015b5e9907be,0,정상
1600,5f92ab98-64e1-4bcd-aa8d-015b5e9907be,0,정상
1601,5f92ab98-64e1-4bcd-aa8d-015b5e9907be,0,정상
1602,5f92ab98-64e1-4bcd-aa8d-015b5e9907be,1,R00x_위치급변
1603,5f92ab98-64e1-4bcd-aa8d-015b5e9907be,0,정상
1604,5f92ab98-64e1-4bcd-aa8d-015b5e9907be,0,정상
1605,5f92ab98-64e1-4bcd-aa8d-015b5e9907be,0,정상
1606,5f92ab98-64e1-4bcd-aa8d-015b5e9907be,0,정상
1607,5f92ab98-64e1-4bcd-aa8d-015b5e9907be,0,정상
1608,5f92ab98-64e1-4bcd-aa8d-015b5e9907be,0,정상
1609,5f92ab98-64e1-4bcd-aa8d-015b5e9907be,0,정상
1610,5f92ab98-64e1-4bcd-aa8d-015b5e9907be,0,정상
1611,5f92ab98-64e1-4bcd-aa8d-015b5e9907be,0,정상
1612,5f92ab98-64e1-4bcd-aa8d-015b5e9907be,0,정상
1613,5f92ab98-64e1-4bcd-aa8d-015b5e9907be,0,정상
1614,5f92ab98-64e1-4bcd-aa8d-015b5e9907be,0,정상
1615,5f92ab98-64e1-4bcd-aa8d-015b5e9907be,0,정상
1616,5f92ab98-64e1-4bcd-aa8d-015b5e9907be,0,정상
1617,5f92ab98-64e1-4bcd-aa8d-015b5e9907be,0,정상
1618,5f92ab98-64e1-4bcd-aa8d-015b5e9907be,0,정상
1619,5f92ab98-64e1-4bcd-aa8d-015b5e9907be,0,정상
1620,5f92ab98-64e1-4bcd-aa8d-015b5e9907be,1,R007_해외결제
1621,5f92ab98-64e1-4bcd-aa8d-015b5e9907be,0,정상
1622,5f92ab98-64e1-4bcd-aa8d-015b5e9907be,0,정상
1623,5f92ab98-64e1-4bcd-aa8d-015b5e9907be,0,정상
1624,5f92ab98-64e1-4bcd-aa8d-015b5e9907be,0,정상
1625,5f92ab98-64e1-4bcd-aa8d-015b5e9907be,0,정상
1626,5f92ab98-64e1-4bcd-aa8d-015b5e9907be,0,정상
1627,5f92ab98-64e1-4bcd-aa8d-015b5e9907be,0,정상
1628,5f92ab98-64e1-4bcd-aa8d-015b5e9907be,0,정상
1629,5f92ab98-64e1-4bcd-aa8d-015b5e9907be,0,정상
1630,5f92ab98-64e1-4bcd-aa8d-015b5e9907be,0,정상
1631,5f92ab98-64e1-4bcd-aa8d-015b5e9907be,0,정상
1632,5f92ab98-64e1-4bcd-aa8d-015b5e9907be,0,정상
1633,5f92ab98-64e1-4bcd-aa8d-015b5e9907be,0,정상
1634,5f92ab98-64e1-4bcd-aa8d-015b5e9907be,1,R007_해외결제
1635,5f92ab98-64e1-4bcd-aa8d-015b5e9907be,0,정상
1636,5f92ab98-64e1-4bcd-aa8d-015b5e9907be,0,정상
1637,5f92ab98-64e1-4bcd-aa8d-015b5e9907be,1,R005_심야대액
1638,5f92ab98-64e1-4bcd-aa8d-015b5e9907be,0,정상
1639,5f92ab98-64e1-4bcd-aa8d-015b5e9907be,0,정상
1640,5f92ab98-64e1-4bcd-aa8d-015b5e9907be,1,R005_심야대액
1641,5f92ab98-64e1-4bcd-aa8d-015b5e9907be,0,정상
1642,5f92ab98-64e1-4bcd-aa8d-015b5e9907be,0,정상
1643,5f92ab98-64e1-4bcd-aa8d-015b5e9907be,0,정상
1644,5f92ab98-64e1-4bcd-aa8d-015b5e9907be,0,정상
1645,5f92ab98-64e1-4bcd-aa8d-015b5e9907be,0,정상
1646,5f92ab98-64e1-4bcd-aa8d-015b5e9907be,0,정상
1647,5f92ab98-64e1-4bcd-aa8d-015b5e9907be,0,정상
1648,5f92ab98-64e1-4bcd-aa8d-015b5e9907be,0,정상
1649,5f92ab98-64e1-4bcd-aa8d-015b5e9907be,0,정상
1650,5f92ab98-64e1-4bcd-aa8d-015b5e9907be,0,정상
1651,5f92ab98-64e1-4bcd-aa8d-015b5e9907be,0,정상
1652,5f92ab98-64e1-4bcd-aa8d-015b5e9907be,0,정상
1653,5f92ab98-64e1-4bcd-aa8d-015b5e9907be,0,정상
1654,5f92ab98-64e1-4bcd-aa8d-015b5e9907be,0,정상
1655,5f92ab98-64e1-4bcd-aa8d-015b5e9907be,0,정상
1656,5f92ab98-64e1-4bcd-aa8d-015b5e9907be,0,정상
1657,5f92ab98-64e1-4bcd-aa8d-015b5e9907be,0,정상
1658,5f92ab98-64e1-4bcd-aa8d-015b5e9907be,0,정상
1659,5f92ab98-64e1-4bcd-aa8d-015b5e9907be,0,정상
1660,5f92ab98-64e1-4bcd-aa8d-015b5e9907be,0,정상
1661,5f92ab98-64e1-4bcd-aa8d-015b5e9907be,0,정상
1662,5f92ab98-64e1-4bcd-aa8d-015b5e9907be,1,R007_해외결제
1663,5f92ab98-64e1-4bcd-aa8d-015b5e9907be,0,정상
1664,5f92ab98-64e1-4bcd-aa8d-015b5e9907be,0,정상
1665,5f92ab98-64e1-4bcd-aa8d-015b5e9907be,0,정상
1666,5f92ab98-64e1-4bcd-aa8d-015b5e9907be,0,정상
1667,5f92ab98-64e1-4bcd-aa8d-015b5e9907be,0,정상
1668,5f92ab98-64e1-4bcd-aa8d-015b5e9907be,0,정상
1669,5f92ab98-64e1-4bcd-aa8d-015b5e9907be,0,정상
1670,5f92ab98-64e1-4bcd-aa8d-015b5e9907be,0,정상
1671,5f92ab98-64e1-4bcd-aa8d-015b5e9907be,1,R005_심야대액
1672,5f92ab98-64e1-4bcd-aa8d-015b5e9907be,0,정상
1673,5f92ab98-64e1-4bcd-aa8d-015b5e9907be,0,정상
1674,5f92ab98-64e1-4bcd-aa8d-015b5e9907be,0,정상
1675,5f92ab98-64e1-4bcd-aa8d-015b5e9907be,0,정상
1676,5f92ab98-64e1-4bcd-aa8d-015b5e9907be,0,정상
1677,5f92ab98-64e1-4bcd-aa8d-015b5e9907be,0,정상
1678,5f92ab98-64e1-4bcd-aa8d-015b5e9907be,0,정상
1679,5f92ab98-64e1-4bcd-aa8d-015b5e9907be,0,정상
1680,5f92ab98-64e1-4bcd-aa8d-015b5e9907be,0,정상
1681,5f92ab98-64e1-4bcd-aa8d-015b5e9907be,0,정상
1682,5f92ab98-64e1-4bcd-aa8d-015b5e9907be,0,정상
1683,5f92ab98-64e1-4bcd-aa8d-015b5e9907be,0,정상
1684,5f92ab98-64e1-4bcd-aa8d-015b5e9907be,0,정상
1685,5f92ab98-64e1-4bcd-aa8d-015b5e9907be,0,정상
1686,5f92ab98-64e1-4bcd-aa8d-015b5e9907be,0,정상
1687,5f92ab98-64e1-4bcd-aa8d-015b5e9907be,0,정상
1688,5f92ab98-64e1-4bcd-aa8d-015b5e9907be,1,R001_단일한도초과
1689,5f92ab98-64e1-4bcd-aa8d-015b5e9907be,0,정상
1690,5f92ab98-64e1-4bcd-aa8d-015b5e9907be,0,정상
1691,5f92ab98-64e1-4bcd-aa8d-015b5e9907be,0,정상
1692,5f92ab98-64e1-4bcd-aa8d-015b5e9907be,0,정상
1693,5f92ab98-64e1-4bcd-aa8d-015b5e9907be,0,정상
1694,5f92ab98-64e1-4bcd-aa8d-015b5e9907be,0,정상
1695,5f92ab98-64e1-4bcd-aa8d-015b5e9907be,0,정상
1696,5f92ab98-64e1-4bcd-aa8d-015b5e9907be,0,정상
1697,5f92ab98-64e1-4bcd-aa8d-015b5e9907be,0,정상
1698,5f92ab98-64e1-4bcd-aa8d-015b5e9907be,0,정상
1699,6d422b5f-1b23-4312-bbfc-4ef97e5fc845,0,정상
1700,6d422b5f-1b23-4312-bbfc-4ef97e5fc845,0,정상
1701,6d422b5f-1b23-4312-bbfc-4ef97e5fc845,0,정상
1702,6d422b5f-1b23-4312-bbfc-4ef97e5fc845,0,정상
1703,6d422b5f-1b23-4312-bbfc-4ef97e5fc845,0,정상
1704,6d422b5f-1b23-4312-bbfc-4ef97e5fc845,0,정상
1705,6d422b5f-1b23-4312-bbfc-4ef97e5fc845,0,정상
1706,6d422b5f-1b23-4312-bbfc-4ef97e5fc845,0,정상
1707,6d422b5f-1b23-4312-bbfc-4ef97e5fc845,0,정상
1708,6d422b5f-1b23-4312-bbfc-4ef97e5fc845,0,정상
1709,6d422b5f-1b23-4312-bbfc-4ef97e5fc845,0,정상
1710,6d422b5f-1b23-4312-bbfc-4ef97e5fc845,0,정상
1711,6d422b5f-1b23-4312-bbfc-4ef97e5fc845,0,정상
1712,6d422b5f-1b23-4312-bbfc-4ef97e5fc845,0,정상
1713,6d422b5f-1b23-4312-bbfc-4ef97e5fc845,0,정상
1714,6d422b5f-1b23-4312-bbfc-4ef97e5fc845,0,정상
1715,6d422b5f-1b23-4312-bbfc-4ef97e5fc845,0,정상
1716,6d422b5f-1b23-4312-bbfc-4ef97e5fc845,0,정상
1717,6d422b5f-1b23-4312-bbfc-4ef97e5fc845,0,정상
1718,6d422b5f-1b23-4312-bbfc-4ef97e5fc845,0,정상
1719,6d422b5f-1b23-4312-bbfc-4ef97e5fc845,0,정상
1720,6d422b5f-1b23-4312-bbfc-4ef97e5fc845,0,정상
1721,6d422b5f-1b23-4312-bbfc-4ef97e5fc845,0,정상
1722,6d422b5f-1b23-4312-bbfc-4ef97e5fc845,0,정상
1723,6d422b5f-1b23-4312-bbfc-4ef97e5fc845,0,정상
1724,6d422b5f-1b23-4312-bbfc-4ef97e5fc845,0,정상
1725,6d422b5f-1b23-4312-bbfc-4ef97e5fc845,0,정상
1726,6d422b5f-1b23-4312-bbfc-4ef97e5fc845,0,정상
1727,6d422b5f-1b23-4312-bbfc-4ef97e5fc845,1,R00x_위치급변
1728,6d422b5f-1b23-4312-bbfc-4ef97e5fc845,0,정상
1729,6d422b5f-1b23-4312-bbfc-4ef97e5fc845,0,정상
1730,6d422b5f-1b23-4312-bbfc-4ef97e5fc845,0,정상
1731,6d422b5f-1b23-4312-bbfc-4ef97e5fc845,0,정상
1732,6d422b5f-1b23-4312-bbfc-4ef97e5fc845,0,정상
1733,6d422b5f-1b23-4312-bbfc-4ef97e5fc845,0,정상
1734,6d422b5f-1b23-4312-bbfc-4ef97e5fc845,0,정상
1735,6d422b5f-1b23-4312-bbfc-4ef97e5fc845,0,정상
1736,6d422b5f-1b23-4312-bbfc-4ef97e5fc845,0,정상
1737,6d422b5f-1b23-4312-bbfc-4ef97e5fc845,0,정상
1738,6d422b5f-1b23-4312-bbfc-4ef97e5fc845,0,정상
1739,6d422b5f-1b23-4312-bbfc-4ef97e5fc845,0,정상
1740,6d422b5f-1b23-4312-bbfc-4ef97e5fc845,0,정상
1741,6d422b5f-1b23-4312-bbfc-4ef97e5fc845,0,정상
1742,6d422b5f-1b23-4312-bbfc-4ef97e5fc845,0,정상
1743,6d422b5f-1b23-4312-bbfc-4ef97e5fc845,0,정상
1744,6d422b5f-1b23-4312-bbfc-4ef97e5fc845,0,정상
1745,6d422b5f-1b23-4312-bbfc-4ef97e5fc845,0,정상
1746,6d422b5f-1b23-4312-bbfc-4ef97e5fc845,0,정상
1747,6d422b5f-1b23-4312-bbfc-4ef97e5fc845,0,정상
1748,6d422b5f-1b23-4312-bbfc-4ef97e5fc845,0,정상
1749,6d422b5f-1b23-4312-bbfc-4ef97e5fc845,0,정상
1750,6d422b5f-1b23-4312-bbfc-4ef97e5fc845,0,정상
1751,6d422b5f-1b23-4312-bbfc-4ef97e5fc845,0,정상
1752,6d422b5f-1b23-4312-bbfc-4ef97e5fc845,0,정상
1753,6d422b5f-1b23-4312-bbfc-4ef97e5fc845,0,정상
1754,6d422b5f-1b23-4312-bbfc-4ef97e5fc845,0,정상
1755,6d422b5f-1b23-4312-bbfc-4ef97e5fc845,0,정상
1756,6d422b5f-1b23-4312-bbfc-4ef97e5fc845,0,정상
1757,6d422b5f-1b23-4312-bbfc-4ef97e5fc845,0,정상
1758,6d422b5f-1b23-4312-bbfc-4ef97e5fc845,0,정상
1759,6d422b5f-1b23-4312-bbfc-4ef97e5fc845,0,정상
1760,6d422b5f-1b23-4312-bbfc-4ef97e5fc845,0,정상
1761,6d422b5f-1b23-4312-bbfc-4ef97e5fc845,0,정상
1762,6d422b5f-1b23-4312-bbfc-4ef97e5fc845,0,정상
1763,6d422b5f-1b23-4312-bbfc-4ef97e5fc845,0,정상
1764,6d422b5f-1b23-4312-bbfc-4ef97e5fc845,0,정상
1765,6d422b5f-1b23-4312-bbfc-4ef97e5fc845,0,정상
1766,6d422b5f-1b23-4312-bbfc-4ef97e5fc845,1,R006_단기반복
1767,6d422b5f-1b23-4312-bbfc-4ef97e5fc845,1,R006_단기반복
1768,6d422b5f-1b23-4312-bbfc-4ef97e5fc845,1,R006_단기반복
1769,6d422b5f-1b23-4312-bbfc-4ef97e5fc845,0,정상
1770,6d422b5f-1b23-4312-bbfc-4ef97e5fc845,0,정상
1771,6d422b5f-1b23-4312-bbfc-4ef97e5fc845,0,정상
1772,6d422b5f-1b23-4312-bbfc-4ef97e5fc845,0,정상
1773,6d422b5f-1b23-4312-bbfc-4ef97e5fc845,0,정상
1774,6d422b5f-1b23-4312-bbfc-4ef97e5fc845,0,정상
1775,6d422b5f-1b23-4312-bbfc-4ef97e5fc845,0,정상
1776,6d422b5f-1b23-4312-bbfc-4ef97e5fc845,0,정상
1777,6d422b5f-1b23-4312-bbfc-4ef97e5fc845,0,정상
1778,6d422b5f-1b23-4312-bbfc-4ef97e5fc845,0,정상
1779,6d422b5f-1b23-4312-bbfc-4ef97e5fc845,0,정상
1780,6d422b5f-1b23-4312-bbfc-4ef97e5fc845,0,정상
1781,6d422b5f-1b23-4312-bbfc-4ef97e5fc845,0,정상
1782,6d422b5f-1b23-4312-bbfc-4ef97e5fc845,0,정상
1783,6d422b5f-1b23-4312-bbfc-4ef97e5fc845,0,정상
1784,6d422b5f-1b23-4312-bbfc-4ef97e5fc845,0,정상
1785,6d422b5f-1b23-4312-bbfc-4ef97e5fc845,0,정상
1786,6d422b5f-1b23-4312-bbfc-4ef97e5fc845,0,정상
1787,6d422b5f-1b23-4312-bbfc-4ef97e5fc845,0,정상
1788,6d422b5f-1b23-4312-bbfc-4ef97e5fc845,0,정상
1789,6d422b5f-1b23-4312-bbfc-4ef97e5fc845,0,정상
1790,6d422b5f-1b23-4312-bbfc-4ef97e5fc845,0,정상
1791,6d422b5f-1b23-4312-bbfc-4ef97e5fc845,0,정상
1792,6d422b5f-1b23-4312-bbfc-4ef97e5fc845,0,정상
1793,6d422b5f-1b23-4312-bbfc-4ef97e5fc845,0,정상
1794,6d422b5f-1b23-4312-bbfc-4ef97e5fc845,0,정상
1795,6d422b5f-1b23-4312-bbfc-4ef97e5fc845,0,정상
1796,6d422b5f-1b23-4312-bbfc-4ef97e5fc845,0,정상
1797,6d422b5f-1b23-4312-bbfc-4ef97e5fc845,0,정상
1798,6d422b5f-1b23-4312-bbfc-4ef97e5fc845,0,정상
1799,6d422b5f-1b23-4312-bbfc-4ef97e5fc845,0,정상
1800,6d422b5f-1b23-4312-bbfc-4ef97e5fc845,0,정상
1801,6d422b5f-1b23-4312-bbfc-4ef97e5fc845,0,정상
1802,6d422b5f-1b23-4312-bbfc-4ef97e5fc845,0,정상
1803,6d422b5f-1b23-4312-bbfc-4ef97e5fc845,0,정상
1804,6d422b5f-1b23-4312-bbfc-4ef97e5fc845,0,정상
1805,6d422b5f-1b23-4312-bbfc-4ef97e5fc845,0,정상
1806,6d422b5f-1b23-4312-bbfc-4ef97e5fc845,0,정상
1807,6d422b5f-1b23-4312-bbfc-4ef97e5fc845,0,정상
1808,6d422b5f-1b23-4312-bbfc-4ef97e5fc845,0,정상
1809,6d422b5f-1b23-4312-bbfc-4ef97e5fc845,0,정상
1810,6d422b5f-1b23-4312-bbfc-4ef97e5fc845,0,정상
1811,6d422b5f-1b23-4312-bbfc-4ef97e5fc845,0,정상
1812,6d422b5f-1b23-4312-bbfc-4ef97e5fc845,0,정상
1813,6d422b5f-1b23-4312-bbfc-4ef97e5fc845,0,정상
1814,6d422b5f-1b23-4312-bbfc-4ef97e5fc845,0,정상
1815,6d422b5f-1b23-4312-bbfc-4ef97e5fc845,1,R007_해외결제
1816,6d422b5f-1b23-4312-bbfc-4ef97e5fc845,0,정상
1817,6d422b5f-1b23-4312-bbfc-4ef97e5fc845,0,정상
1818,6d422b5f-1b23-4312-bbfc-4ef97e5fc845,0,정상
1819,6d422b5f-1b23-4312-bbfc-4ef97e5fc845,0,정상
1820,6d422b5f-1b23-4312-bbfc-4ef97e5fc845,0,정상
1821,6d422b5f-1b23-4312-bbfc-4ef97e5fc845,0,정상
1822,6d422b5f-1b23-4312-bbfc-4ef97e5fc845,0,정상
1823,6d422b5f-1b23-4312-bbfc-4ef97e5fc845,0,정상
1824,6d422b5f-1b23-4312-bbfc-4ef97e5fc845,0,정상
1825,6d422b5f-1b23-4312-bbfc-4ef97e5fc845,0,정상
1826,6d422b5f-1b23-4312-bbfc-4ef97e5fc845,0,정상
1827,6d422b5f-1b23-4312-bbfc-4ef97e5fc845,0,정상
1828,6d422b5f-1b23-4312-bbfc-4ef97e5fc845,0,정상
1829,6d422b5f-1b23-4312-bbfc-4ef97e5fc845,0,정상
1830,6d422b5f-1b23-4312-bbfc-4ef97e5fc845,0,정상
1831,6d422b5f-1b23-4312-bbfc-4ef97e5fc845,0,정상
1832,6d422b5f-1b23-4312-bbfc-4ef97e5fc845,0,정상
1833,6d422b5f-1b23-4312-bbfc-4ef97e5fc845,0,정상
1834,6d422b5f-1b23-4312-bbfc-4ef97e5fc845,0,정상
1835,6d422b5f-1b23-4312-bbfc-4ef97e5fc845,0,정상
1836,6d422b5f-1b23-4312-bbfc-4ef97e5fc845,0,정상
1837,6d422b5f-1b23-4312-bbfc-4ef97e5fc845,0,정상
1838,6d422b5f-1b23-4312-bbfc-4ef97e5fc845,0,정상
1839,6d422b5f-1b23-4312-bbfc-4ef97e5fc845,0,정상
1840,6d422b5f-1b23-4312-bbfc-4ef97e5fc845,0,정상
1841,6d422b5f-1b23-4312-bbfc-4ef97e5fc845,0,정상
1842,6d422b5f-1b23-4312-bbfc-4ef97e5fc845,0,정상
1843,6d422b5f-1b23-4312-bbfc-4ef97e5fc845,0,정상
1844,6d422b5f-1b23-4312-bbfc-4ef97e5fc845,0,정상
1845,6d422b5f-1b23-4312-bbfc-4ef97e5fc845,0,정상
1846,6e6a5fd4-1133-49f6-95cf-c98871733437,0,정상
1847,6e6a5fd4-1133-49f6-95cf-c98871733437,0,정상
1848,6e6a5fd4-1133-49f6-95cf-c98871733437,0,정상
1849,6e6a5fd4-1133-49f6-95cf-c98871733437,0,정상
1850,6e6a5fd4-1133-49f6-95cf-c98871733437,1,R007_해외결제
1851,6e6a5fd4-1133-49f6-95cf-c98871733437,0,정상
1852,6e6a5fd4-1133-49f6-95cf-c98871733437,0,정상
1853,6e6a5fd4-1133-49f6-95cf-c98871733437,0,정상
1854,6e6a5fd4-1133-49f6-95cf-c98871733437,0,정상
1855,6e6a5fd4-1133-49f6-95cf-c98871733437,0,정상
1856,6e6a5fd4-1133-49f6-95cf-c98871733437,0,정상
1857,6e6a5fd4-1133-49f6-95cf-c98871733437,0,정상
1858,6e6a5fd4-1133-49f6-95cf-c98871733437,0,정상
1859,6e6a5fd4-1133-49f6-95cf-c98871733437,0,정상
1860,6e6a5fd4-1133-49f6-95cf-c98871733437,0,정상
1861,6e6a5fd4-1133-49f6-95cf-c98871733437,0,정상
1862,6e6a5fd4-1133-49f6-95cf-c98871733437,0,정상
1863,6e6a5fd4-1133-49f6-95cf-c98871733437,0,정상
1864,6e6a5fd4-1133-49f6-95cf-c98871733437,0,정상
1865,6e6a5fd4-1133-49f6-95cf-c98871733437,0,정상
1866,6e6a5fd4-1133-49f6-95cf-c98871733437,0,정상
1867,6e6a5fd4-1133-49f6-95cf-c98871733437,0,정상
1868,6e6a5fd4-1133-49f6-95cf-c98871733437,0,정상
1869,6e6a5fd4-1133-49f6-95cf-c98871733437,0,정상
1870,6e6a5fd4-1133-49f6-95cf-c98871733437,0,정상
1871,6e6a5fd4-1133-49f6-95cf-c98871733437,0,정상
1872,6e6a5fd4-1133-49f6-95cf-c98871733437,0,정상
1873,6e6a5fd4-1133-49f6-95cf-c98871733437,0,정상
1874,6e6a5fd4-1133-49f6-95cf-c98871733437,0,정상
1875,6e6a5fd4-1133-49f6-95cf-c98871733437,1,R005_심야대액
1876,6e6a5fd4-1133-49f6-95cf-c98871733437,0,정상
1877,6e6a5fd4-1133-49f6-95cf-c98871733437,0,정상
1878,6e6a5fd4-1133-49f6-95cf-c98871733437,0,정상
1879,6e6a5fd4-1133-49f6-95cf-c98871733437,0,정상
1880,6e6a5fd4-1133-49f6-95cf-c98871733437,0,정상
1881,6e6a5fd4-1133-49f6-95cf-c98871733437,0,정상
1882,6e6a5fd4-1133-49f6-95cf-c98871733437,0,정상
1883,6e6a5fd4-1133-49f6-95cf-c98871733437,0,정상
1884,6e6a5fd4-1133-49f6-95cf-c98871733437,0,정상
1885,6e6a5fd4-1133-49f6-95cf-c98871733437,0,정상
1886,6e6a5fd4-1133-49f6-95cf-c98871733437,1,R00x_위치급변
1887,6e6a5fd4-1133-49f6-95cf-c98871733437,0,정상
1888,6e6a5fd4-1133-49f6-95cf-c98871733437,0,정상
1889,6e6a5fd4-1133-49f6-95cf-c98871733437,0,정상
1890,6e6a5fd4-1133-49f6-95cf-c98871733437,0,정상
1891,6e6a5fd4-1133-49f6-95cf-c98871733437,0,정상
1892,6e6a5fd4-1133-49f6-95cf-c98871733437,0,정상
1893,6e6a5fd4-1133-49f6-95cf-c98871733437,0,정상
1894,6e6a5fd4-1133-49f6-95cf-c98871733437,0,정상
1895,6e6a5fd4-1133-49f6-95cf-c98871733437,0,정상
1896,6e6a5fd4-1133-49f6-95cf-c98871733437,0,정상
1897,6e6a5fd4-1133-49f6-95cf-c98871733437,0,정상
1898,6e6a5fd4-1133-49f6-95cf-c98871733437,0,정상
1899,6e6a5fd4-1133-49f6-95cf-c98871733437,0,정상
1900,6e6a5fd4-1133-49f6-95cf-c98871733437,0,정상
1901,6e6a5fd4-1133-49f6-95cf-c98871733437,0,정상
1902,6e6a5fd4-1133-49f6-95cf-c98871733437,0,정상
1903,6e6a5fd4-1133-49f6-95cf-c98871733437,0,정상
1904,6e6a5fd4-1133-49f6-95cf-c98871733437,0,정상
1905,6e6a5fd4-1133-49f6-95cf-c98871733437,0,정상
1906,6e6a5fd4-1133-49f6-95cf-c98871733437,0,정상
1907,6e6a5fd4-1133-49f6-95cf-c98871733437,0,정상
1908,6e6a5fd4-1133-49f6-95cf-c98871733437,0,정상
1909,6e6a5fd4-1133-49f6-95cf-c98871733437,0,정상
1910,6e6a5fd4-1133-49f6-95cf-c98871733437,0,정상
1911,6e6a5fd4-1133-49f6-95cf-c98871733437,0,정상
1912,6e6a5fd4-1133-49f6-95cf-c98871733437,0,정상
1913,6e6a5fd4-1133-49f6-95cf-c98871733437,0,정상
1914,6e6a5fd4-1133-49f6-95cf-c98871733437,0,정상
1915,6e6a5fd4-1133-49f6-95cf-c98871733437,0,정상
1916,6e6a5fd4-1133-49f6-95cf-c98871733437,0,정상
1917,6e6a5fd4-1133-49f6-95cf-c98871733437,0,정상
1918,6e6a5fd4-1133-49f6-95cf-c98871733437,0,정상
1919,6e6a5fd4-1133-49f6-95cf-c98871733437,0,정상
1920,6e6a5fd4-1133-49f6-95cf-c98871733437,0,정상
1921,6e6a5fd4-1133-49f6-95cf-c98871733437,0,정상
1922,6e6a5fd4-1133-49f6-95cf-c98871733437,0,정상
1923,6e6a5fd4-1133-49f6-95cf-c98871733437,0,정상
1924,6e6a5fd4-1133-49f6-95cf-c98871733437,0,정상
1925,6e6a5fd4-1133-49f6-95cf-c98871733437,0,정상
1926,6e6a5fd4-1133-49f6-95cf-c98871733437,0,정상
1927,6e6a5fd4-1133-49f6-95cf-c98871733437,0,정상
1928,6e6a5fd4-1133-49f6-95cf-c98871733437,1,R007_해외결제
1929,6e6a5fd4-1133-49f6-95cf-c98871733437,0,정상
1930,6e6a5fd4-1133-49f6-95cf-c98871733437,0,정상
1931,6e6a5fd4-1133-49f6-95cf-c98871733437,0,정상
1932,6e6a5fd4-1133-49f6-95cf-c98871733437,0,정상
1933,6e6a5fd4-1133-49f6-95cf-c98871733437,0,정상
1934,6e6a5fd4-1133-49f6-95cf-c98871733437,0,정상
1935,6e6a5fd4-1133-49f6-95cf-c98871733437,0,정상
1936,6e6a5fd4-1133-49f6-95cf-c98871733437,0,정상
1937,6e6a5fd4-1133-49f6-95cf-c98871733437,1,R006_단기반복
1938,6e6a5fd4-1133-49f6-95cf-c98871733437,1,R006_단기반복
1939,6e6a5fd4-1133-49f6-95cf-c98871733437,1,R006_단기반복
1940,6e6a5fd4-1133-49f6-95cf-c98871733437,0,정상
1941,6e6a5fd4-1133-49f6-95cf-c98871733437,0,정상
1942,6e6a5fd4-1133-49f6-95cf-c98871733437,0,정상
1943,6e6a5fd4-1133-49f6-95cf-c98871733437,0,정상
1944,6e6a5fd4-1133-49f6-95cf-c98871733437,0,정상
1945,6e6a5fd4-1133-49f6-95cf-c98871733437,0,정상
1946,6e6a5fd4-1133-49f6-95cf-c98871733437,0,정상
1947,6e6a5fd4-1133-49f6-95cf-c98871733437,0,정상
1948,6e6a5fd4-1133-49f6-95cf-c98871733437,0,정상
1949,6e6a5fd4-1133-49f6-95cf-c98871733437,0,정상
1950,6e6a5fd4-1133-49f6-95cf-c98871733437,0,정상
1951,6e6a5fd4-1133-49f6-95cf-c98871733437,1,R005_심야대액
1952,6e6a5fd4-1133-49f6-95cf-c98871733437,0,정상
1953,6e6a5fd4-1133-49f6-95cf-c98871733437,0,정상
1954,6e6a5fd4-1133-49f6-95cf-c98871733437,0,정상
1955,6e6a5fd4-1133-49f6-95cf-c98871733437,0,정상
1956,6e6a5fd4-1133-49f6-95cf-c98871733437,0,정상
1957,6e6a5fd4-1133-49f6-95cf-c98871733437,0,정상
1958,6e6a5fd4-1133-49f6-95cf-c98871733437,0,정상
1959,6e6a5fd4-1133-49f6-95cf-c98871733437,0,정상
1960,6e6a5fd4-1133-49f6-95cf-c98871733437,0,정상
1961,6e6a5fd4-1133-49f6-95cf-c98871733437,0,정상
1962,6e6a5fd4-1133-49f6-95cf-c98871733437,0,정상
1963,6e6a5fd4-1133-49f6-95cf-c98871733437,0,정상
1964,6e6a5fd4-1133-49f6-95cf-c98871733437,0,정상
1965,6e6a5fd4-1133-49f6-95cf-c98871733437,0,정상
1966,6e6a5fd4-1133-49f6-95cf-c98871733437,0,정상
1967,6e6a5fd4-1133-49f6-95cf-c98871733437,0,정상
1968,6e6a5fd4-1133-49f6-95cf-c98871733437,0,정상
1969,6e6a5fd4-1133-49f6-95cf-c98871733437,0,정상
1970,6e6a5fd4-1133-49f6-95cf-c98871733437,1,R00x_위치급변
1971,6e6a5fd4-1133-49f6-95cf-c98871733437,0,정상
1972,6e6a5fd4-1133-49f6-95cf-c98871733437,0,정상
1973,6e6a5fd4-1133-49f6-95cf-c98871733437,1,R005_심야대액
1974,6e6a5fd4-1133-49f6-95cf-c98871733437,0,정상
1975,6e6a5fd4-1133-49f6-95cf-c98871733437,0,정상
1976,6edfcfbb-392e-493c-a0e2-3123f9b2e5e5,0,정상
1977,6edfcfbb-392e-493c-a0e2-3123f9b2e5e5,0,정상
1978,6edfcfbb-392e-493c-a0e2-3123f9b2e5e5,0,정상
1979,6edfcfbb-392e-493c-a0e2-3123f9b2e5e5,0,정상
1980,6edfcfbb-392e-493c-a0e2-3123f9b2e5e5,0,정상
1981,6edfcfbb-392e-493c-a0e2-3123f9b2e5e5,0,정상
1982,6edfcfbb-392e-493c-a0e2-3123f9b2e5e5,0,정상
1983,6edfcfbb-392e-493c-a0e2-3123f9b2e5e5,0,정상
1984,6edfcfbb-392e-493c-a0e2-3123f9b2e5e5,0,정상
1985,6edfcfbb-392e-493c-a0e2-3123f9b2e5e5,0,정상
1986,6edfcfbb-392e-493c-a0e2-3123f9b2e5e5,0,정상
1987,6edfcfbb-392e-493c-a0e2-3123f9b2e5e5,0,정상
1988,6edfcfbb-392e-493c-a0e2-3123f9b2e5e5,0,정상
1989,6edfcfbb-392e-493c-a0e2-3123f9b2e5e5,0,정상
1990,6edfcfbb-392e-493c-a0e2-3123f9b2e5e5,0,정상
1991,6edfcfbb-392e-493c-a0e2-3123f9b2e5e5,0,정상
1992,6edfcfbb-392e-493c-a0e2-3123f9b2e5e5,0,정상
1993,6edfcfbb-392e-493c-a0e2-3123f9b2e5e5,0,정상
1994,6edfcfbb-392e-493c-a0e2-3123f9b2e5e5,0,정상
1995,6edfcfbb-392e-493c-a0e2-3123f9b2e5e5,0,정상
1996,6edfcfbb-392e-493c-a0e2-3123f9b2e5e5,0,정상
1997,6edfcfbb-392e-493c-a0e2-3123f9b2e5e5,0,정상
1998,6edfcfbb-392e-493c-a0e2-3123f9b2e5e5,0,정상
1999,6edfcfbb-392e-493c-a0e2-3123f9b2e5e5,0,정상
2000,6edfcfbb-392e-493c-a0e2-3123f9b2e5e5,0,정상
2001,6edfcfbb-392e-493c-a0e2-3123f9b2e5e5,0,정상
2002,6edfcfbb-392e-493c-a0e2-3123f9b2e5e5,0,정상
2003,6edfcfbb-392e-493c-a0e2-3123f9b2e5e5,0,정상
2004,6edfcfbb-392e-493c-a0e2-3123f9b2e5e5,0,정상
2005,6edfcfbb-392e-493c-a0e2-3123f9b2e5e5,0,정상
2006,6edfcfbb-392e-493c-a0e2-3123f9b2e5e5,0,정상
2007,6edfcfbb-392e-493c-a0e2-3123f9b2e5e5,0,정상
2008,6edfcfbb-392e-493c-a0e2-3123f9b2e5e5,0,정상
2009,6edfcfbb-392e-493c-a0e2-3123f9b2e5e5,0,정상
2010,6edfcfbb-392e-493c-a0e2-3123f9b2e5e5,0,정상
2011,6edfcfbb-392e-493c-a0e2-3123f9b2e5e5,0,정상
2012,6edfcfbb-392e-493c-a0e2-3123f9b2e5e5,0,정상
2013,6edfcfbb-392e-493c-a0e2-3123f9b2e5e5,0,정상
2014,6edfcfbb-392e-493c-a0e2-3123f9b2e5e5,0,정상
2015,6edfcfbb-392e-493c-a0e2-3123f9b2e5e5,0,정상
2016,6edfcfbb-392e-493c-a0e2-3123f9b2e5e5,0,정상
2017,6edfcfbb-392e-493c-a0e2-3123f9b2e5e5,0,정상
2018,6edfcfbb-392e-493c-a0e2-3123f9b2e5e5,0,정상
2019,6edfcfbb-392e-493c-a0e2-3123f9b2e5e5,0,정상
2020,6edfcfbb-392e-493c-a0e2-3123f9b2e5e5,0,정상
2021,6edfcfbb-392e-493c-a0e2-3123f9b2e5e5,0,정상
2022,6edfcfbb-392e-493c-a0e2-3123f9b2e5e5,0,정상
2023,6edfcfbb-392e-493c-a0e2-3123f9b2e5e5,0,정상
2024,6edfcfbb-392e-493c-a0e2-3123f9b2e5e5,0,정상
2025,6edfcfbb-392e-493c-a0e2-3123f9b2e5e5,0,정상
2026,6edfcfbb-392e-493c-a0e2-3123f9b2e5e5,0,정상
2027,6edfcfbb-392e-493c-a0e2-3123f9b2e5e5,0,정상
2028,6edfcfbb-392e-493c-a0e2-3123f9b2e5e5,0,정상
2029,6edfcfbb-392e-493c-a0e2-3123f9b2e5e5,0,정상
2030,6edfcfbb-392e-493c-a0e2-3123f9b2e5e5,0,정상
2031,6edfcfbb-392e-493c-a0e2-3123f9b2e5e5,0,정상
2032,6edfcfbb-392e-493c-a0e2-3123f9b2e5e5,0,정상
2033,6edfcfbb-392e-493c-a0e2-3123f9b2e5e5,0,정상
2034,6edfcfbb-392e-493c-a0e2-3123f9b2e5e5,0,정상
2035,6edfcfbb-392e-493c-a0e2-3123f9b2e5e5,0,정상
2036,6edfcfbb-392e-493c-a0e2-3123f9b2e5e5,0,정상
2037,6edfcfbb-392e-493c-a0e2-3123f9b2e5e5,0,정상
2038,6edfcfbb-392e-493c-a0e2-3123f9b2e5e5,0,정상
2039,6edfcfbb-392e-493c-a0e2-3123f9b2e5e5,0,정상
2040,6edfcfbb-392e-493c-a0e2-3123f9b2e5e5,0,정상
2041,6edfcfbb-392e-493c-a0e2-3123f9b2e5e5,0,정상
2042,6edfcfbb-392e-493c-a0e2-3123f9b2e5e5,0,정상
2043,6edfcfbb-392e-493c-a0e2-3123f9b2e5e5,1,R005_심야대액
2044,6edfcfbb-392e-493c-a0e2-3123f9b2e5e5,0,정상
2045,6edfcfbb-392e-493c-a0e2-3123f9b2e5e5,0,정상
2046,6edfcfbb-392e-493c-a0e2-3123f9b2e5e5,0,정상
2047,6edfcfbb-392e-493c-a0e2-3123f9b2e5e5,0,정상
2048,6edfcfbb-392e-493c-a0e2-3123f9b2e5e5,0,정상
2049,6edfcfbb-392e-493c-a0e2-3123f9b2e5e5,0,정상
2050,6edfcfbb-392e-493c-a0e2-3123f9b2e5e5,0,정상
2051,6edfcfbb-392e-493c-a0e2-3123f9b2e5e5,0,정상
2052,6edfcfbb-392e-493c-a0e2-3123f9b2e5e5,0,정상
2053,6edfcfbb-392e-493c-a0e2-3123f9b2e5e5,0,정상
2054,6edfcfbb-392e-493c-a0e2-3123f9b2e5e5,0,정상
2055,6edfcfbb-392e-493c-a0e2-3123f9b2e5e5,0,정상
2056,6edfcfbb-392e-493c-a0e2-3123f9b2e5e5,0,정상
2057,6edfcfbb-392e-493c-a0e2-3123f9b2e5e5,0,정상
2058,6edfcfbb-392e-493c-a0e2-3123f9b2e5e5,0,정상
2059,6edfcfbb-392e-493c-a0e2-3123f9b2e5e5,0,정상
2060,6edfcfbb-392e-493c-a0e2-3123f9b2e5e5,0,정상
2061,6edfcfbb-392e-493c-a0e2-3123f9b2e5e5,0,정상
2062,6edfcfbb-392e-493c-a0e2-3123f9b2e5e5,0,정상
2063,6edfcfbb-392e-493c-a0e2-3123f9b2e5e5,0,정상
2064,6edfcfbb-392e-493c-a0e2-3123f9b2e5e5,0,정상
2065,6edfcfbb-392e-493c-a0e2-3123f9b2e5e5,0,정상
2066,6edfcfbb-392e-493c-a0e2-3123f9b2e5e5,0,정상
2067,6edfcfbb-392e-493c-a0e2-3123f9b2e5e5,0,정상
2068,6edfcfbb-392e-493c-a0e2-3123f9b2e5e5,0,정상
2069,6edfcfbb-392e-493c-a0e2-3123f9b2e5e5,0,정상
2070,6edfcfbb-392e-493c-a0e2-3123f9b2e5e5,0,정상
2071,6edfcfbb-392e-493c-a0e2-3123f9b2e5e5,0,정상
2072,6edfcfbb-392e-493c-a0e2-3123f9b2e5e5,0,정상
2073,6edfcfbb-392e-493c-a0e2-3123f9b2e5e5,0,정상
2074,6edfcfbb-392e-493c-a0e2-3123f9b2e5e5,0,정상
2075,6edfcfbb-392e-493c-a0e2-3123f9b2e5e5,0,정상
2076,6edfcfbb-392e-493c-a0e2-3123f9b2e5e5,0,정상
2077,6edfcfbb-392e-493c-a0e2-3123f9b2e5e5,0,정상
2078,6edfcfbb-392e-493c-a0e2-3123f9b2e5e5,0,정상
2079,6edfcfbb-392e-493c-a0e2-3123f9b2e5e5,0,정상
2080,6edfcfbb-392e-493c-a0e2-3123f9b2e5e5,0,정상
2081,6edfcfbb-392e-493c-a0e2-3123f9b2e5e5,1,R007_해외결제
2082,6edfcfbb-392e-493c-a0e2-3123f9b2e5e5,0,정상
2083,6edfcfbb-392e-493c-a0e2-3123f9b2e5e5,0,정상
2084,6edfcfbb-392e-493c-a0e2-3123f9b2e5e5,0,정상
2085,6edfcfbb-392e-493c-a0e2-3123f9b2e5e5,0,정상
2086,6edfcfbb-392e-493c-a0e2-3123f9b2e5e5,0,정상
2087,6edfcfbb-392e-493c-a0e2-3123f9b2e5e5,0,정상
2088,6edfcfbb-392e-493c-a0e2-3123f9b2e5e5,0,정상
2089,6edfcfbb-392e-493c-a0e2-3123f9b2e5e5,0,정상
2090,6edfcfbb-392e-493c-a0e2-3123f9b2e5e5,0,정상
2091,6edfcfbb-392e-493c-a0e2-3123f9b2e5e5,0,정상
2092,6edfcfbb-392e-493c-a0e2-3123f9b2e5e5,0,정상
2093,6edfcfbb-392e-493c-a0e2-3123f9b2e5e5,0,정상
2094,6edfcfbb-392e-493c-a0e2-3123f9b2e5e5,0,정상
2095,6edfcfbb-392e-493c-a0e2-3123f9b2e5e5,0,정상
2096,6edfcfbb-392e-493c-a0e2-3123f9b2e5e5,0,정상
2097,6edfcfbb-392e-493c-a0e2-3123f9b2e5e5,0,정상
2098,6edfcfbb-392e-493c-a0e2-3123f9b2e5e5,0,정상
2099,6edfcfbb-392e-493c-a0e2-3123f9b2e5e5,0,정상
2100,6edfcfbb-392e-493c-a0e2-3123f9b2e5e5,0,정상
2101,6edfcfbb-392e-493c-a0e2-3123f9b2e5e5,0,정상
2102,6edfcfbb-392e-493c-a0e2-3123f9b2e5e5,0,정상
2103,6edfcfbb-392e-493c-a0e2-3123f9b2e5e5,0,정상
2104,6edfcfbb-392e-493c-a0e2-3123f9b2e5e5,0,정상
2105,6edfcfbb-392e-493c-a0e2-3123f9b2e5e5,0,정상
2106,6edfcfbb-392e-493c-a0e2-3123f9b2e5e5,0,정상
2107,6edfcfbb-392e-493c-a0e2-3123f9b2e5e5,0,정상
2108,6edfcfbb-392e-493c-a0e2-3123f9b2e5e5,0,정상
2109,6edfcfbb-392e-493c-a0e2-3123f9b2e5e5,0,정상
2110,6edfcfbb-392e-493c-a0e2-3123f9b2e5e5,0,정상
2111,6edfcfbb-392e-493c-a0e2-3123f9b2e5e5,0,정상
2112,6edfcfbb-392e-493c-a0e2-3123f9b2e5e5,0,정상
2113,6edfcfbb-392e-493c-a0e2-3123f9b2e5e5,0,정상
2114,6edfcfbb-392e-493c-a0e2-3123f9b2e5e5,0,정상
2115,6edfcfbb-392e-493c-a0e2-3123f9b2e5e5,0,정상
2116,6edfcfbb-392e-493c-a0e2-3123f9b2e5e5,0,정상
2117,6edfcfbb-392e-493c-a0e2-3123f9b2e5e5,0,정상
2118,6edfcfbb-392e-493c-a0e2-3123f9b2e5e5,0,정상
2119,6edfcfbb-392e-493c-a0e2-3123f9b2e5e5,0,정상
2120,6edfcfbb-392e-493c-a0e2-3123f9b2e5e5,0,정상
2121,6edfcfbb-392e-493c-a0e2-3123f9b2e5e5,0,정상
2122,6edfcfbb-392e-493c-a0e2-3123f9b2e5e5,0,정상
2123,727eadc6-6e21-47c1-9f4e-69bdde402a7f,0,정상
2124,727eadc6-6e21-47c1-9f4e-69bdde402a7f,0,정상
2125,727eadc6-6e21-47c1-9f4e-69bdde402a7f,0,정상
2126,727eadc6-6e21-47c1-9f4e-69bdde402a7f,0,정상
2127,727eadc6-6e21-47c1-9f4e-69bdde402a7f,0,정상
2128,727eadc6-6e21-47c1-9f4e-69bdde402a7f,0,정상
2129,727eadc6-6e21-47c1-9f4e-69bdde402a7f,0,정상
2130,727eadc6-6e21-47c1-9f4e-69bdde402a7f,0,정상
2131,727eadc6-6e21-47c1-9f4e-69bdde402a7f,0,정상
2132,727eadc6-6e21-47c1-9f4e-69bdde402a7f,0,정상
2133,727eadc6-6e21-47c1-9f4e-69bdde402a7f,0,정상
2134,727eadc6-6e21-47c1-9f4e-69bdde402a7f,0,정상
2135,727eadc6-6e21-47c1-9f4e-69bdde402a7f,1,R005_심야대액
2136,727eadc6-6e21-47c1-9f4e-69bdde402a7f,0,정상
2137,727eadc6-6e21-47c1-9f4e-69bdde402a7f,0,정상
2138,727eadc6-6e21-47c1-9f4e-69bdde402a7f,0,정상
2139,727eadc6-6e21-47c1-9f4e-69bdde402a7f,0,정상
2140,727eadc6-6e21-47c1-9f4e-69bdde402a7f,0,정상
2141,727eadc6-6e21-47c1-9f4e-69bdde402a7f,0,정상
2142,727eadc6-6e21-47c1-9f4e-69bdde402a7f,0,정상
2143,727eadc6-6e21-47c1-9f4e-69bdde402a7f,0,정상
2144,727eadc6-6e21-47c1-9f4e-69bdde402a7f,1,R007_해외결제
2145,727eadc6-6e21-47c1-9f4e-69bdde402a7f,0,정상
2146,727eadc6-6e21-47c1-9f4e-69bdde402a7f,0,정상
2147,727eadc6-6e21-47c1-9f4e-69bdde402a7f,0,정상
2148,727eadc6-6e21-47c1-9f4e-69bdde402a7f,0,정상
2149,727eadc6-6e21-47c1-9f4e-69bdde402a7f,0,정상
2150,727eadc6-6e21-47c1-9f4e-69bdde402a7f,0,정상
2151,727eadc6-6e21-47c1-9f4e-69bdde402a7f,0,정상
2152,727eadc6-6e21-47c1-9f4e-69bdde402a7f,0,정상
2153,727eadc6-6e21-47c1-9f4e-69bdde402a7f,0,정상
2154,727eadc6-6e21-47c1-9f4e-69bdde402a7f,0,정상
2155,727eadc6-6e21-47c1-9f4e-69bdde402a7f,0,정상
2156,727eadc6-6e21-47c1-9f4e-69bdde402a7f,0,정상
2157,727eadc6-6e21-47c1-9f4e-69bdde402a7f,0,정상
2158,727eadc6-6e21-47c1-9f4e-69bdde402a7f,0,정상
2159,727eadc6-6e21-47c1-9f4e-69bdde402a7f,1,R001_단일한도초과
2160,727eadc6-6e21-47c1-9f4e-69bdde402a7f,0,정상
2161,727eadc6-6e21-47c1-9f4e-69bdde402a7f,0,정상
2162,727eadc6-6e21-47c1-9f4e-69bdde402a7f,0,정상
2163,727eadc6-6e21-47c1-9f4e-69bdde402a7f,0,정상
2164,727eadc6-6e21-47c1-9f4e-69bdde402a7f,0,정상
2165,727eadc6-6e21-47c1-9f4e-69bdde402a7f,0,정상
2166,727eadc6-6e21-47c1-9f4e-69bdde402a7f,0,정상
2167,727eadc6-6e21-47c1-9f4e-69bdde402a7f,0,정상
2168,727eadc6-6e21-47c1-9f4e-69bdde402a7f,0,정상
2169,727eadc6-6e21-47c1-9f4e-69bdde402a7f,0,정상
2170,727eadc6-6e21-47c1-9f4e-69bdde402a7f,0,정상
2171,727eadc6-6e21-47c1-9f4e-69bdde402a7f,0,정상
2172,727eadc6-6e21-47c1-9f4e-69bdde402a7f,1,R001_단일한도초과
2173,727eadc6-6e21-47c1-9f4e-69bdde402a7f,0,정상
2174,727eadc6-6e21-47c1-9f4e-69bdde402a7f,0,정상
2175,727eadc6-6e21-47c1-9f4e-69bdde402a7f,0,정상
2176,727eadc6-6e21-47c1-9f4e-69bdde402a7f,0,정상
2177,727eadc6-6e21-47c1-9f4e-69bdde402a7f,0,정상
2178,727eadc6-6e21-47c1-9f4e-69bdde402a7f,0,정상
2179,727eadc6-6e21-47c1-9f4e-69bdde402a7f,1,R005_심야대액
2180,727eadc6-6e21-47c1-9f4e-69bdde402a7f,0,정상
2181,727eadc6-6e21-47c1-9f4e-69bdde402a7f,0,정상
2182,727eadc6-6e21-47c1-9f4e-69bdde402a7f,0,정상
2183,727eadc6-6e21-47c1-9f4e-69bdde402a7f,0,정상
2184,727eadc6-6e21-47c1-9f4e-69bdde402a7f,0,정상
2185,727eadc6-6e21-47c1-9f4e-69bdde402a7f,0,정상
2186,727eadc6-6e21-47c1-9f4e-69bdde402a7f,0,정상
2187,727eadc6-6e21-47c1-9f4e-69bdde402a7f,0,정상
2188,727eadc6-6e21-47c1-9f4e-69bdde402a7f,0,정상
2189,727eadc6-6e21-47c1-9f4e-69bdde402a7f,0,정상
2190,727eadc6-6e21-47c1-9f4e-69bdde402a7f,0,정상
2191,727eadc6-6e21-47c1-9f4e-69bdde402a7f,0,정상
2192,727eadc6-6e21-47c1-9f4e-69bdde402a7f,0,정상
2193,727eadc6-6e21-47c1-9f4e-69bdde402a7f,0,정상
2194,727eadc6-6e21-47c1-9f4e-69bdde402a7f,0,정상
2195,727eadc6-6e21-47c1-9f4e-69bdde402a7f,0,정상
2196,727eadc6-6e21-47c1-9f4e-69bdde402a7f,0,정상
2197,727eadc6-6e21-47c1-9f4e-69bdde402a7f,0,정상
2198,727eadc6-6e21-47c1-9f4e-69bdde402a7f,0,정상
2199,727eadc6-6e21-47c1-9f4e-69bdde402a7f,0,정상
2200,727eadc6-6e21-47c1-9f4e-69bdde402a7f,0,정상
2201,727eadc6-6e21-47c1-9f4e-69bdde402a7f,0,정상
2202,727eadc6-6e21-47c1-9f4e-69bdde402a7f,0,정상
2203,727eadc6-6e21-47c1-9f4e-69bdde402a7f,0,정상
2204,727eadc6-6e21-47c1-9f4e-69bdde402a7f,0,정상
2205,727eadc6-6e21-47c1-9f4e-69bdde402a7f,0,정상
2206,727eadc6-6e21-47c1-9f4e-69bdde402a7f,0,정상
2207,727eadc6-6e21-47c1-9f4e-69bdde402a7f,0,정상
2208,727eadc6-6e21-47c1-9f4e-69bdde402a7f,0,정상
2209,727eadc6-6e21-47c1-9f4e-69bdde402a7f,0,정상
2210,727eadc6-6e21-47c1-9f4e-69bdde402a7f,0,정상
2211,727eadc6-6e21-47c1-9f4e-69bdde402a7f,0,정상
2212,727eadc6-6e21-47c1-9f4e-69bdde402a7f,0,정상
2213,727eadc6-6e21-47c1-9f4e-69bdde402a7f,0,정상
2214,727eadc6-6e21-47c1-9f4e-69bdde402a7f,0,정상
2215,727eadc6-6e21-47c1-9f4e-69bdde402a7f,1,R007_해외결제
2216,727eadc6-6e21-47c1-9f4e-69bdde402a7f,0,정상
2217,727eadc6-6e21-47c1-9f4e-69bdde402a7f,0,정상
2218,727eadc6-6e21-47c1-9f4e-69bdde402a7f,0,정상
2219,727eadc6-6e21-47c1-9f4e-69bdde402a7f,0,정상
2220,727eadc6-6e21-47c1-9f4e-69bdde402a7f,0,정상
2221,727eadc6-6e21-47c1-9f4e-69bdde402a7f,0,정상
2222,727eadc6-6e21-47c1-9f4e-69bdde402a7f,0,정상
2223,727eadc6-6e21-47c1-9f4e-69bdde402a7f,0,정상
2224,727eadc6-6e21-47c1-9f4e-69bdde402a7f,0,정상
2225,727eadc6-6e21-47c1-9f4e-69bdde402a7f,0,정상
2226,727eadc6-6e21-47c1-9f4e-69bdde402a7f,0,정상
2227,727eadc6-6e21-47c1-9f4e-69bdde402a7f,0,정상
2228,727eadc6-6e21-47c1-9f4e-69bdde402a7f,0,정상
2229,727eadc6-6e21-47c1-9f4e-69bdde402a7f,0,정상
2230,727eadc6-6e21-47c1-9f4e-69bdde402a7f,0,정상
2231,727eadc6-6e21-47c1-9f4e-69bdde402a7f,1,R00y_신규기기
2232,727eadc6-6e21-47c1-9f4e-69bdde402a7f,0,정상
2233,727eadc6-6e21-47c1-9f4e-69bdde402a7f,0,정상
2234,727eadc6-6e21-47c1-9f4e-69bdde402a7f,0,정상
2235,727eadc6-6e21-47c1-9f4e-69bdde402a7f,0,정상
2236,727eadc6-6e21-47c1-9f4e-69bdde402a7f,0,정상
2237,727eadc6-6e21-47c1-9f4e-69bdde402a7f,0,정상
2238,727eadc6-6e21-47c1-9f4e-69bdde402a7f,0,정상
2239,727eadc6-6e21-47c1-9f4e-69bdde402a7f,0,정상
2240,727eadc6-6e21-47c1-9f4e-69bdde402a7f,1,R006_단기반복
2241,727eadc6-6e21-47c1-9f4e-69bdde402a7f,1,R006_단기반복
2242,727eadc6-6e21-47c1-9f4e-69bdde402a7f,1,R006_단기반복
2243,727eadc6-6e21-47c1-9f4e-69bdde402a7f,0,정상
2244,727eadc6-6e21-47c1-9f4e-69bdde402a7f,0,정상
2245,727eadc6-6e21-47c1-9f4e-69bdde402a7f,0,정상
2246,727eadc6-6e21-47c1-9f4e-69bdde402a7f,0,정상
2247,727eadc6-6e21-47c1-9f4e-69bdde402a7f,1,R00x_위치급변
2248,727eadc6-6e21-47c1-9f4e-69bdde402a7f,1,R005_심야대액
2249,727eadc6-6e21-47c1-9f4e-69bdde402a7f,0,정상
2250,727eadc6-6e21-47c1-9f4e-69bdde402a7f,0,정상
2251,727eadc6-6e21-47c1-9f4e-69bdde402a7f,0,정상
2252,727eadc6-6e21-47c1-9f4e-69bdde402a7f,0,정상
2253,727eadc6-6e21-47c1-9f4e-69bdde402a7f,0,정상
2254,727eadc6-6e21-47c1-9f4e-69bdde402a7f,0,정상
2255,727eadc6-6e21-47c1-9f4e-69bdde402a7f,1,R00x_위치급변
2256,727eadc6-6e21-47c1-9f4e-69bdde402a7f,0,정상
2257,727eadc6-6e21-47c1-9f4e-69bdde402a7f,0,정상
2258,727eadc6-6e21-47c1-9f4e-69bdde402a7f,0,정상
2259,727eadc6-6e21-47c1-9f4e-69bdde402a7f,0,정상
2260,727eadc6-6e21-47c1-9f4e-69bdde402a7f,1,R007_해외결제
2261,727eadc6-6e21-47c1-9f4e-69bdde402a7f,0,정상
2262,727eadc6-6e21-47c1-9f4e-69bdde402a7f,1,R00x_위치급변
2263,727eadc6-6e21-47c1-9f4e-69bdde402a7f,0,정상
2264,727eadc6-6e21-47c1-9f4e-69bdde402a7f,0,정상
2265,727eadc6-6e21-47c1-9f4e-69bdde402a7f,0,정상
2266,727eadc6-6e21-47c1-9f4e-69bdde402a7f,0,정상
2267,727eadc6-6e21-47c1-9f4e-69bdde402a7f,0,정상
2268,727eadc6-6e21-47c1-9f4e-69bdde402a7f,0,정상
2269,727eadc6-6e21-47c1-9f4e-69bdde402a7f,0,정상
2270,727eadc6-6e21-47c1-9f4e-69bdde402a7f,0,정상
2271,727eadc6-6e21-47c1-9f4e-69bdde402a7f,0,정상
2272,727eadc6-6e21-47c1-9f4e-69bdde402a7f,0,정상
2273,727eadc6-6e21-47c1-9f4e-69bdde402a7f,0,정상
2274,727eadc6-6e21-47c1-9f4e-69bdde402a7f,0,정상
2275,787f87e7-cc50-42aa-9a17-641aa74cf9f5,0,정상
2276,787f87e7-cc50-42aa-9a17-641aa74cf9f5,0,정상
2277,787f87e7-cc50-42aa-9a17-641aa74cf9f5,0,정상
2278,787f87e7-cc50-42aa-9a17-641aa74cf9f5,0,정상
2279,787f87e7-cc50-42aa-9a17-641aa74cf9f5,0,정상
2280,787f87e7-cc50-42aa-9a17-641aa74cf9f5,0,정상
2281,787f87e7-cc50-42aa-9a17-641aa74cf9f5,0,정상
2282,787f87e7-cc50-42aa-9a17-641aa74cf9f5,0,정상
2283,787f87e7-cc50-42aa-9a17-641aa74cf9f5,0,정상
2284,787f87e7-cc50-42aa-9a17-641aa74cf9f5,0,정상
2285,787f87e7-cc50-42aa-9a17-641aa74cf9f5,0,정상
2286,787f87e7-cc50-42aa-9a17-641aa74cf9f5,0,정상
2287,787f87e7-cc50-42aa-9a17-641aa74cf9f5,0,정상
2288,787f87e7-cc50-42aa-9a17-641aa74cf9f5,0,정상
2289,787f87e7-cc50-42aa-9a17-641aa74cf9f5,0,정상
2290,787f87e7-cc50-42aa-9a17-641aa74cf9f5,0,정상
2291,787f87e7-cc50-42aa-9a17-641aa74cf9f5,0,정상
2292,787f87e7-cc50-42aa-9a17-641aa74cf9f5,0,정상
2293,787f87e7-cc50-42aa-9a17-641aa74cf9f5,0,정상
2294,787f87e7-cc50-42aa-9a17-641aa74cf9f5,0,정상
2295,787f87e7-cc50-42aa-9a17-641aa74cf9f5,0,정상
2296,787f87e7-cc50-42aa-9a17-641aa74cf9f5,0,정상
2297,787f87e7-cc50-42aa-9a17-641aa74cf9f5,0,정상
2298,787f87e7-cc50-42aa-9a17-641aa74cf9f5,0,정상
2299,787f87e7-cc50-42aa-9a17-641aa74cf9f5,0,정상
2300,787f87e7-cc50-42aa-9a17-641aa74cf9f5,0,정상
2301,787f87e7-cc50-42aa-9a17-641aa74cf9f5,0,정상
2302,787f87e7-cc50-42aa-9a17-641aa74cf9f5,0,정상
2303,787f87e7-cc50-42aa-9a17-641aa74cf9f5,0,정상
2304,787f87e7-cc50-42aa-9a17-641aa74cf9f5,0,정상
2305,787f87e7-cc50-42aa-9a17-641aa74cf9f5,0,정상
2306,787f87e7-cc50-42aa-9a17-641aa74cf9f5,0,정상
2307,787f87e7-cc50-42aa-9a17-641aa74cf9f5,0,정상
2308,787f87e7-cc50-42aa-9a17-641aa74cf9f5,0,정상
2309,787f87e7-cc50-42aa-9a17-641aa74cf9f5,0,정상
2310,787f87e7-cc50-42aa-9a17-641aa74cf9f5,0,정상
2311,787f87e7-cc50-42aa-9a17-641aa74cf9f5,0,정상
2312,787f87e7-cc50-42aa-9a17-641aa74cf9f5,0,정상
2313,787f87e7-cc50-42aa-9a17-641aa74cf9f5,0,정상
2314,787f87e7-cc50-42aa-9a17-641aa74cf9f5,0,정상
2315,787f87e7-cc50-42aa-9a17-641aa74cf9f5,1,R001_단일한도초과
2316,787f87e7-cc50-42aa-9a17-641aa74cf9f5,0,정상
2317,787f87e7-cc50-42aa-9a17-641aa74cf9f5,0,정상
2318,787f87e7-cc50-42aa-9a17-641aa74cf9f5,0,정상
2319,787f87e7-cc50-42aa-9a17-641aa74cf9f5,0,정상
2320,787f87e7-cc50-42aa-9a17-641aa74cf9f5,0,정상
2321,787f87e7-cc50-42aa-9a17-641aa74cf9f5,0,정상
2322,787f87e7-cc50-42aa-9a17-641aa74cf9f5,0,정상
2323,787f87e7-cc50-42aa-9a17-641aa74cf9f5,0,정상
2324,787f87e7-cc50-42aa-9a17-641aa74cf9f5,0,정상
2325,787f87e7-cc50-42aa-9a17-641aa74cf9f5,1,R005_심야대액
2326,787f87e7-cc50-42aa-9a17-641aa74cf9f5,0,정상
2327,787f87e7-cc50-42aa-9a17-641aa74cf9f5,0,정상
2328,787f87e7-cc50-42aa-9a17-641aa74cf9f5,0,정상
2329,787f87e7-cc50-42aa-9a17-641aa74cf9f5,0,정상
2330,787f87e7-cc50-42aa-9a17-641aa74cf9f5,0,정상
2331,787f87e7-cc50-42aa-9a17-641aa74cf9f5,0,정상
2332,787f87e7-cc50-42aa-9a17-641aa74cf9f5,0,정상
2333,787f87e7-cc50-42aa-9a17-641aa74cf9f5,0,정상
2334,787f87e7-cc50-42aa-9a17-641aa74cf9f5,0,정상
2335,787f87e7-cc50-42aa-9a17-641aa74cf9f5,0,정상
2336,787f87e7-cc50-42aa-9a17-641aa74cf9f5,0,정상
2337,787f87e7-cc50-42aa-9a17-641aa74cf9f5,0,정상
2338,787f87e7-cc50-42aa-9a17-641aa74cf9f5,0,정상
2339,787f87e7-cc50-42aa-9a17-641aa74cf9f5,0,정상
2340,787f87e7-cc50-42aa-9a17-641aa74cf9f5,0,정상
2341,787f87e7-cc50-42aa-9a17-641aa74cf9f5,0,정상
2342,787f87e7-cc50-42aa-9a17-641aa74cf9f5,0,정상
2343,787f87e7-cc50-42aa-9a17-641aa74cf9f5,0,정상
2344,787f87e7-cc50-42aa-9a17-641aa74cf9f5,0,정상
2345,787f87e7-cc50-42aa-9a17-641aa74cf9f5,0,정상
2346,787f87e7-cc50-42aa-9a17-641aa74cf9f5,0,정상
2347,787f87e7-cc50-42aa-9a17-641aa74cf9f5,0,정상
2348,787f87e7-cc50-42aa-9a17-641aa74cf9f5,0,정상
2349,787f87e7-cc50-42aa-9a17-641aa74cf9f5,0,정상
2350,787f87e7-cc50-42aa-9a17-641aa74cf9f5,0,정상
2351,787f87e7-cc50-42aa-9a17-641aa74cf9f5,0,정상
2352,787f87e7-cc50-42aa-9a17-641aa74cf9f5,0,정상
2353,787f87e7-cc50-42aa-9a17-641aa74cf9f5,0,정상
2354,787f87e7-cc50-42aa-9a17-641aa74cf9f5,0,정상
2355,787f87e7-cc50-42aa-9a17-641aa74cf9f5,1,R006_단기반복
2356,787f87e7-cc50-42aa-9a17-641aa74cf9f5,1,R006_단기반복
2357,787f87e7-cc50-42aa-9a17-641aa74cf9f5,1,R006_단기반복
2358,787f87e7-cc50-42aa-9a17-641aa74cf9f5,0,정상
2359,787f87e7-cc50-42aa-9a17-641aa74cf9f5,0,정상
2360,787f87e7-cc50-42aa-9a17-641aa74cf9f5,0,정상
2361,787f87e7-cc50-42aa-9a17-641aa74cf9f5,0,정상
2362,787f87e7-cc50-42aa-9a17-641aa74cf9f5,0,정상
2363,787f87e7-cc50-42aa-9a17-641aa74cf9f5,0,정상
2364,787f87e7-cc50-42aa-9a17-641aa74cf9f5,0,정상
2365,787f87e7-cc50-42aa-9a17-641aa74cf9f5,0,정상
2366,787f87e7-cc50-42aa-9a17-641aa74cf9f5,0,정상
2367,787f87e7-cc50-42aa-9a17-641aa74cf9f5,0,정상
2368,787f87e7-cc50-42aa-9a17-641aa74cf9f5,0,정상
2369,787f87e7-cc50-42aa-9a17-641aa74cf9f5,0,정상
2370,787f87e7-cc50-42aa-9a17-641aa74cf9f5,0,정상
2371,787f87e7-cc50-42aa-9a17-641aa74cf9f5,0,정상
2372,787f87e7-cc50-42aa-9a17-641aa74cf9f5,0,정상
2373,787f87e7-cc50-42aa-9a17-641aa74cf9f5,0,정상
2374,787f87e7-cc50-42aa-9a17-641aa74cf9f5,0,정상
2375,787f87e7-cc50-42aa-9a17-641aa74cf9f5,0,정상
2376,787f87e7-cc50-42aa-9a17-641aa74cf9f5,0,정상
2377,787f87e7-cc50-42aa-9a17-641aa74cf9f5,0,정상
2378,787f87e7-cc50-42aa-9a17-641aa74cf9f5,0,정상
2379,787f87e7-cc50-42aa-9a17-641aa74cf9f5,0,정상
2380,787f87e7-cc50-42aa-9a17-641aa74cf9f5,0,정상
2381,787f87e7-cc50-42aa-9a17-641aa74cf9f5,0,정상
2382,787f87e7-cc50-42aa-9a17-641aa74cf9f5,0,정상
2383,787f87e7-cc50-42aa-9a17-641aa74cf9f5,0,정상
2384,787f87e7-cc50-42aa-9a17-641aa74cf9f5,0,정상
2385,787f87e7-cc50-42aa-9a17-641aa74cf9f5,0,정상
2386,787f87e7-cc50-42aa-9a17-641aa74cf9f5,0,정상
2387,787f87e7-cc50-42aa-9a17-641aa74cf9f5,0,정상
2388,787f87e7-cc50-42aa-9a17-641aa74cf9f5,0,정상
2389,787f87e7-cc50-42aa-9a17-641aa74cf9f5,0,정상
2390,787f87e7-cc50-42aa-9a17-641aa74cf9f5,1,R001_단일한도초과
2391,787f87e7-cc50-42aa-9a17-641aa74cf9f5,0,정상
2392,787f87e7-cc50-42aa-9a17-641aa74cf9f5,0,정상
2393,787f87e7-cc50-42aa-9a17-641aa74cf9f5,0,정상
2394,787f87e7-cc50-42aa-9a17-641aa74cf9f5,0,정상
2395,787f87e7-cc50-42aa-9a17-641aa74cf9f5,0,정상
2396,787f87e7-cc50-42aa-9a17-641aa74cf9f5,1,R005_심야대액
2397,787f87e7-cc50-42aa-9a17-641aa74cf9f5,0,정상
2398,787f87e7-cc50-42aa-9a17-641aa74cf9f5,0,정상
2399,787f87e7-cc50-42aa-9a17-641aa74cf9f5,0,정상
2400,787f87e7-cc50-42aa-9a17-641aa74cf9f5,0,정상
2401,787f87e7-cc50-42aa-9a17-641aa74cf9f5,0,정상
2402,787f87e7-cc50-42aa-9a17-641aa74cf9f5,0,정상
2403,787f87e7-cc50-42aa-9a17-641aa74cf9f5,0,정상
2404,787f87e7-cc50-42aa-9a17-641aa74cf9f5,0,정상
2405,787f87e7-cc50-42aa-9a17-641aa74cf9f5,0,정상
2406,787f87e7-cc50-42aa-9a17-641aa74cf9f5,0,정상
2407,787f87e7-cc50-42aa-9a17-641aa74cf9f5,0,정상
2408,787f87e7-cc50-42aa-9a17-641aa74cf9f5,0,정상
2409,787f87e7-cc50-42aa-9a17-641aa74cf9f5,0,정상
2410,787f87e7-cc50-42aa-9a17-641aa74cf9f5,0,정상
2411,787f87e7-cc50-42aa-9a17-641aa74cf9f5,0,정상
2412,787f87e7-cc50-42aa-9a17-641aa74cf9f5,0,정상
2413,787f87e7-cc50-42aa-9a17-641aa74cf9f5,0,정상
2414,787f87e7-cc50-42aa-9a17-641aa74cf9f5,0,정상
2415,787f87e7-cc50-42aa-9a17-641aa74cf9f5,0,정상
2416,787f87e7-cc50-42aa-9a17-641aa74cf9f5,0,정상
2417,787f87e7-cc50-42aa-9a17-641aa74cf9f5,0,정상
2418,787f87e7-cc50-42aa-9a17-641aa74cf9f5,0,정상
2419,787f87e7-cc50-42aa-9a17-641aa74cf9f5,0,정상
2420,787f87e7-cc50-42aa-9a17-641aa74cf9f5,0,정상
2421,787f87e7-cc50-42aa-9a17-641aa74cf9f5,0,정상
2422,787f87e7-cc50-42aa-9a17-641aa74cf9f5,0,정상
2423,787f87e7-cc50-42aa-9a17-641aa74cf9f5,0,정상
2424,787f87e7-cc50-42aa-9a17-641aa74cf9f5,0,정상
2425,787f87e7-cc50-42aa-9a17-641aa74cf9f5,0,정상
2426,787f87e7-cc50-42aa-9a17-641aa74cf9f5,0,정상
2427,787f87e7-cc50-42aa-9a17-641aa74cf9f5,0,정상
2428,787f87e7-cc50-42aa-9a17-641aa74cf9f5,0,정상
2429,787f87e7-cc50-42aa-9a17-641aa74cf9f5,1,R00y_신규기기
2430,787f87e7-cc50-42aa-9a17-641aa74cf9f5,0,정상
2431,787f87e7-cc50-42aa-9a17-641aa74cf9f5,0,정상
2432,787f87e7-cc50-42aa-9a17-641aa74cf9f5,0,정상
2433,787f87e7-cc50-42aa-9a17-641aa74cf9f5,0,정상
2434,787f87e7-cc50-42aa-9a17-641aa74cf9f5,0,정상
2435,787f87e7-cc50-42aa-9a17-641aa74cf9f5,0,정상
2436,787f87e7-cc50-42aa-9a17-641aa74cf9f5,0,정상
2437,7e5021d1-7d20-47c8-9e22-cd2cd2ccc30b,0,정상
2438,7e5021d1-7d20-47c8-9e22-cd2cd2ccc30b,0,정상
2439,7e5021d1-7d20-47c8-9e22-cd2cd2ccc30b,0,정상
2440,7e5021d1-7d20-47c8-9e22-cd2cd2ccc30b,0,정상
2441,7e5021d1-7d20-47c8-9e22-cd2cd2ccc30b,0,정상
2442,7e5021d1-7d20-47c8-9e22-cd2cd2ccc30b,0,정상
2443,7e5021d1-7d20-47c8-9e22-cd2cd2ccc30b,0,정상
2444,7e5021d1-7d20-47c8-9e22-cd2cd2ccc30b,0,정상
2445,7e5021d1-7d20-47c8-9e22-cd2cd2ccc30b,0,정상
2446,7e5021d1-7d20-47c8-9e22-cd2cd2ccc30b,0,정상
2447,7e5021d1-7d20-47c8-9e22-cd2cd2ccc30b,0,정상
2448,7e5021d1-7d20-47c8-9e22-cd2cd2ccc30b,0,정상
2449,7e5021d1-7d20-47c8-9e22-cd2cd2ccc30b,0,정상
2450,7e5021d1-7d20-47c8-9e22-cd2cd2ccc30b,0,정상
2451,7e5021d1-7d20-47c8-9e22-cd2cd2ccc30b,0,정상
2452,7e5021d1-7d20-47c8-9e22-cd2cd2ccc30b,0,정상
2453,7e5021d1-7d20-47c8-9e22-cd2cd2ccc30b,0,정상
2454,7e5021d1-7d20-47c8-9e22-cd2cd2ccc30b,0,정상
2455,7e5021d1-7d20-47c8-9e22-cd2cd2ccc30b,0,정상
2456,7e5021d1-7d20-47c8-9e22-cd2cd2ccc30b,0,정상
2457,7e5021d1-7d20-47c8-9e22-cd2cd2ccc30b,0,정상
2458,7e5021d1-7d20-47c8-9e22-cd2cd2ccc30b,0,정상
2459,7e5021d1-7d20-47c8-9e22-cd2cd2ccc30b,0,정상
2460,7e5021d1-7d20-47c8-9e22-cd2cd2ccc30b,0,정상
2461,7e5021d1-7d20-47c8-9e22-cd2cd2ccc30b,0,정상
2462,7e5021d1-7d20-47c8-9e22-cd2cd2ccc30b,0,정상
2463,7e5021d1-7d20-47c8-9e22-cd2cd2ccc30b,0,정상
2464,7e5021d1-7d20-47c8-9e22-cd2cd2ccc30b,0,정상
2465,7e5021d1-7d20-47c8-9e22-cd2cd2ccc30b,0,정상
2466,7e5021d1-7d20-47c8-9e22-cd2cd2ccc30b,0,정상
2467,7e5021d1-7d20-47c8-9e22-cd2cd2ccc30b,0,정상
2468,7e5021d1-7d20-47c8-9e22-cd2cd2ccc30b,0,정상
2469,7e5021d1-7d20-47c8-9e22-cd2cd2ccc30b,0,정상
2470,7e5021d1-7d20-47c8-9e22-cd2cd2ccc30b,0,정상
2471,7e5021d1-7d20-47c8-9e22-cd2cd2ccc30b,0,정상
2472,7e5021d1-7d20-47c8-9e22-cd2cd2ccc30b,0,정상
2473,7e5021d1-7d20-47c8-9e22-cd2cd2ccc30b,0,정상
2474,7e5021d1-7d20-47c8-9e22-cd2cd2ccc30b,0,정상
2475,7e5021d1-7d20-47c8-9e22-cd2cd2ccc30b,0,정상
2476,7e5021d1-7d20-47c8-9e22-cd2cd2ccc30b,0,정상
2477,7e5021d1-7d20-47c8-9e22-cd2cd2ccc30b,0,정상
2478,7e5021d1-7d20-47c8-9e22-cd2cd2ccc30b,0,정상
2479,7e5021d1-7d20-47c8-9e22-cd2cd2ccc30b,0,정상
2480,7e5021d1-7d20-47c8-9e22-cd2cd2ccc30b,0,정상
2481,7e5021d1-7d20-47c8-9e22-cd2cd2ccc30b,0,정상
2482,7e5021d1-7d20-47c8-9e22-cd2cd2ccc30b,0,정상
2483,7e5021d1-7d20-47c8-9e22-cd2cd2ccc30b,0,정상
2484,7e5021d1-7d20-47c8-9e22-cd2cd2ccc30b,0,정상
2485,7e5021d1-7d20-47c8-9e22-cd2cd2ccc30b,0,정상
2486,7e5021d1-7d20-47c8-9e22-cd2cd2ccc30b,0,정상
2487,7e5021d1-7d20-47c8-9e22-cd2cd2ccc30b,0,정상
2488,7e5021d1-7d20-47c8-9e22-cd2cd2ccc30b,0,정상
2489,7e5021d1-7d20-47c8-9e22-cd2cd2ccc30b,0,정상
2490,7e5021d1-7d20-47c8-9e22-cd2cd2ccc30b,0,정상
2491,7e5021d1-7d20-47c8-9e22-cd2cd2ccc30b,0,정상
2492,7e5021d1-7d20-47c8-9e22-cd2cd2ccc30b,0,정상
2493,7e5021d1-7d20-47c8-9e22-cd2cd2ccc30b,0,정상
2494,7e5021d1-7d20-47c8-9e22-cd2cd2ccc30b,0,정상
2495,7e5021d1-7d20-47c8-9e22-cd2cd2ccc30b,0,정상
2496,7e5021d1-7d20-47c8-9e22-cd2cd2ccc30b,0,정상
2497,7e5021d1-7d20-47c8-9e22-cd2cd2ccc30b,0,정상
2498,7e5021d1-7d20-47c8-9e22-cd2cd2ccc30b,0,정상
2499,7e5021d1-7d20-47c8-9e22-cd2cd2ccc30b,0,정상
2500,7e5021d1-7d20-47c8-9e22-cd2cd2ccc30b,0,정상
2501,7e5021d1-7d20-47c8-9e22-cd2cd2ccc30b,0,정상
2502,7e5021d1-7d20-47c8-9e22-cd2cd2ccc30b,0,정상
2503,7e5021d1-7d20-47c8-9e22-cd2cd2ccc30b,0,정상
2504,7e5021d1-7d20-47c8-9e22-cd2cd2ccc30b,0,정상
2505,7e5021d1-7d20-47c8-9e22-cd2cd2ccc30b,0,정상
2506,7e5021d1-7d20-47c8-9e22-cd2cd2ccc30b,0,정상
2507,7e5021d1-7d20-47c8-9e22-cd2cd2ccc30b,1,R005_심야대액
2508,7e5021d1-7d20-47c8-9e22-cd2cd2ccc30b,0,정상
2509,7e5021d1-7d20-47c8-9e22-cd2cd2ccc30b,0,정상
2510,7e5021d1-7d20-47c8-9e22-cd2cd2ccc30b,0,정상
2511,7e5021d1-7d20-47c8-9e22-cd2cd2ccc30b,0,정상
2512,7e5021d1-7d20-47c8-9e22-cd2cd2ccc30b,0,정상
2513,7e5021d1-7d20-47c8-9e22-cd2cd2ccc30b,0,정상
2514,7e5021d1-7d20-47c8-9e22-cd2cd2ccc30b,0,정상
2515,7e5021d1-7d20-47c8-9e22-cd2cd2ccc30b,0,정상
2516,7e5021d1-7d20-47c8-9e22-cd2cd2ccc30b,0,정상
2517,7e5021d1-7d20-47c8-9e22-cd2cd2ccc30b,0,정상
2518,7e5021d1-7d20-47c8-9e22-cd2cd2ccc30b,0,정상
2519,7e5021d1-7d20-47c8-9e22-cd2cd2ccc30b,0,정상
2520,7e5021d1-7d20-47c8-9e22-cd2cd2ccc30b,0,정상
2521,7e5021d1-7d20-47c8-9e22-cd2cd2ccc30b,0,정상
2522,7e5021d1-7d20-47c8-9e22-cd2cd2ccc30b,0,정상
2523,7e5021d1-7d20-47c8-9e22-cd2cd2ccc30b,0,정상
2524,7e5021d1-7d20-47c8-9e22-cd2cd2ccc30b,0,정상
2525,7e5021d1-7d20-47c8-9e22-cd2cd2ccc30b,0,정상
2526,7e5021d1-7d20-47c8-9e22-cd2cd2ccc30b,0,정상
2527,7e5021d1-7d20-47c8-9e22-cd2cd2ccc30b,0,정상
2528,7e5021d1-7d20-47c8-9e22-cd2cd2ccc30b,1,R006_단기반복
2529,7e5021d1-7d20-47c8-9e22-cd2cd2ccc30b,1,R006_단기반복
2530,7e5021d1-7d20-47c8-9e22-cd2cd2ccc30b,1,R006_단기반복
2531,7e5021d1-7d20-47c8-9e22-cd2cd2ccc30b,0,정상
2532,7e5021d1-7d20-47c8-9e22-cd2cd2ccc30b,0,정상
2533,7e5021d1-7d20-47c8-9e22-cd2cd2ccc30b,0,정상
2534,7e5021d1-7d20-47c8-9e22-cd2cd2ccc30b,0,정상
2535,7e5021d1-7d20-47c8-9e22-cd2cd2ccc30b,0,정상
2536,7e5021d1-7d20-47c8-9e22-cd2cd2ccc30b,0,정상
2537,7e5021d1-7d20-47c8-9e22-cd2cd2ccc30b,0,정상
2538,7e5021d1-7d20-47c8-9e22-cd2cd2ccc30b,0,정상
2539,7e5021d1-7d20-47c8-9e22-cd2cd2ccc30b,0,정상
2540,7e5021d1-7d20-47c8-9e22-cd2cd2ccc30b,0,정상
2541,7e5021d1-7d20-47c8-9e22-cd2cd2ccc30b,0,정상
2542,7e5021d1-7d20-47c8-9e22-cd2cd2ccc30b,0,정상
2543,7e5021d1-7d20-47c8-9e22-cd2cd2ccc30b,0,정상
2544,7e5021d1-7d20-47c8-9e22-cd2cd2ccc30b,0,정상
2545,7e5021d1-7d20-47c8-9e22-cd2cd2ccc30b,0,정상
2546,7e5021d1-7d20-47c8-9e22-cd2cd2ccc30b,0,정상
2547,7e5021d1-7d20-47c8-9e22-cd2cd2ccc30b,0,정상
2548,7e5021d1-7d20-47c8-9e22-cd2cd2ccc30b,0,정상
2549,7e5021d1-7d20-47c8-9e22-cd2cd2ccc30b,0,정상
2550,7e5021d1-7d20-47c8-9e22-cd2cd2ccc30b,0,정상
2551,7e5021d1-7d20-47c8-9e22-cd2cd2ccc30b,0,정상
2552,7e5021d1-7d20-47c8-9e22-cd2cd2ccc30b,0,정상
2553,7e5021d1-7d20-47c8-9e22-cd2cd2ccc30b,0,정상
2554,7e5021d1-7d20-47c8-9e22-cd2cd2ccc30b,0,정상
2555,7e5021d1-7d20-47c8-9e22-cd2cd2ccc30b,0,정상
2556,7e5021d1-7d20-47c8-9e22-cd2cd2ccc30b,0,정상
2557,7e5021d1-7d20-47c8-9e22-cd2cd2ccc30b,0,정상
2558,7e5021d1-7d20-47c8-9e22-cd2cd2ccc30b,0,정상
2559,7e5021d1-7d20-47c8-9e22-cd2cd2ccc30b,0,정상
2560,7e5021d1-7d20-47c8-9e22-cd2cd2ccc30b,0,정상
2561,7e5021d1-7d20-47c8-9e22-cd2cd2ccc30b,0,정상
2562,7e5021d1-7d20-47c8-9e22-cd2cd2ccc30b,0,정상
2563,7e5021d1-7d20-47c8-9e22-cd2cd2ccc30b,0,정상
2564,7e5021d1-7d20-47c8-9e22-cd2cd2ccc30b,0,정상
2565,7e5021d1-7d20-47c8-9e22-cd2cd2ccc30b,0,정상
2566,7e5021d1-7d20-47c8-9e22-cd2cd2ccc30b,0,정상
2567,7e5021d1-7d20-47c8-9e22-cd2cd2ccc30b,0,정상
2568,7e5021d1-7d20-47c8-9e22-cd2cd2ccc30b,0,정상
2569,7e5021d1-7d20-47c8-9e22-cd2cd2ccc30b,0,정상
2570,7e5021d1-7d20-47c8-9e22-cd2cd2ccc30b,0,정상
2571,7e5021d1-7d20-47c8-9e22-cd2cd2ccc30b,0,정상
2572,7e5021d1-7d20-47c8-9e22-cd2cd2ccc30b,0,정상
2573,7e5021d1-7d20-47c8-9e22-cd2cd2ccc30b,0,정상
2574,7e5021d1-7d20-47c8-9e22-cd2cd2ccc30b,0,정상
2575,7e5021d1-7d20-47c8-9e22-cd2cd2ccc30b,0,정상
2576,7e5021d1-7d20-47c8-9e22-cd2cd2ccc30b,0,정상
2577,7e5021d1-7d20-47c8-9e22-cd2cd2ccc30b,0,정상
2578,7e5021d1-7d20-47c8-9e22-cd2cd2ccc30b,0,정상
2579,7e5021d1-7d20-47c8-9e22-cd2cd2ccc30b,0,정상
2580,7e5021d1-7d20-47c8-9e22-cd2cd2ccc30b,0,정상
2581,7e5021d1-7d20-47c8-9e22-cd2cd2ccc30b,0,정상
2582,7e5021d1-7d20-47c8-9e22-cd2cd2ccc30b,0,정상
2583,7e5021d1-7d20-47c8-9e22-cd2cd2ccc30b,0,정상
2584,7e5021d1-7d20-47c8-9e22-cd2cd2ccc30b,0,정상
2585,7e5021d1-7d20-47c8-9e22-cd2cd2ccc30b,0,정상
2586,7e5021d1-7d20-47c8-9e22-cd2cd2ccc30b,0,정상
2587,7e5021d1-7d20-47c8-9e22-cd2cd2ccc30b,0,정상
2588,7e5021d1-7d20-47c8-9e22-cd2cd2ccc30b,0,정상
2589,8f1cc424-911d-4eda-b575-e9298c148f7c,0,정상
2590,8f1cc424-911d-4eda-b575-e9298c148f7c,0,정상
2591,8f1cc424-911d-4eda-b575-e9298c148f7c,0,정상
2592,8f1cc424-911d-4eda-b575-e9298c148f7c,0,정상
2593,8f1cc424-911d-4eda-b575-e9298c148f7c,0,정상
2594,8f1cc424-911d-4eda-b575-e9298c148f7c,0,정상
2595,8f1cc424-911d-4eda-b575-e9298c148f7c,0,정상
2596,8f1cc424-911d-4eda-b575-e9298c148f7c,0,정상
2597,8f1cc424-911d-4eda-b575-e9298c148f7c,0,정상
2598,8f1cc424-911d-4eda-b575-e9298c148f7c,0,정상
2599,8f1cc424-911d-4eda-b575-e9298c148f7c,0,정상
2600,8f1cc424-911d-4eda-b575-e9298c148f7c,0,정상
2601,8f1cc424-911d-4eda-b575-e9298c148f7c,0,정상
2602,8f1cc424-911d-4eda-b575-e9298c148f7c,0,정상
2603,8f1cc424-911d-4eda-b575-e9298c148f7c,0,정상
2604,8f1cc424-911d-4eda-b575-e9298c148f7c,0,정상
2605,8f1cc424-911d-4eda-b575-e9298c148f7c,0,정상
2606,8f1cc424-911d-4eda-b575-e9298c148f7c,0,정상
2607,8f1cc424-911d-4eda-b575-e9298c148f7c,0,정상
2608,8f1cc424-911d-4eda-b575-e9298c148f7c,0,정상
2609,8f1cc424-911d-4eda-b575-e9298c148f7c,0,정상
2610,8f1cc424-911d-4eda-b575-e9298c148f7c,0,정상
2611,8f1cc424-911d-4eda-b575-e9298c148f7c,0,정상
2612,8f1cc424-911d-4eda-b575-e9298c148f7c,0,정상
2613,8f1cc424-911d-4eda-b575-e9298c148f7c,0,정상
2614,8f1cc424-911d-4eda-b575-e9298c148f7c,0,정상
2615,8f1cc424-911d-4eda-b575-e9298c148f7c,1,R007_해외결제
2616,8f1cc424-911d-4eda-b575-e9298c148f7c,0,정상
2617,8f1cc424-911d-4eda-b575-e9298c148f7c,0,정상
2618,8f1cc424-911d-4eda-b575-e9298c148f7c,0,정상
2619,8f1cc424-911d-4eda-b575-e9298c148f7c,0,정상
2620,8f1cc424-911d-4eda-b575-e9298c148f7c,0,정상
2621,8f1cc424-911d-4eda-b575-e9298c148f7c,0,정상
2622,8f1cc424-911d-4eda-b575-e9298c148f7c,0,정상
2623,8f1cc424-911d-4eda-b575-e9298c148f7c,0,정상
2624,8f1cc424-911d-4eda-b575-e9298c148f7c,0,정상
2625,8f1cc424-911d-4eda-b575-e9298c148f7c,0,정상
2626,8f1cc424-911d-4eda-b575-e9298c148f7c,0,정상
2627,8f1cc424-911d-4eda-b575-e9298c148f7c,0,정상
2628,8f1cc424-911d-4eda-b575-e9298c148f7c,0,정상
2629,8f1cc424-911d-4eda-b575-e9298c148f7c,0,정상
2630,8f1cc424-911d-4eda-b575-e9298c148f7c,0,정상
2631,8f1cc424-911d-4eda-b575-e9298c148f7c,0,정상
2632,8f1cc424-911d-4eda-b575-e9298c148f7c,0,정상
2633,8f1cc424-911d-4eda-b575-e9298c148f7c,0,정상
2634,8f1cc424-911d-4eda-b575-e9298c148f7c,0,정상
2635,8f1cc424-911d-4eda-b575-e9298c148f7c,0,정상
2636,8f1cc424-911d-4eda-b575-e9298c148f7c,0,정상
2637,8f1cc424-911d-4eda-b575-e9298c148f7c,0,정상
2638,8f1cc424-911d-4eda-b575-e9298c148f7c,0,정상
2639,8f1cc424-911d-4eda-b575-e9298c148f7c,0,정상
2640,8f1cc424-911d-4eda-b575-e9298c148f7c,0,정상
2641,8f1cc424-911d-4eda-b575-e9298c148f7c,0,정상
2642,8f1cc424-911d-4eda-b575-e9298c148f7c,1,R001_단일한도초과
2643,8f1cc424-911d-4eda-b575-e9298c148f7c,0,정상
2644,8f1cc424-911d-4eda-b575-e9298c148f7c,0,정상
2645,8f1cc424-911d-4eda-b575-e9298c148f7c,0,정상
2646,8f1cc424-911d-4eda-b575-e9298c148f7c,0,정상
2647,8f1cc424-911d-4eda-b575-e9298c148f7c,0,정상
2648,8f1cc424-911d-4eda-b575-e9298c148f7c,0,정상
2649,8f1cc424-911d-4eda-b575-e9298c148f7c,0,정상
2650,8f1cc424-911d-4eda-b575-e9298c148f7c,0,정상
2651,8f1cc424-911d-4eda-b575-e9298c148f7c,0,정상
2652,8f1cc424-911d-4eda-b575-e9298c148f7c,0,정상
2653,8f1cc424-911d-4eda-b575-e9298c148f7c,0,정상
2654,8f1cc424-911d-4eda-b575-e9298c148f7c,0,정상
2655,8f1cc424-911d-4eda-b575-e9298c148f7c,0,정상
2656,8f1cc424-911d-4eda-b575-e9298c148f7c,0,정상
2657,8f1cc424-911d-4eda-b575-e9298c148f7c,0,정상
2658,8f1cc424-911d-4eda-b575-e9298c148f7c,0,정상
2659,8f1cc424-911d-4eda-b575-e9298c148f7c,0,정상
2660,8f1cc424-911d-4eda-b575-e9298c148f7c,0,정상
2661,8f1cc424-911d-4eda-b575-e9298c148f7c,0,정상
2662,8f1cc424-911d-4eda-b575-e9298c148f7c,0,정상
2663,8f1cc424-911d-4eda-b575-e9298c148f7c,0,정상
2664,8f1cc424-911d-4eda-b575-e9298c148f7c,0,정상
2665,8f1cc424-911d-4eda-b575-e9298c148f7c,0,정상
2666,8f1cc424-911d-4eda-b575-e9298c148f7c,0,정상
2667,8f1cc424-911d-4eda-b575-e9298c148f7c,0,정상
2668,8f1cc424-911d-4eda-b575-e9298c148f7c,0,정상
2669,8f1cc424-911d-4eda-b575-e9298c148f7c,0,정상
2670,8f1cc424-911d-4eda-b575-e9298c148f7c,0,정상
2671,8f1cc424-911d-4eda-b575-e9298c148f7c,0,정상
2672,8f1cc424-911d-4eda-b575-e9298c148f7c,0,정상
2673,8f1cc424-911d-4eda-b575-e9298c148f7c,0,정상
2674,8f1cc424-911d-4eda-b575-e9298c148f7c,0,정상
2675,8f1cc424-911d-4eda-b575-e9298c148f7c,0,정상
2676,8f1cc424-911d-4eda-b575-e9298c148f7c,0,정상
2677,8f1cc424-911d-4eda-b575-e9298c148f7c,0,정상
2678,8f1cc424-911d-4eda-b575-e9298c148f7c,0,정상
2679,8f1cc424-911d-4eda-b575-e9298c148f7c,0,정상
2680,8f1cc424-911d-4eda-b575-e9298c148f7c,0,정상
2681,8f1cc424-911d-4eda-b575-e9298c148f7c,0,정상
2682,8f1cc424-911d-4eda-b575-e9298c148f7c,0,정상
2683,8f1cc424-911d-4eda-b575-e9298c148f7c,0,정상
2684,8f1cc424-911d-4eda-b575-e9298c148f7c,0,정상
2685,8f1cc424-911d-4eda-b575-e9298c148f7c,0,정상
2686,8f1cc424-911d-4eda-b575-e9298c148f7c,0,정상
2687,8f1cc424-911d-4eda-b575-e9298c148f7c,0,정상
2688,8f1cc424-911d-4eda-b575-e9298c148f7c,0,정상
2689,8f1cc424-911d-4eda-b575-e9298c148f7c,0,정상
2690,8f1cc424-911d-4eda-b575-e9298c148f7c,0,정상
2691,8f1cc424-911d-4eda-b575-e9298c148f7c,0,정상
2692,8f1cc424-911d-4eda-b575-e9298c148f7c,0,정상
2693,8f1cc424-911d-4eda-b575-e9298c148f7c,0,정상
2694,8f1cc424-911d-4eda-b575-e9298c148f7c,0,정상
2695,8f1cc424-911d-4eda-b575-e9298c148f7c,0,정상
2696,8f1cc424-911d-4eda-b575-e9298c148f7c,0,정상
2697,8f1cc424-911d-4eda-b575-e9298c148f7c,0,정상
2698,8f1cc424-911d-4eda-b575-e9298c148f7c,0,정상
2699,8f1cc424-911d-4eda-b575-e9298c148f7c,0,정상
2700,8f1cc424-911d-4eda-b575-e9298c148f7c,0,정상
2701,8f1cc424-911d-4eda-b575-e9298c148f7c,0,정상
2702,8f1cc424-911d-4eda-b575-e9298c148f7c,0,정상
2703,8f1cc424-911d-4eda-b575-e9298c148f7c,0,정상
2704,8f1cc424-911d-4eda-b575-e9298c148f7c,0,정상
2705,8f1cc424-911d-4eda-b575-e9298c148f7c,0,정상
2706,8f1cc424-911d-4eda-b575-e9298c148f7c,0,정상
2707,8f1cc424-911d-4eda-b575-e9298c148f7c,0,정상
2708,8f1cc424-911d-4eda-b575-e9298c148f7c,0,정상
2709,8f1cc424-911d-4eda-b575-e9298c148f7c,0,정상
2710,8f1cc424-911d-4eda-b575-e9298c148f7c,0,정상
2711,8f1cc424-911d-4eda-b575-e9298c148f7c,0,정상
2712,8f1cc424-911d-4eda-b575-e9298c148f7c,0,정상
2713,8f1cc424-911d-4eda-b575-e9298c148f7c,0,정상
2714,8f1cc424-911d-4eda-b575-e9298c148f7c,0,정상
2715,8f1cc424-911d-4eda-b575-e9298c148f7c,0,정상
2716,8f1cc424-911d-4eda-b575-e9298c148f7c,0,정상
2717,8f1cc424-911d-4eda-b575-e9298c148f7c,0,정상
2718,8f1cc424-911d-4eda-b575-e9298c148f7c,0,정상
2719,8f1cc424-911d-4eda-b575-e9298c148f7c,1,R006_단기반복
2720,8f1cc424-911d-4eda-b575-e9298c148f7c,1,R006_단기반복
2721,8f1cc424-911d-4eda-b575-e9298c148f7c,1,R006_단기반복
2722,8f1cc424-911d-4eda-b575-e9298c148f7c,1,R007_해외결제
2723,8f1cc424-911d-4eda-b575-e9298c148f7c,0,정상
2724,8f1cc424-911d-4eda-b575-e9298c148f7c,0,정상
2725,8f1cc424-911d-4eda-b575-e9298c148f7c,0,정상
2726,8f1cc424-911d-4eda-b575-e9298c148f7c,0,정상
2727,8f1cc424-911d-4eda-b575-e9298c148f7c,0,정상
2728,8f1cc424-911d-4eda-b575-e9298c148f7c,0,정상
2729,8f1cc424-911d-4eda-b575-e9298c148f7c,0,정상
2730,8f1cc424-911d-4eda-b575-e9298c148f7c,0,정상
2731,8f1cc424-911d-4eda-b575-e9298c148f7c,0,정상
2732,8f1cc424-911d-4eda-b575-e9298c148f7c,0,정상
2733,8f1cc424-911d-4eda-b575-e9298c148f7c,0,정상
2734,8f1cc424-911d-4eda-b575-e9298c148f7c,0,정상
2735,8f1cc424-911d-4eda-b575-e9298c148f7c,0,정상
2736,8f1cc424-911d-4eda-b575-e9298c148f7c,0,정상
2737,8f1cc424-911d-4eda-b575-e9298c148f7c,0,정상
2738,8f1cc424-911d-4eda-b575-e9298c148f7c,0,정상
2739,8f1cc424-911d-4eda-b575-e9298c148f7c,0,정상
2740,8f1cc424-911d-4eda-b575-e9298c148f7c,0,정상
2741,8f1cc424-911d-4eda-b575-e9298c148f7c,0,정상
2742,8f1cc424-911d-4eda-b575-e9298c148f7c,0,정상
2743,8f1cc424-911d-4eda-b575-e9298c148f7c,0,정상
2744,8f1cc424-911d-4eda-b575-e9298c148f7c,0,정상
2745,8f1cc424-911d-4eda-b575-e9298c148f7c,0,정상
2746,93163119-0cb3-4d08-b56f-3d8d02fdab1a,0,정상
2747,93163119-0cb3-4d08-b56f-3d8d02fdab1a,0,정상
2748,93163119-0cb3-4d08-b56f-3d8d02fdab1a,0,정상
2749,93163119-0cb3-4d08-b56f-3d8d02fdab1a,0,정상
2750,93163119-0cb3-4d08-b56f-3d8d02fdab1a,0,정상
2751,93163119-0cb3-4d08-b56f-3d8d02fdab1a,0,정상
2752,93163119-0cb3-4d08-b56f-3d8d02fdab1a,0,정상
2753,93163119-0cb3-4d08-b56f-3d8d02fdab1a,0,정상
2754,93163119-0cb3-4d08-b56f-3d8d02fdab1a,0,정상
2755,93163119-0cb3-4d08-b56f-3d8d02fdab1a,0,정상
2756,93163119-0cb3-4d08-b56f-3d8d02fdab1a,0,정상
2757,93163119-0cb3-4d08-b56f-3d8d02fdab1a,0,정상
2758,93163119-0cb3-4d08-b56f-3d8d02fdab1a,0,정상
2759,93163119-0cb3-4d08-b56f-3d8d02fdab1a,0,정상
2760,93163119-0cb3-4d08-b56f-3d8d02fdab1a,0,정상
2761,93163119-0cb3-4d08-b56f-3d8d02fdab1a,0,정상
2762,93163119-0cb3-4d08-b56f-3d8d02fdab1a,1,R006_단기반복
2763,93163119-0cb3-4d08-b56f-3d8d02fdab1a,1,R006_단기반복
2764,93163119-0cb3-4d08-b56f-3d8d02fdab1a,1,R006_단기반복
2765,93163119-0cb3-4d08-b56f-3d8d02fdab1a,0,정상
2766,93163119-0cb3-4d08-b56f-3d8d02fdab1a,0,정상
2767,93163119-0cb3-4d08-b56f-3d8d02fdab1a,0,정상
2768,93163119-0cb3-4d08-b56f-3d8d02fdab1a,0,정상
2769,93163119-0cb3-4d08-b56f-3d8d02fdab1a,0,정상
2770,93163119-0cb3-4d08-b56f-3d8d02fdab1a,0,정상
2771,93163119-0cb3-4d08-b56f-3d8d02fdab1a,0,정상
2772,93163119-0cb3-4d08-b56f-3d8d02fdab1a,0,정상
2773,93163119-0cb3-4d08-b56f-3d8d02fdab1a,0,정상
2774,93163119-0cb3-4d08-b56f-3d8d02fdab1a,0,정상
2775,93163119-0cb3-4d08-b56f-3d8d02fdab1a,0,정상
2776,93163119-0cb3-4d08-b56f-3d8d02fdab1a,0,정상
2777,93163119-0cb3-4d08-b56f-3d8d02fdab1a,0,정상
2778,93163119-0cb3-4d08-b56f-3d8d02fdab1a,0,정상
2779,93163119-0cb3-4d08-b56f-3d8d02fdab1a,0,정상
2780,93163119-0cb3-4d08-b56f-3d8d02fdab1a,0,정상
2781,93163119-0cb3-4d08-b56f-3d8d02fdab1a,0,정상
2782,93163119-0cb3-4d08-b56f-3d8d02fdab1a,0,정상
2783,93163119-0cb3-4d08-b56f-3d8d02fdab1a,0,정상
2784,93163119-0cb3-4d08-b56f-3d8d02fdab1a,0,정상
2785,93163119-0cb3-4d08-b56f-3d8d02fdab1a,0,정상
2786,93163119-0cb3-4d08-b56f-3d8d02fdab1a,0,정상
2787,93163119-0cb3-4d08-b56f-3d8d02fdab1a,0,정상
2788,93163119-0cb3-4d08-b56f-3d8d02fdab1a,0,정상
2789,93163119-0cb3-4d08-b56f-3d8d02fdab1a,0,정상
2790,93163119-0cb3-4d08-b56f-3d8d02fdab1a,0,정상
2791,93163119-0cb3-4d08-b56f-3d8d02fdab1a,0,정상
2792,93163119-0cb3-4d08-b56f-3d8d02fdab1a,0,정상
2793,93163119-0cb3-4d08-b56f-3d8d02fdab1a,0,정상
2794,93163119-0cb3-4d08-b56f-3d8d02fdab1a,0,정상
2795,93163119-0cb3-4d08-b56f-3d8d02fdab1a,0,정상
2796,93163119-0cb3-4d08-b56f-3d8d02fdab1a,0,정상
2797,93163119-0cb3-4d08-b56f-3d8d02fdab1a,0,정상
2798,93163119-0cb3-4d08-b56f-3d8d02fdab1a,0,정상
2799,93163119-0cb3-4d08-b56f-3d8d02fdab1a,1,R006_단기반복
2800,93163119-0cb3-4d08-b56f-3d8d02fdab1a,1,R006_단기반복
2801,93163119-0cb3-4d08-b56f-3d8d02fdab1a,1,R006_단기반복
2802,93163119-0cb3-4d08-b56f-3d8d02fdab1a,0,정상
2803,93163119-0cb3-4d08-b56f-3d8d02fdab1a,0,정상
2804,93163119-0cb3-4d08-b56f-3d8d02fdab1a,0,정상
2805,93163119-0cb3-4d08-b56f-3d8d02fdab1a,0,정상
2806,93163119-0cb3-4d08-b56f-3d8d02fdab1a,0,정상
2807,93163119-0cb3-4d08-b56f-3d8d02fdab1a,1,R007_해외결제
2808,93163119-0cb3-4d08-b56f-3d8d02fdab1a,1,R005_심야대액
2809,93163119-0cb3-4d08-b56f-3d8d02fdab1a,1,R005_심야대액
2810,93163119-0cb3-4d08-b56f-3d8d02fdab1a,0,정상
2811,93163119-0cb3-4d08-b56f-3d8d02fdab1a,0,정상
2812,93163119-0cb3-4d08-b56f-3d8d02fdab1a,0,정상
2813,93163119-0cb3-4d08-b56f-3d8d02fdab1a,0,정상
2814,93163119-0cb3-4d08-b56f-3d8d02fdab1a,0,정상
2815,93163119-0cb3-4d08-b56f-3d8d02fdab1a,0,정상
2816,93163119-0cb3-4d08-b56f-3d8d02fdab1a,0,정상
2817,93163119-0cb3-4d08-b56f-3d8d02fdab1a,0,정상
2818,93163119-0cb3-4d08-b56f-3d8d02fdab1a,0,정상
2819,93163119-0cb3-4d08-b56f-3d8d02fdab1a,1,R007_해외결제
2820,93163119-0cb3-4d08-b56f-3d8d02fdab1a,0,정상
2821,93163119-0cb3-4d08-b56f-3d8d02fdab1a,0,정상
2822,93163119-0cb3-4d08-b56f-3d8d02fdab1a,1,R007_해외결제
2823,93163119-0cb3-4d08-b56f-3d8d02fdab1a,0,정상
2824,93163119-0cb3-4d08-b56f-3d8d02fdab1a,0,정상
2825,93163119-0cb3-4d08-b56f-3d8d02fdab1a,0,정상
2826,93163119-0cb3-4d08-b56f-3d8d02fdab1a,0,정상
2827,93163119-0cb3-4d08-b56f-3d8d02fdab1a,1,R00y_신규기기
2828,93163119-0cb3-4d08-b56f-3d8d02fdab1a,0,정상
2829,93163119-0cb3-4d08-b56f-3d8d02fdab1a,0,정상
2830,93163119-0cb3-4d08-b56f-3d8d02fdab1a,1,R005_심야대액
2831,93163119-0cb3-4d08-b56f-3d8d02fdab1a,0,정상
2832,93163119-0cb3-4d08-b56f-3d8d02fdab1a,0,정상
2833,93163119-0cb3-4d08-b56f-3d8d02fdab1a,0,정상
2834,93163119-0cb3-4d08-b56f-3d8d02fdab1a,0,정상
2835,93163119-0cb3-4d08-b56f-3d8d02fdab1a,0,정상
2836,93163119-0cb3-4d08-b56f-3d8d02fdab1a,0,정상
2837,93163119-0cb3-4d08-b56f-3d8d02fdab1a,0,정상
2838,93163119-0cb3-4d08-b56f-3d8d02fdab1a,0,정상
2839,93163119-0cb3-4d08-b56f-3d8d02fdab1a,0,정상
2840,93163119-0cb3-4d08-b56f-3d8d02fdab1a,0,정상
2841,93163119-0cb3-4d08-b56f-3d8d02fdab1a,0,정상
2842,93163119-0cb3-4d08-b56f-3d8d02fdab1a,0,정상
2843,93163119-0cb3-4d08-b56f-3d8d02fdab1a,0,정상
2844,93163119-0cb3-4d08-b56f-3d8d02fdab1a,0,정상
2845,93163119-0cb3-4d08-b56f-3d8d02fdab1a,0,정상
2846,93163119-0cb3-4d08-b56f-3d8d02fdab1a,0,정상
2847,93163119-0cb3-4d08-b56f-3d8d02fdab1a,0,정상
2848,93163119-0cb3-4d08-b56f-3d8d02fdab1a,0,정상
2849,93163119-0cb3-4d08-b56f-3d8d02fdab1a,0,정상
2850,93163119-0cb3-4d08-b56f-3d8d02fdab1a,0,정상
2851,93163119-0cb3-4d08-b56f-3d8d02fdab1a,0,정상
2852,93163119-0cb3-4d08-b56f-3d8d02fdab1a,0,정상
2853,93163119-0cb3-4d08-b56f-3d8d02fdab1a,0,정상
2854,93163119-0cb3-4d08-b56f-3d8d02fdab1a,0,정상
2855,93163119-0cb3-4d08-b56f-3d8d02fdab1a,0,정상
2856,93163119-0cb3-4d08-b56f-3d8d02fdab1a,0,정상
2857,93163119-0cb3-4d08-b56f-3d8d02fdab1a,0,정상
2858,93163119-0cb3-4d08-b56f-3d8d02fdab1a,0,정상
2859,93163119-0cb3-4d08-b56f-3d8d02fdab1a,0,정상
2860,93163119-0cb3-4d08-b56f-3d8d02fdab1a,0,정상
2861,93163119-0cb3-4d08-b56f-3d8d02fdab1a,0,정상
2862,93163119-0cb3-4d08-b56f-3d8d02fdab1a,0,정상
2863,93163119-0cb3-4d08-b56f-3d8d02fdab1a,0,정상
2864,93163119-0cb3-4d08-b56f-3d8d02fdab1a,0,정상
2865,93163119-0cb3-4d08-b56f-3d8d02fdab1a,0,정상
2866,93163119-0cb3-4d08-b56f-3d8d02fdab1a,0,정상
2867,93163119-0cb3-4d08-b56f-3d8d02fdab1a,0,정상
2868,93163119-0cb3-4d08-b56f-3d8d02fdab1a,0,정상
2869,93163119-0cb3-4d08-b56f-3d8d02fdab1a,0,정상
2870,93163119-0cb3-4d08-b56f-3d8d02fdab1a,0,정상
2871,93163119-0cb3-4d08-b56f-3d8d02fdab1a,0,정상
2872,93163119-0cb3-4d08-b56f-3d8d02fdab1a,0,정상
2873,93163119-0cb3-4d08-b56f-3d8d02fdab1a,0,정상
2874,93163119-0cb3-4d08-b56f-3d8d02fdab1a,0,정상
2875,93163119-0cb3-4d08-b56f-3d8d02fdab1a,0,정상
2876,93163119-0cb3-4d08-b56f-3d8d02fdab1a,0,정상
2877,93163119-0cb3-4d08-b56f-3d8d02fdab1a,0,정상
2878,93163119-0cb3-4d08-b56f-3d8d02fdab1a,1,R00y_신규기기
2879,93163119-0cb3-4d08-b56f-3d8d02fdab1a,0,정상
2880,93163119-0cb3-4d08-b56f-3d8d02fdab1a,0,정상
2881,93163119-0cb3-4d08-b56f-3d8d02fdab1a,0,정상
2882,93163119-0cb3-4d08-b56f-3d8d02fdab1a,0,정상
2883,93163119-0cb3-4d08-b56f-3d8d02fdab1a,0,정상
2884,93163119-0cb3-4d08-b56f-3d8d02fdab1a,0,정상
2885,93163119-0cb3-4d08-b56f-3d8d02fdab1a,0,정상
2886,93163119-0cb3-4d08-b56f-3d8d02fdab1a,0,정상
2887,93163119-0cb3-4d08-b56f-3d8d02fdab1a,0,정상
2888,93163119-0cb3-4d08-b56f-3d8d02fdab1a,0,정상
2889,93163119-0cb3-4d08-b56f-3d8d02fdab1a,0,정상
2890,93163119-0cb3-4d08-b56f-3d8d02fdab1a,0,정상
2891,93163119-0cb3-4d08-b56f-3d8d02fdab1a,0,정상
2892,93163119-0cb3-4d08-b56f-3d8d02fdab1a,0,정상
2893,93163119-0cb3-4d08-b56f-3d8d02fdab1a,0,정상
2894,93163119-0cb3-4d08-b56f-3d8d02fdab1a,0,정상
2895,93163119-0cb3-4d08-b56f-3d8d02fdab1a,0,정상
2896,93163119-0cb3-4d08-b56f-3d8d02fdab1a,0,정상
2897,93163119-0cb3-4d08-b56f-3d8d02fdab1a,0,정상
2898,93163119-0cb3-4d08-b56f-3d8d02fdab1a,1,R007_해외결제
2899,93163119-0cb3-4d08-b56f-3d8d02fdab1a,0,정상
2900,93163119-0cb3-4d08-b56f-3d8d02fdab1a,0,정상
2901,93163119-0cb3-4d08-b56f-3d8d02fdab1a,0,정상
2902,93163119-0cb3-4d08-b56f-3d8d02fdab1a,0,정상
2903,93163119-0cb3-4d08-b56f-3d8d02fdab1a,0,정상
2904,93163119-0cb3-4d08-b56f-3d8d02fdab1a,0,정상
2905,93163119-0cb3-4d08-b56f-3d8d02fdab1a,1,R005_심야대액
2906,93163119-0cb3-4d08-b56f-3d8d02fdab1a,0,정상
2907,93163119-0cb3-4d08-b56f-3d8d02fdab1a,0,정상
2908,93163119-0cb3-4d08-b56f-3d8d02fdab1a,0,정상
2909,93163119-0cb3-4d08-b56f-3d8d02fdab1a,0,정상
2910,93163119-0cb3-4d08-b56f-3d8d02fdab1a,0,정상
2911,93163119-0cb3-4d08-b56f-3d8d02fdab1a,0,정상
2912,93163119-0cb3-4d08-b56f-3d8d02fdab1a,0,정상
2913,9bb679cb-8d83-45af-8297-e91440efb0d0,0,정상
2914,9bb679cb-8d83-45af-8297-e91440efb0d0,0,정상
2915,9bb679cb-8d83-45af-8297-e91440efb0d0,0,정상
2916,9bb679cb-8d83-45af-8297-e91440efb0d0,0,정상
2917,9bb679cb-8d83-45af-8297-e91440efb0d0,0,정상
2918,9bb679cb-8d83-45af-8297-e91440efb0d0,0,정상
2919,9bb679cb-8d83-45af-8297-e91440efb0d0,0,정상
2920,9bb679cb-8d83-45af-8297-e91440efb0d0,0,정상
2921,9bb679cb-8d83-45af-8297-e91440efb0d0,0,정상
2922,9bb679cb-8d83-45af-8297-e91440efb0d0,0,정상
2923,9bb679cb-8d83-45af-8297-e91440efb0d0,0,정상
2924,9bb679cb-8d83-45af-8297-e91440efb0d0,0,정상
2925,9bb679cb-8d83-45af-8297-e91440efb0d0,0,정상
2926,9bb679cb-8d83-45af-8297-e91440efb0d0,0,정상
2927,9bb679cb-8d83-45af-8297-e91440efb0d0,1,R00y_신규기기
2928,9bb679cb-8d83-45af-8297-e91440efb0d0,0,정상
2929,9bb679cb-8d83-45af-8297-e91440efb0d0,0,정상
2930,9bb679cb-8d83-45af-8297-e91440efb0d0,0,정상
2931,9bb679cb-8d83-45af-8297-e91440efb0d0,0,정상
2932,9bb679cb-8d83-45af-8297-e91440efb0d0,0,정상
2933,9bb679cb-8d83-45af-8297-e91440efb0d0,0,정상
2934,9bb679cb-8d83-45af-8297-e91440efb0d0,0,정상
2935,9bb679cb-8d83-45af-8297-e91440efb0d0,0,정상
2936,9bb679cb-8d83-45af-8297-e91440efb0d0,0,정상
2937,9bb679cb-8d83-45af-8297-e91440efb0d0,0,정상
2938,9bb679cb-8d83-45af-8297-e91440efb0d0,0,정상
2939,9bb679cb-8d83-45af-8297-e91440efb0d0,0,정상
2940,9bb679cb-8d83-45af-8297-e91440efb0d0,0,정상
2941,9bb679cb-8d83-45af-8297-e91440efb0d0,0,정상
2942,9bb679cb-8d83-45af-8297-e91440efb0d0,0,정상
2943,9bb679cb-8d83-45af-8297-e91440efb0d0,0,정상
2944,9bb679cb-8d83-45af-8297-e91440efb0d0,0,정상
2945,9bb679cb-8d83-45af-8297-e91440efb0d0,0,정상
2946,9bb679cb-8d83-45af-8297-e91440efb0d0,0,정상
2947,9bb679cb-8d83-45af-8297-e91440efb0d0,0,정상
2948,9bb679cb-8d83-45af-8297-e91440efb0d0,1,R005_심야대액
2949,9bb679cb-8d83-45af-8297-e91440efb0d0,0,정상
2950,9bb679cb-8d83-45af-8297-e91440efb0d0,0,정상
2951,9bb679cb-8d83-45af-8297-e91440efb0d0,0,정상
2952,9bb679cb-8d83-45af-8297-e91440efb0d0,0,정상
2953,9bb679cb-8d83-45af-8297-e91440efb0d0,0,정상
2954,9bb679cb-8d83-45af-8297-e91440efb0d0,0,정상
2955,9bb679cb-8d83-45af-8297-e91440efb0d0,0,정상
2956,9bb679cb-8d83-45af-8297-e91440efb0d0,0,정상
2957,9bb679cb-8d83-45af-8297-e91440efb0d0,0,정상
2958,9bb679cb-8d83-45af-8297-e91440efb0d0,0,정상
2959,9bb679cb-8d83-45af-8297-e91440efb0d0,0,정상
2960,9bb679cb-8d83-45af-8297-e91440efb0d0,0,정상
2961,9bb679cb-8d83-45af-8297-e91440efb0d0,0,정상
2962,9bb679cb-8d83-45af-8297-e91440efb0d0,0,정상
2963,9bb679cb-8d83-45af-8297-e91440efb0d0,0,정상
2964,9bb679cb-8d83-45af-8297-e91440efb0d0,0,정상
2965,9bb679cb-8d83-45af-8297-e91440efb0d0,0,정상
2966,9bb679cb-8d83-45af-8297-e91440efb0d0,0,정상
2967,9bb679cb-8d83-45af-8297-e91440efb0d0,1,R005_심야대액
2968,9bb679cb-8d83-45af-8297-e91440efb0d0,0,정상
2969,9bb679cb-8d83-45af-8297-e91440efb0d0,0,정상
2970,9bb679cb-8d83-45af-8297-e91440efb0d0,0,정상
2971,9bb679cb-8d83-45af-8297-e91440efb0d0,0,정상
2972,9bb679cb-8d83-45af-8297-e91440efb0d0,0,정상
2973,9bb679cb-8d83-45af-8297-e91440efb0d0,0,정상
2974,9bb679cb-8d83-45af-8297-e91440efb0d0,0,정상
2975,9bb679cb-8d83-45af-8297-e91440efb0d0,0,정상
2976,9bb679cb-8d83-45af-8297-e91440efb0d0,0,정상
2977,9bb679cb-8d83-45af-8297-e91440efb0d0,0,정상
2978,9bb679cb-8d83-45af-8297-e91440efb0d0,0,정상
2979,9bb679cb-8d83-45af-8297-e91440efb0d0,0,정상
2980,9bb679cb-8d83-45af-8297-e91440efb0d0,0,정상
2981,9bb679cb-8d83-45af-8297-e91440efb0d0,0,정상
2982,9bb679cb-8d83-45af-8297-e91440efb0d0,0,정상
2983,9bb679cb-8d83-45af-8297-e91440efb0d0,0,정상
2984,9bb679cb-8d83-45af-8297-e91440efb0d0,0,정상
2985,9bb679cb-8d83-45af-8297-e91440efb0d0,0,정상
2986,9bb679cb-8d83-45af-8297-e91440efb0d0,0,정상
2987,9bb679cb-8d83-45af-8297-e91440efb0d0,0,정상
2988,9bb679cb-8d83-45af-8297-e91440efb0d0,0,정상
2989,9bb679cb-8d83-45af-8297-e91440efb0d0,0,정상
2990,9bb679cb-8d83-45af-8297-e91440efb0d0,0,정상
2991,9bb679cb-8d83-45af-8297-e91440efb0d0,0,정상
2992,9bb679cb-8d83-45af-8297-e91440efb0d0,1,R001_단일한도초과
2993,9bb679cb-8d83-45af-8297-e91440efb0d0,0,정상
2994,9bb679cb-8d83-45af-8297-e91440efb0d0,0,정상
2995,9bb679cb-8d83-45af-8297-e91440efb0d0,0,정상
2996,9bb679cb-8d83-45af-8297-e91440efb0d0,0,정상
2997,9bb679cb-8d83-45af-8297-e91440efb0d0,0,정상
2998,9bb679cb-8d83-45af-8297-e91440efb0d0,0,정상
2999,9bb679cb-8d83-45af-8297-e91440efb0d0,0,정상
3000,9bb679cb-8d83-45af-8297-e91440efb0d0,0,정상
3001,9bb679cb-8d83-45af-8297-e91440efb0d0,0,정상
3002,9bb679cb-8d83-45af-8297-e91440efb0d0,0,정상
3003,9bb679cb-8d83-45af-8297-e91440efb0d0,0,정상
3004,9bb679cb-8d83-45af-8297-e91440efb0d0,0,정상
3005,9bb679cb-8d83-45af-8297-e91440efb0d0,0,정상
3006,9bb679cb-8d83-45af-8297-e91440efb0d0,0,정상
3007,9bb679cb-8d83-45af-8297-e91440efb0d0,0,정상
3008,9bb679cb-8d83-45af-8297-e91440efb0d0,0,정상
3009,9bb679cb-8d83-45af-8297-e91440efb0d0,0,정상
3010,9bb679cb-8d83-45af-8297-e91440efb0d0,0,정상
3011,9bb679cb-8d83-45af-8297-e91440efb0d0,0,정상
3012,9bb679cb-8d83-45af-8297-e91440efb0d0,0,정상
3013,9bb679cb-8d83-45af-8297-e91440efb0d0,0,정상
3014,9bb679cb-8d83-45af-8297-e91440efb0d0,0,정상
3015,9bb679cb-8d83-45af-8297-e91440efb0d0,0,정상
3016,9bb679cb-8d83-45af-8297-e91440efb0d0,0,정상
3017,9bb679cb-8d83-45af-8297-e91440efb0d0,0,정상
3018,9bb679cb-8d83-45af-8297-e91440efb0d0,0,정상
3019,9bb679cb-8d83-45af-8297-e91440efb0d0,0,정상
3020,9bb679cb-8d83-45af-8297-e91440efb0d0,0,정상
3021,9bb679cb-8d83-45af-8297-e91440efb0d0,0,정상
3022,9bb679cb-8d83-45af-8297-e91440efb0d0,0,정상
3023,9bb679cb-8d83-45af-8297-e91440efb0d0,0,정상
3024,9bb679cb-8d83-45af-8297-e91440efb0d0,0,정상
3025,9bb679cb-8d83-45af-8297-e91440efb0d0,0,정상
3026,9bb679cb-8d83-45af-8297-e91440efb0d0,0,정상
3027,9bb679cb-8d83-45af-8297-e91440efb0d0,0,정상
3028,9bb679cb-8d83-45af-8297-e91440efb0d0,0,정상
3029,9bb679cb-8d83-45af-8297-e91440efb0d0,1,R007_해외결제
3030,9bb679cb-8d83-45af-8297-e91440efb0d0,0,정상
3031,9bb679cb-8d83-45af-8297-e91440efb0d0,0,정상
3032,9bb679cb-8d83-45af-8297-e91440efb0d0,0,정상
3033,9bb679cb-8d83-45af-8297-e91440efb0d0,0,정상
3034,9bb679cb-8d83-45af-8297-e91440efb0d0,0,정상
3035,9bb679cb-8d83-45af-8297-e91440efb0d0,0,정상
3036,9bb679cb-8d83-45af-8297-e91440efb0d0,0,정상
3037,9bb679cb-8d83-45af-8297-e91440efb0d0,0,정상
3038,9bb679cb-8d83-45af-8297-e91440efb0d0,0,정상
3039,9bb679cb-8d83-45af-8297-e91440efb0d0,0,정상
3040,9bb679cb-8d83-45af-8297-e91440efb0d0,1,R001_단일한도초과
3041,9bb679cb-8d83-45af-8297-e91440efb0d0,0,정상
3042,9bb679cb-8d83-45af-8297-e91440efb0d0,0,정상
3043,9bb679cb-8d83-45af-8297-e91440efb0d0,0,정상
3044,9bb679cb-8d83-45af-8297-e91440efb0d0,0,정상
3045,9bb679cb-8d83-45af-8297-e91440efb0d0,0,정상
3046,9bb679cb-8d83-45af-8297-e91440efb0d0,0,정상
3047,9bb679cb-8d83-45af-8297-e91440efb0d0,0,정상
3048,9bb679cb-8d83-45af-8297-e91440efb0d0,0,정상
3049,9bb679cb-8d83-45af-8297-e91440efb0d0,0,정상
3050,9bb679cb-8d83-45af-8297-e91440efb0d0,0,정상
3051,9bb679cb-8d83-45af-8297-e91440efb0d0,0,정상
3052,9bb679cb-8d83-45af-8297-e91440efb0d0,1,R00y_신규기기
3053,9bb679cb-8d83-45af-8297-e91440efb0d0,0,정상
3054,9bb679cb-8d83-45af-8297-e91440efb0d0,0,정상
3055,9bb679cb-8d83-45af-8297-e91440efb0d0,0,정상
3056,9bb679cb-8d83-45af-8297-e91440efb0d0,0,정상
3057,9bb679cb-8d83-45af-8297-e91440efb0d0,0,정상
3058,9bb679cb-8d83-45af-8297-e91440efb0d0,0,정상
3059,9bb679cb-8d83-45af-8297-e91440efb0d0,0,정상
3060,9bb679cb-8d83-45af-8297-e91440efb0d0,0,정상
3061,9bb679cb-8d83-45af-8297-e91440efb0d0,0,정상
3062,9bb679cb-8d83-45af-8297-e91440efb0d0,0,정상
3063,9bb679cb-8d83-45af-8297-e91440efb0d0,1,R007_해외결제
3064,9bb679cb-8d83-45af-8297-e91440efb0d0,0,정상
3065,9bb679cb-8d83-45af-8297-e91440efb0d0,0,정상
3066,9bb679cb-8d83-45af-8297-e91440efb0d0,0,정상
3067,9bb679cb-8d83-45af-8297-e91440efb0d0,0,정상
3068,9bb679cb-8d83-45af-8297-e91440efb0d0,0,정상
3069,9bb679cb-8d83-45af-8297-e91440efb0d0,1,R007_해외결제
3070,9bb679cb-8d83-45af-8297-e91440efb0d0,0,정상
3071,9bb679cb-8d83-45af-8297-e91440efb0d0,0,정상
3072,a0598579-8124-47ac-ab26-dc5e2c7c8c1a,0,정상
3073,a0598579-8124-47ac-ab26-dc5e2c7c8c1a,0,정상
3074,a0598579-8124-47ac-ab26-dc5e2c7c8c1a,0,정상
3075,a0598579-8124-47ac-ab26-dc5e2c7c8c1a,0,정상
3076,a0598579-8124-47ac-ab26-dc5e2c7c8c1a,0,정상
3077,a0598579-8124-47ac-ab26-dc5e2c7c8c1a,0,정상
3078,a0598579-8124-47ac-ab26-dc5e2c7c8c1a,0,정상
3079,a0598579-8124-47ac-ab26-dc5e2c7c8c1a,0,정상
3080,a0598579-8124-47ac-ab26-dc5e2c7c8c1a,0,정상
3081,a0598579-8124-47ac-ab26-dc5e2c7c8c1a,0,정상
3082,a0598579-8124-47ac-ab26-dc5e2c7c8c1a,0,정상
3083,a0598579-8124-47ac-ab26-dc5e2c7c8c1a,0,정상
3084,a0598579-8124-47ac-ab26-dc5e2c7c8c1a,0,정상
3085,a0598579-8124-47ac-ab26-dc5e2c7c8c1a,0,정상
3086,a0598579-8124-47ac-ab26-dc5e2c7c8c1a,0,정상
3087,a0598579-8124-47ac-ab26-dc5e2c7c8c1a,0,정상
3088,a0598579-8124-47ac-ab26-dc5e2c7c8c1a,0,정상
3089,a0598579-8124-47ac-ab26-dc5e2c7c8c1a,0,정상
3090,a0598579-8124-47ac-ab26-dc5e2c7c8c1a,0,정상
3091,a0598579-8124-47ac-ab26-dc5e2c7c8c1a,0,정상
3092,a0598579-8124-47ac-ab26-dc5e2c7c8c1a,0,정상
3093,a0598579-8124-47ac-ab26-dc5e2c7c8c1a,0,정상
3094,a0598579-8124-47ac-ab26-dc5e2c7c8c1a,0,정상
3095,a0598579-8124-47ac-ab26-dc5e2c7c8c1a,0,정상
3096,a0598579-8124-47ac-ab26-dc5e2c7c8c1a,0,정상
3097,a0598579-8124-47ac-ab26-dc5e2c7c8c1a,0,정상
3098,a0598579-8124-47ac-ab26-dc5e2c7c8c1a,0,정상
3099,a0598579-8124-47ac-ab26-dc5e2c7c8c1a,0,정상
3100,a0598579-8124-47ac-ab26-dc5e2c7c8c1a,0,정상
3101,a0598579-8124-47ac-ab26-dc5e2c7c8c1a,0,정상
3102,a0598579-8124-47ac-ab26-dc5e2c7c8c1a,0,정상
3103,a0598579-8124-47ac-ab26-dc5e2c7c8c1a,0,정상
3104,a0598579-8124-47ac-ab26-dc5e2c7c8c1a,0,정상
3105,a0598579-8124-47ac-ab26-dc5e2c7c8c1a,0,정상
3106,a0598579-8124-47ac-ab26-dc5e2c7c8c1a,0,정상
3107,a0598579-8124-47ac-ab26-dc5e2c7c8c1a,0,정상
3108,a0598579-8124-47ac-ab26-dc5e2c7c8c1a,0,정상
3109,a0598579-8124-47ac-ab26-dc5e2c7c8c1a,1,R001_단일한도초과
3110,a0598579-8124-47ac-ab26-dc5e2c7c8c1a,0,정상
3111,a0598579-8124-47ac-ab26-dc5e2c7c8c1a,0,정상
3112,a0598579-8124-47ac-ab26-dc5e2c7c8c1a,1,R001_단일한도초과
3113,a0598579-8124-47ac-ab26-dc5e2c7c8c1a,0,정상
3114,a0598579-8124-47ac-ab26-dc5e2c7c8c1a,0,정상
3115,a0598579-8124-47ac-ab26-dc5e2c7c8c1a,0,정상
3116,a0598579-8124-47ac-ab26-dc5e2c7c8c1a,0,정상
3117,a0598579-8124-47ac-ab26-dc5e2c7c8c1a,0,정상
3118,a0598579-8124-47ac-ab26-dc5e2c7c8c1a,0,정상
3119,a0598579-8124-47ac-ab26-dc5e2c7c8c1a,0,정상
3120,a0598579-8124-47ac-ab26-dc5e2c7c8c1a,0,정상
3121,a0598579-8124-47ac-ab26-dc5e2c7c8c1a,0,정상
3122,a0598579-8124-47ac-ab26-dc5e2c7c8c1a,0,정상
3123,a0598579-8124-47ac-ab26-dc5e2c7c8c1a,0,정상
3124,a0598579-8124-47ac-ab26-dc5e2c7c8c1a,0,정상
3125,a0598579-8124-47ac-ab26-dc5e2c7c8c1a,0,정상
3126,a0598579-8124-47ac-ab26-dc5e2c7c8c1a,0,정상
3127,a0598579-8124-47ac-ab26-dc5e2c7c8c1a,0,정상
3128,a0598579-8124-47ac-ab26-dc5e2c7c8c1a,0,정상
3129,a0598579-8124-47ac-ab26-dc5e2c7c8c1a,0,정상
3130,a0598579-8124-47ac-ab26-dc5e2c7c8c1a,0,정상
3131,a0598579-8124-47ac-ab26-dc5e2c7c8c1a,0,정상
3132,a0598579-8124-47ac-ab26-dc5e2c7c8c1a,0,정상
3133,a0598579-8124-47ac-ab26-dc5e2c7c8c1a,0,정상
3134,a0598579-8124-47ac-ab26-dc5e2c7c8c1a,0,정상
3135,a0598579-8124-47ac-ab26-dc5e2c7c8c1a,0,정상
3136,a0598579-8124-47ac-ab26-dc5e2c7c8c1a,0,정상
3137,a0598579-8124-47ac-ab26-dc5e2c7c8c1a,0,정상
3138,a0598579-8124-47ac-ab26-dc5e2c7c8c1a,0,정상
3139,a0598579-8124-47ac-ab26-dc5e2c7c8c1a,0,정상
3140,a0598579-8124-47ac-ab26-dc5e2c7c8c1a,0,정상
3141,a0598579-8124-47ac-ab26-dc5e2c7c8c1a,0,정상
3142,a0598579-8124-47ac-ab26-dc5e2c7c8c1a,0,정상
3143,a0598579-8124-47ac-ab26-dc5e2c7c8c1a,0,정상
3144,a0598579-8124-47ac-ab26-dc5e2c7c8c1a,0,정상
3145,a0598579-8124-47ac-ab26-dc5e2c7c8c1a,0,정상
3146,a0598579-8124-47ac-ab26-dc5e2c7c8c1a,0,정상
3147,a0598579-8124-47ac-ab26-dc5e2c7c8c1a,0,정상
3148,a0598579-8124-47ac-ab26-dc5e2c7c8c1a,0,정상
3149,a0598579-8124-47ac-ab26-dc5e2c7c8c1a,0,정상
3150,a0598579-8124-47ac-ab26-dc5e2c7c8c1a,1,R005_심야대액
3151,a0598579-8124-47ac-ab26-dc5e2c7c8c1a,1,R006_단기반복
3152,a0598579-8124-47ac-ab26-dc5e2c7c8c1a,1,R006_단기반복
3153,a0598579-8124-47ac-ab26-dc5e2c7c8c1a,1,R006_단기반복
3154,a0598579-8124-47ac-ab26-dc5e2c7c8c1a,0,정상
3155,a0598579-8124-47ac-ab26-dc5e2c7c8c1a,0,정상
3156,a0598579-8124-47ac-ab26-dc5e2c7c8c1a,0,정상
3157,a0598579-8124-47ac-ab26-dc5e2c7c8c1a,0,정상
3158,a0598579-8124-47ac-ab26-dc5e2c7c8c1a,0,정상
3159,a0598579-8124-47ac-ab26-dc5e2c7c8c1a,0,정상
3160,a0598579-8124-47ac-ab26-dc5e2c7c8c1a,0,정상
3161,a0598579-8124-47ac-ab26-dc5e2c7c8c1a,0,정상
3162,a0598579-8124-47ac-ab26-dc5e2c7c8c1a,0,정상
3163,a0598579-8124-47ac-ab26-dc5e2c7c8c1a,0,정상
3164,a0598579-8124-47ac-ab26-dc5e2c7c8c1a,0,정상
3165,a0598579-8124-47ac-ab26-dc5e2c7c8c1a,0,정상
3166,a0598579-8124-47ac-ab26-dc5e2c7c8c1a,0,정상
3167,a0598579-8124-47ac-ab26-dc5e2c7c8c1a,0,정상
3168,a0598579-8124-47ac-ab26-dc5e2c7c8c1a,0,정상
3169,a0598579-8124-47ac-ab26-dc5e2c7c8c1a,1,R007_해외결제
3170,a0598579-8124-47ac-ab26-dc5e2c7c8c1a,0,정상
3171,a0598579-8124-47ac-ab26-dc5e2c7c8c1a,0,정상
3172,a0598579-8124-47ac-ab26-dc5e2c7c8c1a,0,정상
3173,a0598579-8124-47ac-ab26-dc5e2c7c8c1a,0,정상
3174,a0598579-8124-47ac-ab26-dc5e2c7c8c1a,0,정상
3175,a0598579-8124-47ac-ab26-dc5e2c7c8c1a,0,정상
3176,a0598579-8124-47ac-ab26-dc5e2c7c8c1a,0,정상
3177,a0598579-8124-47ac-ab26-dc5e2c7c8c1a,0,정상
3178,a0598579-8124-47ac-ab26-dc5e2c7c8c1a,0,정상
3179,a0598579-8124-47ac-ab26-dc5e2c7c8c1a,0,정상
3180,a0598579-8124-47ac-ab26-dc5e2c7c8c1a,0,정상
3181,a0598579-8124-47ac-ab26-dc5e2c7c8c1a,0,정상
3182,a0598579-8124-47ac-ab26-dc5e2c7c8c1a,0,정상
3183,a0598579-8124-47ac-ab26-dc5e2c7c8c1a,0,정상
3184,a0598579-8124-47ac-ab26-dc5e2c7c8c1a,0,정상
3185,a0598579-8124-47ac-ab26-dc5e2c7c8c1a,0,정상
3186,a0598579-8124-47ac-ab26-dc5e2c7c8c1a,0,정상
3187,a0598579-8124-47ac-ab26-dc5e2c7c8c1a,0,정상
3188,a0598579-8124-47ac-ab26-dc5e2c7c8c1a,0,정상
3189,a0598579-8124-47ac-ab26-dc5e2c7c8c1a,0,정상
3190,a0598579-8124-47ac-ab26-dc5e2c7c8c1a,1,R001_단일한도초과
3191,a0598579-8124-47ac-ab26-dc5e2c7c8c1a,0,정상
3192,a0598579-8124-47ac-ab26-dc5e2c7c8c1a,0,정상
3193,a0598579-8124-47ac-ab26-dc5e2c7c8c1a,0,정상
3194,a0598579-8124-47ac-ab26-dc5e2c7c8c1a,1,R00x_위치급변
3195,a0598579-8124-47ac-ab26-dc5e2c7c8c1a,0,정상
3196,a0598579-8124-47ac-ab26-dc5e2c7c8c1a,0,정상
3197,a0598579-8124-47ac-ab26-dc5e2c7c8c1a,0,정상
3198,a0598579-8124-47ac-ab26-dc5e2c7c8c1a,0,정상
3199,a0598579-8124-47ac-ab26-dc5e2c7c8c1a,0,정상
3200,a0598579-8124-47ac-ab26-dc5e2c7c8c1a,0,정상
3201,a0598579-8124-47ac-ab26-dc5e2c7c8c1a,0,정상
3202,a0598579-8124-47ac-ab26-dc5e2c7c8c1a,0,정상
3203,a0598579-8124-47ac-ab26-dc5e2c7c8c1a,0,정상
3204,a0598579-8124-47ac-ab26-dc5e2c7c8c1a,0,정상
3205,a0598579-8124-47ac-ab26-dc5e2c7c8c1a,0,정상
3206,a0598579-8124-47ac-ab26-dc5e2c7c8c1a,0,정상
3207,a0598579-8124-47ac-ab26-dc5e2c7c8c1a,0,정상
3208,a0598579-8124-47ac-ab26-dc5e2c7c8c1a,0,정상
3209,a0598579-8124-47ac-ab26-dc5e2c7c8c1a,0,정상
3210,a0598579-8124-47ac-ab26-dc5e2c7c8c1a,0,정상
3211,a0598579-8124-47ac-ab26-dc5e2c7c8c1a,0,정상
3212,a0598579-8124-47ac-ab26-dc5e2c7c8c1a,0,정상
3213,a0598579-8124-47ac-ab26-dc5e2c7c8c1a,0,정상
3214,a0598579-8124-47ac-ab26-dc5e2c7c8c1a,0,정상
3215,a0598579-8124-47ac-ab26-dc5e2c7c8c1a,0,정상
3216,a0598579-8124-47ac-ab26-dc5e2c7c8c1a,0,정상
3217,a0598579-8124-47ac-ab26-dc5e2c7c8c1a,0,정상
3218,a0598579-8124-47ac-ab26-dc5e2c7c8c1a,0,정상
3219,a0598579-8124-47ac-ab26-dc5e2c7c8c1a,0,정상
3220,a0598579-8124-47ac-ab26-dc5e2c7c8c1a,0,정상
3221,a0598579-8124-47ac-ab26-dc5e2c7c8c1a,0,정상
3222,a0598579-8124-47ac-ab26-dc5e2c7c8c1a,0,정상
3223,a0598579-8124-47ac-ab26-dc5e2c7c8c1a,0,정상
3224,a0598579-8124-47ac-ab26-dc5e2c7c8c1a,0,정상
3225,a0598579-8124-47ac-ab26-dc5e2c7c8c1a,0,정상
3226,a0598579-8124-47ac-ab26-dc5e2c7c8c1a,0,정상
3227,a0598579-8124-47ac-ab26-dc5e2c7c8c1a,0,정상
3228,a0598579-8124-47ac-ab26-dc5e2c7c8c1a,0,정상
3229,a0598579-8124-47ac-ab26-dc5e2c7c8c1a,0,정상
3230,a0598579-8124-47ac-ab26-dc5e2c7c8c1a,0,정상
3231,a0598579-8124-47ac-ab26-dc5e2c7c8c1a,0,정상
3232,a0598579-8124-47ac-ab26-dc5e2c7c8c1a,0,정상
3233,a0598579-8124-47ac-ab26-dc5e2c7c8c1a,0,정상
3234,a1fc7a80-1c2a-4337-b3c7-982cc0c91e27,0,정상
3235,a1fc7a80-1c2a-4337-b3c7-982cc0c91e27,0,정상
3236,a1fc7a80-1c2a-4337-b3c7-982cc0c91e27,0,정상
3237,a1fc7a80-1c2a-4337-b3c7-982cc0c91e27,0,정상
3238,a1fc7a80-1c2a-4337-b3c7-982cc0c91e27,0,정상
3239,a1fc7a80-1c2a-4337-b3c7-982cc0c91e27,0,정상
3240,a1fc7a80-1c2a-4337-b3c7-982cc0c91e27,0,정상
3241,a1fc7a80-1c2a-4337-b3c7-982cc0c91e27,0,정상
3242,a1fc7a80-1c2a-4337-b3c7-982cc0c91e27,0,정상
3243,a1fc7a80-1c2a-4337-b3c7-982cc0c91e27,0,정상
3244,a1fc7a80-1c2a-4337-b3c7-982cc0c91e27,0,정상
3245,a1fc7a80-1c2a-4337-b3c7-982cc0c91e27,0,정상
3246,a1fc7a80-1c2a-4337-b3c7-982cc0c91e27,0,정상
3247,a1fc7a80-1c2a-4337-b3c7-982cc0c91e27,0,정상
3248,a1fc7a80-1c2a-4337-b3c7-982cc0c91e27,0,정상
3249,a1fc7a80-1c2a-4337-b3c7-982cc0c91e27,0,정상
3250,a1fc7a80-1c2a-4337-b3c7-982cc0c91e27,0,정상
3251,a1fc7a80-1c2a-4337-b3c7-982cc0c91e27,0,정상
3252,a1fc7a80-1c2a-4337-b3c7-982cc0c91e27,0,정상
3253,a1fc7a80-1c2a-4337-b3c7-982cc0c91e27,0,정상
3254,a1fc7a80-1c2a-4337-b3c7-982cc0c91e27,1,R001_단일한도초과
3255,a1fc7a80-1c2a-4337-b3c7-982cc0c91e27,0,정상
3256,a1fc7a80-1c2a-4337-b3c7-982cc0c91e27,0,정상
3257,a1fc7a80-1c2a-4337-b3c7-982cc0c91e27,0,정상
3258,a1fc7a80-1c2a-4337-b3c7-982cc0c91e27,0,정상
3259,a1fc7a80-1c2a-4337-b3c7-982cc0c91e27,0,정상
3260,a1fc7a80-1c2a-4337-b3c7-982cc0c91e27,0,정상
3261,a1fc7a80-1c2a-4337-b3c7-982cc0c91e27,0,정상
3262,a1fc7a80-1c2a-4337-b3c7-982cc0c91e27,0,정상
3263,a1fc7a80-1c2a-4337-b3c7-982cc0c91e27,0,정상
3264,a1fc7a80-1c2a-4337-b3c7-982cc0c91e27,0,정상
3265,a1fc7a80-1c2a-4337-b3c7-982cc0c91e27,0,정상
3266,a1fc7a80-1c2a-4337-b3c7-982cc0c91e27,0,정상
3267,a1fc7a80-1c2a-4337-b3c7-982cc0c91e27,0,정상
3268,a1fc7a80-1c2a-4337-b3c7-982cc0c91e27,0,정상
3269,a1fc7a80-1c2a-4337-b3c7-982cc0c91e27,0,정상
3270,a1fc7a80-1c2a-4337-b3c7-982cc0c91e27,0,정상
3271,a1fc7a80-1c2a-4337-b3c7-982cc0c91e27,0,정상
3272,a1fc7a80-1c2a-4337-b3c7-982cc0c91e27,0,정상
3273,a1fc7a80-1c2a-4337-b3c7-982cc0c91e27,0,정상
3274,a1fc7a80-1c2a-4337-b3c7-982cc0c91e27,0,정상
3275,a1fc7a80-1c2a-4337-b3c7-982cc0c91e27,1,R001_단일한도초과
3276,a1fc7a80-1c2a-4337-b3c7-982cc0c91e27,0,정상
3277,a1fc7a80-1c2a-4337-b3c7-982cc0c91e27,0,정상
3278,a1fc7a80-1c2a-4337-b3c7-982cc0c91e27,0,정상
3279,a1fc7a80-1c2a-4337-b3c7-982cc0c91e27,0,정상
3280,a1fc7a80-1c2a-4337-b3c7-982cc0c91e27,0,정상
3281,a1fc7a80-1c2a-4337-b3c7-982cc0c91e27,0,정상
3282,a1fc7a80-1c2a-4337-b3c7-982cc0c91e27,0,정상
3283,a1fc7a80-1c2a-4337-b3c7-982cc0c91e27,0,정상
3284,a1fc7a80-1c2a-4337-b3c7-982cc0c91e27,0,정상
3285,a1fc7a80-1c2a-4337-b3c7-982cc0c91e27,0,정상
3286,a1fc7a80-1c2a-4337-b3c7-982cc0c91e27,0,정상
3287,a1fc7a80-1c2a-4337-b3c7-982cc0c91e27,0,정상
3288,a1fc7a80-1c2a-4337-b3c7-982cc0c91e27,1,R001_단일한도초과
3289,a1fc7a80-1c2a-4337-b3c7-982cc0c91e27,0,정상
3290,a1fc7a80-1c2a-4337-b3c7-982cc0c91e27,0,정상
3291,a1fc7a80-1c2a-4337-b3c7-982cc0c91e27,0,정상
3292,a1fc7a80-1c2a-4337-b3c7-982cc0c91e27,0,정상
3293,a1fc7a80-1c2a-4337-b3c7-982cc0c91e27,0,정상
3294,a1fc7a80-1c2a-4337-b3c7-982cc0c91e27,0,정상
3295,a1fc7a80-1c2a-4337-b3c7-982cc0c91e27,0,정상
3296,a1fc7a80-1c2a-4337-b3c7-982cc0c91e27,0,정상
3297,a1fc7a80-1c2a-4337-b3c7-982cc0c91e27,0,정상
3298,a1fc7a80-1c2a-4337-b3c7-982cc0c91e27,0,정상
3299,a1fc7a80-1c2a-4337-b3c7-982cc0c91e27,0,정상
3300,a1fc7a80-1c2a-4337-b3c7-982cc0c91e27,0,정상
3301,a1fc7a80-1c2a-4337-b3c7-982cc0c91e27,0,정상
3302,a1fc7a80-1c2a-4337-b3c7-982cc0c91e27,0,정상
3303,a1fc7a80-1c2a-4337-b3c7-982cc0c91e27,0,정상
3304,a1fc7a80-1c2a-4337-b3c7-982cc0c91e27,0,정상
3305,a1fc7a80-1c2a-4337-b3c7-982cc0c91e27,0,정상
3306,a1fc7a80-1c2a-4337-b3c7-982cc0c91e27,0,정상
3307,a1fc7a80-1c2a-4337-b3c7-982cc0c91e27,0,정상
3308,a1fc7a80-1c2a-4337-b3c7-982cc0c91e27,0,정상
3309,a1fc7a80-1c2a-4337-b3c7-982cc0c91e27,0,정상
3310,a1fc7a80-1c2a-4337-b3c7-982cc0c91e27,0,정상
3311,a1fc7a80-1c2a-4337-b3c7-982cc0c91e27,0,정상
3312,a1fc7a80-1c2a-4337-b3c7-982cc0c91e27,0,정상
3313,a1fc7a80-1c2a-4337-b3c7-982cc0c91e27,0,정상
3314,a1fc7a80-1c2a-4337-b3c7-982cc0c91e27,0,정상
3315,a1fc7a80-1c2a-4337-b3c7-982cc0c91e27,0,정상
3316,a1fc7a80-1c2a-4337-b3c7-982cc0c91e27,0,정상
3317,a1fc7a80-1c2a-4337-b3c7-982cc0c91e27,0,정상
3318,a1fc7a80-1c2a-4337-b3c7-982cc0c91e27,0,정상
3319,a1fc7a80-1c2a-4337-b3c7-982cc0c91e27,1,R006_단기반복
3320,a1fc7a80-1c2a-4337-b3c7-982cc0c91e27,1,R006_단기반복
3321,a1fc7a80-1c2a-4337-b3c7-982cc0c91e27,1,R006_단기반복
3322,a1fc7a80-1c2a-4337-b3c7-982cc0c91e27,0,정상
3323,a1fc7a80-1c2a-4337-b3c7-982cc0c91e27,0,정상
3324,a1fc7a80-1c2a-4337-b3c7-982cc0c91e27,0,정상
3325,a1fc7a80-1c2a-4337-b3c7-982cc0c91e27,0,정상
3326,a1fc7a80-1c2a-4337-b3c7-982cc0c91e27,0,정상
3327,a1fc7a80-1c2a-4337-b3c7-982cc0c91e27,1,R007_해외결제
3328,a1fc7a80-1c2a-4337-b3c7-982cc0c91e27,0,정상
3329,a1fc7a80-1c2a-4337-b3c7-982cc0c91e27,0,정상
3330,a1fc7a80-1c2a-4337-b3c7-982cc0c91e27,0,정상
3331,a1fc7a80-1c2a-4337-b3c7-982cc0c91e27,0,정상
3332,a1fc7a80-1c2a-4337-b3c7-982cc0c91e27,0,정상
3333,a1fc7a80-1c2a-4337-b3c7-982cc0c91e27,0,정상
3334,a1fc7a80-1c2a-4337-b3c7-982cc0c91e27,0,정상
3335,a1fc7a80-1c2a-4337-b3c7-982cc0c91e27,0,정상
3336,a1fc7a80-1c2a-4337-b3c7-982cc0c91e27,0,정상
3337,a1fc7a80-1c2a-4337-b3c7-982cc0c91e27,0,정상
3338,a1fc7a80-1c2a-4337-b3c7-982cc0c91e27,0,정상
3339,a1fc7a80-1c2a-4337-b3c7-982cc0c91e27,0,정상
3340,a1fc7a80-1c2a-4337-b3c7-982cc0c91e27,0,정상
3341,a1fc7a80-1c2a-4337-b3c7-982cc0c91e27,0,정상
3342,a1fc7a80-1c2a-4337-b3c7-982cc0c91e27,0,정상
3343,a1fc7a80-1c2a-4337-b3c7-982cc0c91e27,0,정상
3344,a1fc7a80-1c2a-4337-b3c7-982cc0c91e27,0,정상
3345,a1fc7a80-1c2a-4337-b3c7-982cc0c91e27,0,정상
3346,a1fc7a80-1c2a-4337-b3c7-982cc0c91e27,0,정상
3347,a1fc7a80-1c2a-4337-b3c7-982cc0c91e27,0,정상
3348,a1fc7a80-1c2a-4337-b3c7-982cc0c91e27,0,정상
3349,a1fc7a80-1c2a-4337-b3c7-982cc0c91e27,0,정상
3350,a1fc7a80-1c2a-4337-b3c7-982cc0c91e27,0,정상
3351,a1fc7a80-1c2a-4337-b3c7-982cc0c91e27,0,정상
3352,a1fc7a80-1c2a-4337-b3c7-982cc0c91e27,0,정상
3353,a1fc7a80-1c2a-4337-b3c7-982cc0c91e27,0,정상
3354,a1fc7a80-1c2a-4337-b3c7-982cc0c91e27,0,정상
3355,a1fc7a80-1c2a-4337-b3c7-982cc0c91e27,0,정상
3356,a1fc7a80-1c2a-4337-b3c7-982cc0c91e27,0,정상
3357,a1fc7a80-1c2a-4337-b3c7-982cc0c91e27,0,정상
3358,a1fc7a80-1c2a-4337-b3c7-982cc0c91e27,1,R00x_위치급변
3359,a1fc7a80-1c2a-4337-b3c7-982cc0c91e27,0,정상
3360,a1fc7a80-1c2a-4337-b3c7-982cc0c91e27,0,정상
3361,a1fc7a80-1c2a-4337-b3c7-982cc0c91e27,0,정상
3362,a1fc7a80-1c2a-4337-b3c7-982cc0c91e27,0,정상
3363,a1fc7a80-1c2a-4337-b3c7-982cc0c91e27,0,정상
3364,a1fc7a80-1c2a-4337-b3c7-982cc0c91e27,0,정상
3365,a1fc7a80-1c2a-4337-b3c7-982cc0c91e27,0,정상
3366,a1fc7a80-1c2a-4337-b3c7-982cc0c91e27,0,정상
3367,a1fc7a80-1c2a-4337-b3c7-982cc0c91e27,0,정상
3368,a1fc7a80-1c2a-4337-b3c7-982cc0c91e27,0,정상
3369,a1fc7a80-1c2a-4337-b3c7-982cc0c91e27,0,정상
3370,a1fc7a80-1c2a-4337-b3c7-982cc0c91e27,0,정상
3371,a1fc7a80-1c2a-4337-b3c7-982cc0c91e27,0,정상
3372,a1fc7a80-1c2a-4337-b3c7-982cc0c91e27,0,정상
3373,a1fc7a80-1c2a-4337-b3c7-982cc0c91e27,0,정상
3374,a3068e44-6828-41c1-903a-0b6c552f67f0,0,정상
3375,a3068e44-6828-41c1-903a-0b6c552f67f0,0,정상
3376,a3068e44-6828-41c1-903a-0b6c552f67f0,0,정상
3377,a3068e44-6828-41c1-903a-0b6c552f67f0,0,정상
3378,a3068e44-6828-41c1-903a-0b6c552f67f0,0,정상
3379,a3068e44-6828-41c1-903a-0b6c552f67f0,0,정상
3380,a3068e44-6828-41c1-903a-0b6c552f67f0,0,정상
3381,a3068e44-6828-41c1-903a-0b6c552f67f0,0,정상
3382,a3068e44-6828-41c1-903a-0b6c552f67f0,0,정상
3383,a3068e44-6828-41c1-903a-0b6c552f67f0,0,정상
3384,a3068e44-6828-41c1-903a-0b6c552f67f0,0,정상
3385,a3068e44-6828-41c1-903a-0b6c552f67f0,0,정상
3386,a3068e44-6828-41c1-903a-0b6c552f67f0,0,정상
3387,a3068e44-6828-41c1-903a-0b6c552f67f0,0,정상
3388,a3068e44-6828-41c1-903a-0b6c552f67f0,0,정상
3389,a3068e44-6828-41c1-903a-0b6c552f67f0,0,정상
3390,a3068e44-6828-41c1-903a-0b6c552f67f0,0,정상
3391,a3068e44-6828-41c1-903a-0b6c552f67f0,0,정상
3392,a3068e44-6828-41c1-903a-0b6c552f67f0,0,정상
3393,a3068e44-6828-41c1-903a-0b6c552f67f0,0,정상
3394,a3068e44-6828-41c1-903a-0b6c552f67f0,0,정상
3395,a3068e44-6828-41c1-903a-0b6c552f67f0,0,정상
3396,a3068e44-6828-41c1-903a-0b6c552f67f0,0,정상
3397,a3068e44-6828-41c1-903a-0b6c552f67f0,0,정상
3398,a3068e44-6828-41c1-903a-0b6c552f67f0,0,정상
3399,a3068e44-6828-41c1-903a-0b6c552f67f0,0,정상
3400,a3068e44-6828-41c1-903a-0b6c552f67f0,0,정상
3401,a3068e44-6828-41c1-903a-0b6c552f67f0,0,정상
3402,a3068e44-6828-41c1-903a-0b6c552f67f0,0,정상
3403,a3068e44-6828-41c1-903a-0b6c552f67f0,0,정상
3404,a3068e44-6828-41c1-903a-0b6c552f67f0,1,R007_해외결제
3405,a3068e44-6828-41c1-903a-0b6c552f67f0,0,정상
3406,a3068e44-6828-41c1-903a-0b6c552f67f0,0,정상
3407,a3068e44-6828-41c1-903a-0b6c552f67f0,0,정상
3408,a3068e44-6828-41c1-903a-0b6c552f67f0,0,정상
3409,a3068e44-6828-41c1-903a-0b6c552f67f0,0,정상
3410,a3068e44-6828-41c1-903a-0b6c552f67f0,0,정상
3411,a3068e44-6828-41c1-903a-0b6c552f67f0,0,정상
3412,a3068e44-6828-41c1-903a-0b6c552f67f0,0,정상
3413,a3068e44-6828-41c1-903a-0b6c552f67f0,0,정상
3414,a3068e44-6828-41c1-903a-0b6c552f67f0,0,정상
3415,a3068e44-6828-41c1-903a-0b6c552f67f0,0,정상
3416,a3068e44-6828-41c1-903a-0b6c552f67f0,0,정상
3417,a3068e44-6828-41c1-903a-0b6c552f67f0,0,정상
3418,a3068e44-6828-41c1-903a-0b6c552f67f0,0,정상
3419,a3068e44-6828-41c1-903a-0b6c552f67f0,0,정상
3420,a3068e44-6828-41c1-903a-0b6c552f67f0,0,정상
3421,a3068e44-6828-41c1-903a-0b6c552f67f0,0,정상
3422,a3068e44-6828-41c1-903a-0b6c552f67f0,0,정상
3423,a3068e44-6828-41c1-903a-0b6c552f67f0,0,정상
3424,a3068e44-6828-41c1-903a-0b6c552f67f0,0,정상
3425,a3068e44-6828-41c1-903a-0b6c552f67f0,0,정상
3426,a3068e44-6828-41c1-903a-0b6c552f67f0,0,정상
3427,a3068e44-6828-41c1-903a-0b6c552f67f0,0,정상
3428,a3068e44-6828-41c1-903a-0b6c552f67f0,0,정상
3429,a3068e44-6828-41c1-903a-0b6c552f67f0,0,정상
3430,a3068e44-6828-41c1-903a-0b6c552f67f0,0,정상
3431,a3068e44-6828-41c1-903a-0b6c552f67f0,0,정상
3432,a3068e44-6828-41c1-903a-0b6c552f67f0,0,정상
3433,a3068e44-6828-41c1-903a-0b6c552f67f0,0,정상
3434,a3068e44-6828-41c1-903a-0b6c552f67f0,0,정상
3435,a3068e44-6828-41c1-903a-0b6c552f67f0,0,정상
3436,a3068e44-6828-41c1-903a-0b6c552f67f0,0,정상
3437,a3068e44-6828-41c1-903a-0b6c552f67f0,0,정상
3438,a3068e44-6828-41c1-903a-0b6c552f67f0,0,정상
3439,a3068e44-6828-41c1-903a-0b6c552f67f0,0,정상
3440,a3068e44-6828-41c1-903a-0b6c552f67f0,0,정상
3441,a3068e44-6828-41c1-903a-0b6c552f67f0,0,정상
3442,a3068e44-6828-41c1-903a-0b6c552f67f0,0,정상
3443,a3068e44-6828-41c1-903a-0b6c552f67f0,0,정상
3444,a3068e44-6828-41c1-903a-0b6c552f67f0,0,정상
3445,a3068e44-6828-41c1-903a-0b6c552f67f0,0,정상
3446,a3068e44-6828-41c1-903a-0b6c552f67f0,0,정상
3447,a3068e44-6828-41c1-903a-0b6c552f67f0,1,R006_단기반복
3448,a3068e44-6828-41c1-903a-0b6c552f67f0,1,R006_단기반복
3449,a3068e44-6828-41c1-903a-0b6c552f67f0,1,R006_단기반복
3450,a3068e44-6828-41c1-903a-0b6c552f67f0,0,정상
3451,a3068e44-6828-41c1-903a-0b6c552f67f0,0,정상
3452,a3068e44-6828-41c1-903a-0b6c552f67f0,0,정상
3453,a3068e44-6828-41c1-903a-0b6c552f67f0,0,정상
3454,a3068e44-6828-41c1-903a-0b6c552f67f0,0,정상
3455,a3068e44-6828-41c1-903a-0b6c552f67f0,0,정상
3456,a3068e44-6828-41c1-903a-0b6c552f67f0,0,정상
3457,a3068e44-6828-41c1-903a-0b6c552f67f0,0,정상
3458,a3068e44-6828-41c1-903a-0b6c552f67f0,0,정상
3459,a3068e44-6828-41c1-903a-0b6c552f67f0,0,정상
3460,a3068e44-6828-41c1-903a-0b6c552f67f0,0,정상
3461,a3068e44-6828-41c1-903a-0b6c552f67f0,0,정상
3462,a3068e44-6828-41c1-903a-0b6c552f67f0,0,정상
3463,a3068e44-6828-41c1-903a-0b6c552f67f0,1,R001_단일한도초과
3464,a3068e44-6828-41c1-903a-0b6c552f67f0,0,정상
3465,a3068e44-6828-41c1-903a-0b6c552f67f0,0,정상
3466,a3068e44-6828-41c1-903a-0b6c552f67f0,0,정상
3467,a3068e44-6828-41c1-903a-0b6c552f67f0,0,정상
3468,a3068e44-6828-41c1-903a-0b6c552f67f0,0,정상
3469,a3068e44-6828-41c1-903a-0b6c552f67f0,0,정상
3470,a3068e44-6828-41c1-903a-0b6c552f67f0,0,정상
3471,a3068e44-6828-41c1-903a-0b6c552f67f0,0,정상
3472,a3068e44-6828-41c1-903a-0b6c552f67f0,0,정상
3473,a3068e44-6828-41c1-903a-0b6c552f67f0,0,정상
3474,a3068e44-6828-41c1-903a-0b6c552f67f0,0,정상
3475,a3068e44-6828-41c1-903a-0b6c552f67f0,0,정상
3476,a3068e44-6828-41c1-903a-0b6c552f67f0,0,정상
3477,a3068e44-6828-41c1-903a-0b6c552f67f0,0,정상
3478,a3068e44-6828-41c1-903a-0b6c552f67f0,0,정상
3479,a3068e44-6828-41c1-903a-0b6c552f67f0,0,정상
3480,a3068e44-6828-41c1-903a-0b6c552f67f0,0,정상
3481,a3068e44-6828-41c1-903a-0b6c552f67f0,0,정상
3482,a3068e44-6828-41c1-903a-0b6c552f67f0,0,정상
3483,a3068e44-6828-41c1-903a-0b6c552f67f0,0,정상
3484,a3068e44-6828-41c1-903a-0b6c552f67f0,0,정상
3485,a3068e44-6828-41c1-903a-0b6c552f67f0,0,정상
3486,a3068e44-6828-41c1-903a-0b6c552f67f0,0,정상
3487,a3068e44-6828-41c1-903a-0b6c552f67f0,0,정상
3488,a3068e44-6828-41c1-903a-0b6c552f67f0,0,정상
3489,a3068e44-6828-41c1-903a-0b6c552f67f0,0,정상
3490,a3068e44-6828-41c1-903a-0b6c552f67f0,0,정상
3491,a3068e44-6828-41c1-903a-0b6c552f67f0,0,정상
3492,a3068e44-6828-41c1-903a-0b6c552f67f0,0,정상
3493,a3068e44-6828-41c1-903a-0b6c552f67f0,0,정상
3494,a3068e44-6828-41c1-903a-0b6c552f67f0,0,정상
3495,a3068e44-6828-41c1-903a-0b6c552f67f0,0,정상
3496,a3068e44-6828-41c1-903a-0b6c552f67f0,0,정상
3497,a3068e44-6828-41c1-903a-0b6c552f67f0,0,정상
3498,a3068e44-6828-41c1-903a-0b6c552f67f0,0,정상
3499,a3068e44-6828-41c1-903a-0b6c552f67f0,0,정상
3500,a3068e44-6828-41c1-903a-0b6c552f67f0,0,정상
3501,a3068e44-6828-41c1-903a-0b6c552f67f0,1,R001_단일한도초과
3502,a3068e44-6828-41c1-903a-0b6c552f67f0,0,정상
3503,a3068e44-6828-41c1-903a-0b6c552f67f0,0,정상
3504,a3068e44-6828-41c1-903a-0b6c552f67f0,0,정상
3505,a3068e44-6828-41c1-903a-0b6c552f67f0,0,정상
3506,a3068e44-6828-41c1-903a-0b6c552f67f0,0,정상
3507,a3068e44-6828-41c1-903a-0b6c552f67f0,0,정상
3508,a3068e44-6828-41c1-903a-0b6c552f67f0,0,정상
3509,a3068e44-6828-41c1-903a-0b6c552f67f0,0,정상
3510,a3068e44-6828-41c1-903a-0b6c552f67f0,0,정상
3511,a3068e44-6828-41c1-903a-0b6c552f67f0,0,정상
3512,a3068e44-6828-41c1-903a-0b6c552f67f0,0,정상
3513,a3068e44-6828-41c1-903a-0b6c552f67f0,0,정상
3514,a3068e44-6828-41c1-903a-0b6c552f67f0,0,정상
3515,a3068e44-6828-41c1-903a-0b6c552f67f0,0,정상
3516,a3068e44-6828-41c1-903a-0b6c552f67f0,0,정상
3517,a3068e44-6828-41c1-903a-0b6c552f67f0,0,정상
3518,a3068e44-6828-41c1-903a-0b6c552f67f0,0,정상
3519,c5dd4004-498c-4409-9472-7a0e457ff8f1,0,정상
3520,c5dd4004-498c-4409-9472-7a0e457ff8f1,0,정상
3521,c5dd4004-498c-4409-9472-7a0e457ff8f1,0,정상
3522,c5dd4004-498c-4409-9472-7a0e457ff8f1,0,정상
3523,c5dd4004-498c-4409-9472-7a0e457ff8f1,0,정상
3524,c5dd4004-498c-4409-9472-7a0e457ff8f1,0,정상
3525,c5dd4004-498c-4409-9472-7a0e457ff8f1,0,정상
3526,c5dd4004-498c-4409-9472-7a0e457ff8f1,0,정상
3527,c5dd4004-498c-4409-9472-7a0e457ff8f1,0,정상
3528,c5dd4004-498c-4409-9472-7a0e457ff8f1,0,정상
3529,c5dd4004-498c-4409-9472-7a0e457ff8f1,0,정상
3530,c5dd4004-498c-4409-9472-7a0e457ff8f1,0,정상
3531,c5dd4004-498c-4409-9472-7a0e457ff8f1,0,정상
3532,c5dd4004-498c-4409-9472-7a0e457ff8f1,0,정상
3533,c5dd4004-498c-4409-9472-7a0e457ff8f1,0,정상
3534,c5dd4004-498c-4409-9472-7a0e457ff8f1,0,정상
3535,c5dd4004-498c-4409-9472-7a0e457ff8f1,0,정상
3536,c5dd4004-498c-4409-9472-7a0e457ff8f1,0,정상
3537,c5dd4004-498c-4409-9472-7a0e457ff8f1,0,정상
3538,c5dd4004-498c-4409-9472-7a0e457ff8f1,0,정상
3539,c5dd4004-498c-4409-9472-7a0e457ff8f1,0,정상
3540,c5dd4004-498c-4409-9472-7a0e457ff8f1,0,정상
3541,c5dd4004-498c-4409-9472-7a0e457ff8f1,0,정상
3542,c5dd4004-498c-4409-9472-7a0e457ff8f1,0,정상
3543,c5dd4004-498c-4409-9472-7a0e457ff8f1,1,R006_단기반복
3544,c5dd4004-498c-4409-9472-7a0e457ff8f1,1,R006_단기반복
3545,c5dd4004-498c-4409-9472-7a0e457ff8f1,1,R006_단기반복
3546,c5dd4004-498c-4409-9472-7a0e457ff8f1,0,정상
3547,c5dd4004-498c-4409-9472-7a0e457ff8f1,0,정상
3548,c5dd4004-498c-4409-9472-7a0e457ff8f1,0,정상
3549,c5dd4004-498c-4409-9472-7a0e457ff8f1,0,정상
3550,c5dd4004-498c-4409-9472-7a0e457ff8f1,0,정상
3551,c5dd4004-498c-4409-9472-7a0e457ff8f1,0,정상
3552,c5dd4004-498c-4409-9472-7a0e457ff8f1,0,정상
3553,c5dd4004-498c-4409-9472-7a0e457ff8f1,0,정상
3554,c5dd4004-498c-4409-9472-7a0e457ff8f1,0,정상
3555,c5dd4004-498c-4409-9472-7a0e457ff8f1,0,정상
3556,c5dd4004-498c-4409-9472-7a0e457ff8f1,1,R006_단기반복
3557,c5dd4004-498c-4409-9472-7a0e457ff8f1,1,R006_단기반복
3558,c5dd4004-498c-4409-9472-7a0e457ff8f1,1,R006_단기반복
3559,c5dd4004-498c-4409-9472-7a0e457ff8f1,0,정상
3560,c5dd4004-498c-4409-9472-7a0e457ff8f1,0,정상
3561,c5dd4004-498c-4409-9472-7a0e457ff8f1,0,정상
3562,c5dd4004-498c-4409-9472-7a0e457ff8f1,0,정상
3563,c5dd4004-498c-4409-9472-7a0e457ff8f1,0,정상
3564,c5dd4004-498c-4409-9472-7a0e457ff8f1,0,정상
3565,c5dd4004-498c-4409-9472-7a0e457ff8f1,0,정상
3566,c5dd4004-498c-4409-9472-7a0e457ff8f1,0,정상
3567,c5dd4004-498c-4409-9472-7a0e457ff8f1,0,정상
3568,c5dd4004-498c-4409-9472-7a0e457ff8f1,0,정상
3569,c5dd4004-498c-4409-9472-7a0e457ff8f1,0,정상
3570,c5dd4004-498c-4409-9472-7a0e457ff8f1,0,정상
3571,c5dd4004-498c-4409-9472-7a0e457ff8f1,0,정상
3572,c5dd4004-498c-4409-9472-7a0e457ff8f1,0,정상
3573,c5dd4004-498c-4409-9472-7a0e457ff8f1,0,정상
3574,c5dd4004-498c-4409-9472-7a0e457ff8f1,0,정상
3575,c5dd4004-498c-4409-9472-7a0e457ff8f1,0,정상
3576,c5dd4004-498c-4409-9472-7a0e457ff8f1,0,정상
3577,c5dd4004-498c-4409-9472-7a0e457ff8f1,0,정상
3578,c5dd4004-498c-4409-9472-7a0e457ff8f1,1,R001_단일한도초과
3579,c5dd4004-498c-4409-9472-7a0e457ff8f1,0,정상
3580,c5dd4004-498c-4409-9472-7a0e457ff8f1,0,정상
3581,c5dd4004-498c-4409-9472-7a0e457ff8f1,0,정상
3582,c5dd4004-498c-4409-9472-7a0e457ff8f1,0,정상
3583,c5dd4004-498c-4409-9472-7a0e457ff8f1,0,정상
3584,c5dd4004-498c-4409-9472-7a0e457ff8f1,0,정상
3585,c5dd4004-498c-4409-9472-7a0e457ff8f1,0,정상
3586,c5dd4004-498c-4409-9472-7a0e457ff8f1,0,정상
3587,c5dd4004-498c-4409-9472-7a0e457ff8f1,0,정상
3588,c5dd4004-498c-4409-9472-7a0e457ff8f1,0,정상
3589,c5dd4004-498c-4409-9472-7a0e457ff8f1,0,정상
3590,c5dd4004-498c-4409-9472-7a0e457ff8f1,0,정상
3591,c5dd4004-498c-4409-9472-7a0e457ff8f1,0,정상
3592,c5dd4004-498c-4409-9472-7a0e457ff8f1,0,정상
3593,c5dd4004-498c-4409-9472-7a0e457ff8f1,0,정상
3594,c5dd4004-498c-4409-9472-7a0e457ff8f1,0,정상
3595,c5dd4004-498c-4409-9472-7a0e457ff8f1,0,정상
3596,c5dd4004-498c-4409-9472-7a0e457ff8f1,0,정상
3597,c5dd4004-498c-4409-9472-7a0e457ff8f1,0,정상
3598,c5dd4004-498c-4409-9472-7a0e457ff8f1,0,정상
3599,c5dd4004-498c-4409-9472-7a0e457ff8f1,0,정상
3600,c5dd4004-498c-4409-9472-7a0e457ff8f1,0,정상
3601,c5dd4004-498c-4409-9472-7a0e457ff8f1,0,정상
3602,c5dd4004-498c-4409-9472-7a0e457ff8f1,0,정상
3603,c5dd4004-498c-4409-9472-7a0e457ff8f1,0,정상
3604,c5dd4004-498c-4409-9472-7a0e457ff8f1,0,정상
3605,c5dd4004-498c-4409-9472-7a0e457ff8f1,0,정상
3606,c5dd4004-498c-4409-9472-7a0e457ff8f1,0,정상
3607,c5dd4004-498c-4409-9472-7a0e457ff8f1,0,정상
3608,c5dd4004-498c-4409-9472-7a0e457ff8f1,0,정상
3609,c5dd4004-498c-4409-9472-7a0e457ff8f1,0,정상
3610,c5dd4004-498c-4409-9472-7a0e457ff8f1,0,정상
3611,c5dd4004-498c-4409-9472-7a0e457ff8f1,0,정상
3612,c5dd4004-498c-4409-9472-7a0e457ff8f1,0,정상
3613,c5dd4004-498c-4409-9472-7a0e457ff8f1,0,정상
3614,c5dd4004-498c-4409-9472-7a0e457ff8f1,0,정상
3615,c5dd4004-498c-4409-9472-7a0e457ff8f1,0,정상
3616,c5dd4004-498c-4409-9472-7a0e457ff8f1,0,정상
3617,c5dd4004-498c-4409-9472-7a0e457ff8f1,0,정상
3618,c5dd4004-498c-4409-9472-7a0e457ff8f1,0,정상
3619,c5dd4004-498c-4409-9472-7a0e457ff8f1,0,정상
3620,c5dd4004-498c-4409-9472-7a0e457ff8f1,0,정상
3621,c5dd4004-498c-4409-9472-7a0e457ff8f1,0,정상
3622,c5dd4004-498c-4409-9472-7a0e457ff8f1,0,정상
3623,c5dd4004-498c-4409-9472-7a0e457ff8f1,0,정상
3624,c5dd4004-498c-4409-9472-7a0e457ff8f1,0,정상
3625,c5dd4004-498c-4409-9472-7a0e457ff8f1,0,정상
3626,c5dd4004-498c-4409-9472-7a0e457ff8f1,0,정상
3627,c5dd4004-498c-4409-9472-7a0e457ff8f1,0,정상
3628,c5dd4004-498c-4409-9472-7a0e457ff8f1,0,정상
3629,c5dd4004-498c-4409-9472-7a0e457ff8f1,0,정상
3630,c5dd4004-498c-4409-9472-7a0e457ff8f1,0,정상
3631,c5dd4004-498c-4409-9472-7a0e457ff8f1,0,정상
3632,c5dd4004-498c-4409-9472-7a0e457ff8f1,0,정상
3633,c5dd4004-498c-4409-9472-7a0e457ff8f1,0,정상
3634,c5dd4004-498c-4409-9472-7a0e457ff8f1,0,정상
3635,c5dd4004-498c-4409-9472-7a0e457ff8f1,0,정상
3636,c5dd4004-498c-4409-9472-7a0e457ff8f1,0,정상
3637,c5dd4004-498c-4409-9472-7a0e457ff8f1,0,정상
3638,c5dd4004-498c-4409-9472-7a0e457ff8f1,0,정상
3639,c5dd4004-498c-4409-9472-7a0e457ff8f1,0,정상
3640,c5dd4004-498c-4409-9472-7a0e457ff8f1,0,정상
3641,c5dd4004-498c-4409-9472-7a0e457ff8f1,0,정상
3642,c5dd4004-498c-4409-9472-7a0e457ff8f1,0,정상
3643,c5dd4004-498c-4409-9472-7a0e457ff8f1,0,정상
3644,c5dd4004-498c-4409-9472-7a0e457ff8f1,0,정상
3645,c5dd4004-498c-4409-9472-7a0e457ff8f1,0,정상
3646,c5dd4004-498c-4409-9472-7a0e457ff8f1,0,정상
3647,c5dd4004-498c-4409-9472-7a0e457ff8f1,0,정상
3648,c5dd4004-498c-4409-9472-7a0e457ff8f1,0,정상
3649,c5dd4004-498c-4409-9472-7a0e457ff8f1,0,정상
3650,c5dd4004-498c-4409-9472-7a0e457ff8f1,0,정상
3651,c5dd4004-498c-4409-9472-7a0e457ff8f1,0,정상
3652,c5dd4004-498c-4409-9472-7a0e457ff8f1,0,정상
3653,c5dd4004-498c-4409-9472-7a0e457ff8f1,0,정상
3654,c5dd4004-498c-4409-9472-7a0e457ff8f1,0,정상
3655,c5dd4004-498c-4409-9472-7a0e457ff8f1,0,정상
3656,c5dd4004-498c-4409-9472-7a0e457ff8f1,0,정상
3657,c5dd4004-498c-4409-9472-7a0e457ff8f1,0,정상
3658,c5dd4004-498c-4409-9472-7a0e457ff8f1,0,정상
3659,c5dd4004-498c-4409-9472-7a0e457ff8f1,0,정상
3660,c5dd4004-498c-4409-9472-7a0e457ff8f1,0,정상
3661,c5dd4004-498c-4409-9472-7a0e457ff8f1,0,정상
3662,c5dd4004-498c-4409-9472-7a0e457ff8f1,0,정상
3663,c5dd4004-498c-4409-9472-7a0e457ff8f1,0,정상
3664,c5dd4004-498c-4409-9472-7a0e457ff8f1,0,정상
3665,c5dd4004-498c-4409-9472-7a0e457ff8f1,0,정상
3666,c5dd4004-498c-4409-9472-7a0e457ff8f1,0,정상
3667,c5dd4004-498c-4409-9472-7a0e457ff8f1,0,정상
3668,c5dd4004-498c-4409-9472-7a0e457ff8f1,0,정상
3669,c5dd4004-498c-4409-9472-7a0e457ff8f1,0,정상
3670,c5dd4004-498c-4409-9472-7a0e457ff8f1,0,정상
3671,c5dd4004-498c-4409-9472-7a0e457ff8f1,0,정상
3672,c5dd4004-498c-4409-9472-7a0e457ff8f1,0,정상
3673,c609a246-5909-42c4-82a6-30132930ed8f,0,정상
3674,c609a246-5909-42c4-82a6-30132930ed8f,0,정상
3675,c609a246-5909-42c4-82a6-30132930ed8f,0,정상
3676,c609a246-5909-42c4-82a6-30132930ed8f,0,정상
3677,c609a246-5909-42c4-82a6-30132930ed8f,0,정상
3678,c609a246-5909-42c4-82a6-30132930ed8f,0,정상
3679,c609a246-5909-42c4-82a6-30132930ed8f,0,정상
3680,c609a246-5909-42c4-82a6-30132930ed8f,0,정상
3681,c609a246-5909-42c4-82a6-30132930ed8f,0,정상
3682,c609a246-5909-42c4-82a6-30132930ed8f,0,정상
3683,c609a246-5909-42c4-82a6-30132930ed8f,0,정상
3684,c609a246-5909-42c4-82a6-30132930ed8f,0,정상
3685,c609a246-5909-42c4-82a6-30132930ed8f,0,정상
3686,c609a246-5909-42c4-82a6-30132930ed8f,0,정상
3687,c609a246-5909-42c4-82a6-30132930ed8f,0,정상
3688,c609a246-5909-42c4-82a6-30132930ed8f,0,정상
3689,c609a246-5909-42c4-82a6-30132930ed8f,0,정상
3690,c609a246-5909-42c4-82a6-30132930ed8f,0,정상
3691,c609a246-5909-42c4-82a6-30132930ed8f,0,정상
3692,c609a246-5909-42c4-82a6-30132930ed8f,0,정상
3693,c609a246-5909-42c4-82a6-30132930ed8f,0,정상
3694,c609a246-5909-42c4-82a6-30132930ed8f,0,정상
3695,c609a246-5909-42c4-82a6-30132930ed8f,0,정상
3696,c609a246-5909-42c4-82a6-30132930ed8f,1,R001_단일한도초과
3697,c609a246-5909-42c4-82a6-30132930ed8f,0,정상
3698,c609a246-5909-42c4-82a6-30132930ed8f,0,정상
3699,c609a246-5909-42c4-82a6-30132930ed8f,1,R007_해외결제
3700,c609a246-5909-42c4-82a6-30132930ed8f,0,정상
3701,c609a246-5909-42c4-82a6-30132930ed8f,0,정상
3702,c609a246-5909-42c4-82a6-30132930ed8f,0,정상
3703,c609a246-5909-42c4-82a6-30132930ed8f,0,정상
3704,c609a246-5909-42c4-82a6-30132930ed8f,0,정상
3705,c609a246-5909-42c4-82a6-30132930ed8f,0,정상
3706,c609a246-5909-42c4-82a6-30132930ed8f,0,정상
3707,c609a246-5909-42c4-82a6-30132930ed8f,0,정상
3708,c609a246-5909-42c4-82a6-30132930ed8f,0,정상
3709,c609a246-5909-42c4-82a6-30132930ed8f,0,정상
3710,c609a246-5909-42c4-82a6-30132930ed8f,0,정상
3711,c609a246-5909-42c4-82a6-30132930ed8f,0,정상
3712,c609a246-5909-42c4-82a6-30132930ed8f,0,정상
3713,c609a246-5909-42c4-82a6-30132930ed8f,0,정상
3714,c609a246-5909-42c4-82a6-30132930ed8f,0,정상
3715,c609a246-5909-42c4-82a6-30132930ed8f,0,정상
3716,c609a246-5909-42c4-82a6-30132930ed8f,0,정상
3717,c609a246-5909-42c4-82a6-30132930ed8f,0,정상
3718,c609a246-5909-42c4-82a6-30132930ed8f,0,정상
3719,c609a246-5909-42c4-82a6-30132930ed8f,0,정상
3720,c609a246-5909-42c4-82a6-30132930ed8f,0,정상
3721,c609a246-5909-42c4-82a6-30132930ed8f,0,정상
3722,c609a246-5909-42c4-82a6-30132930ed8f,0,정상
3723,c609a246-5909-42c4-82a6-30132930ed8f,0,정상
3724,c609a246-5909-42c4-82a6-30132930ed8f,0,정상
3725,c609a246-5909-42c4-82a6-30132930ed8f,0,정상
3726,c609a246-5909-42c4-82a6-30132930ed8f,0,정상
3727,c609a246-5909-42c4-82a6-30132930ed8f,0,정상
3728,c609a246-5909-42c4-82a6-30132930ed8f,0,정상
3729,c609a246-5909-42c4-82a6-30132930ed8f,1,R007_해외결제
3730,c609a246-5909-42c4-82a6-30132930ed8f,0,정상
3731,c609a246-5909-42c4-82a6-30132930ed8f,0,정상
3732,c609a246-5909-42c4-82a6-30132930ed8f,0,정상
3733,c609a246-5909-42c4-82a6-30132930ed8f,0,정상
3734,c609a246-5909-42c4-82a6-30132930ed8f,1,R007_해외결제
3735,c609a246-5909-42c4-82a6-30132930ed8f,0,정상
3736,c609a246-5909-42c4-82a6-30132930ed8f,0,정상
3737,c609a246-5909-42c4-82a6-30132930ed8f,0,정상
3738,c609a246-5909-42c4-82a6-30132930ed8f,0,정상
3739,c609a246-5909-42c4-82a6-30132930ed8f,0,정상
3740,c609a246-5909-42c4-82a6-30132930ed8f,0,정상
3741,c609a246-5909-42c4-82a6-30132930ed8f,0,정상
3742,c609a246-5909-42c4-82a6-30132930ed8f,0,정상
3743,c609a246-5909-42c4-82a6-30132930ed8f,0,정상
3744,c609a246-5909-42c4-82a6-30132930ed8f,0,정상
3745,c609a246-5909-42c4-82a6-30132930ed8f,0,정상
3746,c609a246-5909-42c4-82a6-30132930ed8f,0,정상
3747,c609a246-5909-42c4-82a6-30132930ed8f,0,정상
3748,c609a246-5909-42c4-82a6-30132930ed8f,1,R001_단일한도초과
3749,c609a246-5909-42c4-82a6-30132930ed8f,0,정상
3750,c609a246-5909-42c4-82a6-30132930ed8f,0,정상
3751,c609a246-5909-42c4-82a6-30132930ed8f,0,정상
3752,c609a246-5909-42c4-82a6-30132930ed8f,0,정상
3753,c609a246-5909-42c4-82a6-30132930ed8f,0,정상
3754,c609a246-5909-42c4-82a6-30132930ed8f,0,정상
3755,c609a246-5909-42c4-82a6-30132930ed8f,0,정상
3756,c609a246-5909-42c4-82a6-30132930ed8f,1,R007_해외결제
3757,c609a246-5909-42c4-82a6-30132930ed8f,0,정상
3758,c609a246-5909-42c4-82a6-30132930ed8f,0,정상
3759,c609a246-5909-42c4-82a6-30132930ed8f,0,정상
3760,c609a246-5909-42c4-82a6-30132930ed8f,0,정상
3761,c609a246-5909-42c4-82a6-30132930ed8f,0,정상
3762,c609a246-5909-42c4-82a6-30132930ed8f,0,정상
3763,c609a246-5909-42c4-82a6-30132930ed8f,0,정상
3764,c609a246-5909-42c4-82a6-30132930ed8f,0,정상
3765,c609a246-5909-42c4-82a6-30132930ed8f,0,정상
3766,c609a246-5909-42c4-82a6-30132930ed8f,0,정상
3767,c609a246-5909-42c4-82a6-30132930ed8f,0,정상
3768,c609a246-5909-42c4-82a6-30132930ed8f,0,정상
3769,c609a246-5909-42c4-82a6-30132930ed8f,0,정상
3770,c609a246-5909-42c4-82a6-30132930ed8f,0,정상
3771,c609a246-5909-42c4-82a6-30132930ed8f,0,정상
3772,c609a246-5909-42c4-82a6-30132930ed8f,0,정상
3773,c609a246-5909-42c4-82a6-30132930ed8f,0,정상
3774,c609a246-5909-42c4-82a6-30132930ed8f,0,정상
3775,c609a246-5909-42c4-82a6-30132930ed8f,0,정상
3776,c609a246-5909-42c4-82a6-30132930ed8f,0,정상
3777,c609a246-5909-42c4-82a6-30132930ed8f,0,정상
3778,c609a246-5909-42c4-82a6-30132930ed8f,0,정상
3779,c609a246-5909-42c4-82a6-30132930ed8f,0,정상
3780,c609a246-5909-42c4-82a6-30132930ed8f,0,정상
3781,c609a246-5909-42c4-82a6-30132930ed8f,0,정상
3782,c609a246-5909-42c4-82a6-30132930ed8f,0,정상
3783,c609a246-5909-42c4-82a6-30132930ed8f,0,정상
3784,c609a246-5909-42c4-82a6-30132930ed8f,0,정상
3785,c609a246-5909-42c4-82a6-30132930ed8f,0,정상
3786,c609a246-5909-42c4-82a6-30132930ed8f,0,정상
3787,c609a246-5909-42c4-82a6-30132930ed8f,0,정상
3788,c609a246-5909-42c4-82a6-30132930ed8f,0,정상
3789,c609a246-5909-42c4-82a6-30132930ed8f,0,정상
3790,c609a246-5909-42c4-82a6-30132930ed8f,1,R007_해외결제
3791,c609a246-5909-42c4-82a6-30132930ed8f,0,정상
3792,c609a246-5909-42c4-82a6-30132930ed8f,0,정상
3793,c609a246-5909-42c4-82a6-30132930ed8f,0,정상
3794,c609a246-5909-42c4-82a6-30132930ed8f,0,정상
3795,c609a246-5909-42c4-82a6-30132930ed8f,0,정상
3796,c609a246-5909-42c4-82a6-30132930ed8f,0,정상
3797,c609a246-5909-42c4-82a6-30132930ed8f,0,정상
3798,c609a246-5909-42c4-82a6-30132930ed8f,0,정상
3799,c609a246-5909-42c4-82a6-30132930ed8f,0,정상
3800,c609a246-5909-42c4-82a6-30132930ed8f,0,정상
3801,c609a246-5909-42c4-82a6-30132930ed8f,0,정상
3802,c609a246-5909-42c4-82a6-30132930ed8f,0,정상
3803,c609a246-5909-42c4-82a6-30132930ed8f,0,정상
3804,c609a246-5909-42c4-82a6-30132930ed8f,0,정상
3805,c609a246-5909-42c4-82a6-30132930ed8f,0,정상
3806,c609a246-5909-42c4-82a6-30132930ed8f,0,정상
3807,c609a246-5909-42c4-82a6-30132930ed8f,0,정상
3808,c609a246-5909-42c4-82a6-30132930ed8f,0,정상
3809,c609a246-5909-42c4-82a6-30132930ed8f,0,정상
3810,c609a246-5909-42c4-82a6-30132930ed8f,1,R006_단기반복
3811,c609a246-5909-42c4-82a6-30132930ed8f,1,R006_단기반복
3812,c609a246-5909-42c4-82a6-30132930ed8f,1,R006_단기반복
3813,c609a246-5909-42c4-82a6-30132930ed8f,0,정상
3814,c609a246-5909-42c4-82a6-30132930ed8f,0,정상
3815,c609a246-5909-42c4-82a6-30132930ed8f,0,정상
3816,c609a246-5909-42c4-82a6-30132930ed8f,0,정상
3817,c781347d-a5e7-47fc-87ab-4f298190cdfb,0,정상
3818,c781347d-a5e7-47fc-87ab-4f298190cdfb,0,정상
3819,c781347d-a5e7-47fc-87ab-4f298190cdfb,0,정상
3820,c781347d-a5e7-47fc-87ab-4f298190cdfb,0,정상
3821,c781347d-a5e7-47fc-87ab-4f298190cdfb,0,정상
3822,c781347d-a5e7-47fc-87ab-4f298190cdfb,0,정상
3823,c781347d-a5e7-47fc-87ab-4f298190cdfb,0,정상
3824,c781347d-a5e7-47fc-87ab-4f298190cdfb,0,정상
3825,c781347d-a5e7-47fc-87ab-4f298190cdfb,0,정상
3826,c781347d-a5e7-47fc-87ab-4f298190cdfb,0,정상
3827,c781347d-a5e7-47fc-87ab-4f298190cdfb,0,정상
3828,c781347d-a5e7-47fc-87ab-4f298190cdfb,0,정상
3829,c781347d-a5e7-47fc-87ab-4f298190cdfb,0,정상
3830,c781347d-a5e7-47fc-87ab-4f298190cdfb,0,정상
3831,c781347d-a5e7-47fc-87ab-4f298190cdfb,0,정상
3832,c781347d-a5e7-47fc-87ab-4f298190cdfb,0,정상
3833,c781347d-a5e7-47fc-87ab-4f298190cdfb,0,정상
3834,c781347d-a5e7-47fc-87ab-4f298190cdfb,0,정상
3835,c781347d-a5e7-47fc-87ab-4f298190cdfb,0,정상
3836,c781347d-a5e7-47fc-87ab-4f298190cdfb,0,정상
3837,c781347d-a5e7-47fc-87ab-4f298190cdfb,0,정상
3838,c781347d-a5e7-47fc-87ab-4f298190cdfb,0,정상
3839,c781347d-a5e7-47fc-87ab-4f298190cdfb,0,정상
3840,c781347d-a5e7-47fc-87ab-4f298190cdfb,0,정상
3841,c781347d-a5e7-47fc-87ab-4f298190cdfb,0,정상
3842,c781347d-a5e7-47fc-87ab-4f298190cdfb,0,정상
3843,c781347d-a5e7-47fc-87ab-4f298190cdfb,0,정상
3844,c781347d-a5e7-47fc-87ab-4f298190cdfb,0,정상
3845,c781347d-a5e7-47fc-87ab-4f298190cdfb,0,정상
3846,c781347d-a5e7-47fc-87ab-4f298190cdfb,0,정상
3847,c781347d-a5e7-47fc-87ab-4f298190cdfb,1,R00x_위치급변
3848,c781347d-a5e7-47fc-87ab-4f298190cdfb,0,정상
3849,c781347d-a5e7-47fc-87ab-4f298190cdfb,0,정상
3850,c781347d-a5e7-47fc-87ab-4f298190cdfb,0,정상
3851,c781347d-a5e7-47fc-87ab-4f298190cdfb,0,정상
3852,c781347d-a5e7-47fc-87ab-4f298190cdfb,0,정상
3853,c781347d-a5e7-47fc-87ab-4f298190cdfb,1,R006_단기반복
3854,c781347d-a5e7-47fc-87ab-4f298190cdfb,1,R006_단기반복
3855,c781347d-a5e7-47fc-87ab-4f298190cdfb,1,R006_단기반복
3856,c781347d-a5e7-47fc-87ab-4f298190cdfb,0,정상
3857,c781347d-a5e7-47fc-87ab-4f298190cdfb,0,정상
3858,c781347d-a5e7-47fc-87ab-4f298190cdfb,0,정상
3859,c781347d-a5e7-47fc-87ab-4f298190cdfb,0,정상
3860,c781347d-a5e7-47fc-87ab-4f298190cdfb,0,정상
3861,c781347d-a5e7-47fc-87ab-4f298190cdfb,0,정상
3862,c781347d-a5e7-47fc-87ab-4f298190cdfb,0,정상
3863,c781347d-a5e7-47fc-87ab-4f298190cdfb,0,정상
3864,c781347d-a5e7-47fc-87ab-4f298190cdfb,0,정상
3865,c781347d-a5e7-47fc-87ab-4f298190cdfb,0,정상
3866,c781347d-a5e7-47fc-87ab-4f298190cdfb,0,정상
3867,c781347d-a5e7-47fc-87ab-4f298190cdfb,0,정상
3868,c781347d-a5e7-47fc-87ab-4f298190cdfb,0,정상
3869,c781347d-a5e7-47fc-87ab-4f298190cdfb,0,정상
3870,c781347d-a5e7-47fc-87ab-4f298190cdfb,0,정상
3871,c781347d-a5e7-47fc-87ab-4f298190cdfb,0,정상
3872,c781347d-a5e7-47fc-87ab-4f298190cdfb,0,정상
3873,c781347d-a5e7-47fc-87ab-4f298190cdfb,0,정상
3874,c781347d-a5e7-47fc-87ab-4f298190cdfb,0,정상
3875,c781347d-a5e7-47fc-87ab-4f298190cdfb,0,정상
3876,c781347d-a5e7-47fc-87ab-4f298190cdfb,0,정상
3877,c781347d-a5e7-47fc-87ab-4f298190cdfb,0,정상
3878,c781347d-a5e7-47fc-87ab-4f298190cdfb,1,R00x_위치급변
3879,c781347d-a5e7-47fc-87ab-4f298190cdfb,0,정상
3880,c781347d-a5e7-47fc-87ab-4f298190cdfb,0,정상
3881,c781347d-a5e7-47fc-87ab-4f298190cdfb,0,정상
3882,c781347d-a5e7-47fc-87ab-4f298190cdfb,0,정상
3883,c781347d-a5e7-47fc-87ab-4f298190cdfb,0,정상
3884,c781347d-a5e7-47fc-87ab-4f298190cdfb,0,정상
3885,c781347d-a5e7-47fc-87ab-4f298190cdfb,0,정상
3886,c781347d-a5e7-47fc-87ab-4f298190cdfb,0,정상
3887,c781347d-a5e7-47fc-87ab-4f298190cdfb,0,정상
3888,c781347d-a5e7-47fc-87ab-4f298190cdfb,0,정상
3889,c781347d-a5e7-47fc-87ab-4f298190cdfb,1,R007_해외결제
3890,c781347d-a5e7-47fc-87ab-4f298190cdfb,0,정상
3891,c781347d-a5e7-47fc-87ab-4f298190cdfb,0,정상
3892,c781347d-a5e7-47fc-87ab-4f298190cdfb,0,정상
3893,c781347d-a5e7-47fc-87ab-4f298190cdfb,0,정상
3894,c781347d-a5e7-47fc-87ab-4f298190cdfb,0,정상
3895,c781347d-a5e7-47fc-87ab-4f298190cdfb,0,정상
3896,c781347d-a5e7-47fc-87ab-4f298190cdfb,0,정상
3897,c781347d-a5e7-47fc-87ab-4f298190cdfb,0,정상
3898,c781347d-a5e7-47fc-87ab-4f298190cdfb,0,정상
3899,c781347d-a5e7-47fc-87ab-4f298190cdfb,0,정상
3900,c781347d-a5e7-47fc-87ab-4f298190cdfb,0,정상
3901,c781347d-a5e7-47fc-87ab-4f298190cdfb,0,정상
3902,c781347d-a5e7-47fc-87ab-4f298190cdfb,0,정상
3903,c781347d-a5e7-47fc-87ab-4f298190cdfb,0,정상
3904,c781347d-a5e7-47fc-87ab-4f298190cdfb,0,정상
3905,c781347d-a5e7-47fc-87ab-4f298190cdfb,1,R007_해외결제
3906,c781347d-a5e7-47fc-87ab-4f298190cdfb,0,정상
3907,c781347d-a5e7-47fc-87ab-4f298190cdfb,0,정상
3908,c781347d-a5e7-47fc-87ab-4f298190cdfb,0,정상
3909,c781347d-a5e7-47fc-87ab-4f298190cdfb,0,정상
3910,c781347d-a5e7-47fc-87ab-4f298190cdfb,0,정상
3911,c781347d-a5e7-47fc-87ab-4f298190cdfb,0,정상
3912,c781347d-a5e7-47fc-87ab-4f298190cdfb,0,정상
3913,c781347d-a5e7-47fc-87ab-4f298190cdfb,0,정상
3914,c781347d-a5e7-47fc-87ab-4f298190cdfb,0,정상
3915,c781347d-a5e7-47fc-87ab-4f298190cdfb,0,정상
3916,c781347d-a5e7-47fc-87ab-4f298190cdfb,0,정상
3917,c781347d-a5e7-47fc-87ab-4f298190cdfb,1,R007_해외결제
3918,c781347d-a5e7-47fc-87ab-4f298190cdfb,0,정상
3919,c781347d-a5e7-47fc-87ab-4f298190cdfb,0,정상
3920,c781347d-a5e7-47fc-87ab-4f298190cdfb,0,정상
3921,c781347d-a5e7-47fc-87ab-4f298190cdfb,0,정상
3922,c781347d-a5e7-47fc-87ab-4f298190cdfb,0,정상
3923,c781347d-a5e7-47fc-87ab-4f298190cdfb,0,정상
3924,c781347d-a5e7-47fc-87ab-4f298190cdfb,0,정상
3925,c781347d-a5e7-47fc-87ab-4f298190cdfb,1,R007_해외결제
3926,c781347d-a5e7-47fc-87ab-4f298190cdfb,0,정상
3927,c781347d-a5e7-47fc-87ab-4f298190cdfb,0,정상
3928,c781347d-a5e7-47fc-87ab-4f298190cdfb,0,정상
3929,c781347d-a5e7-47fc-87ab-4f298190cdfb,0,정상
3930,c781347d-a5e7-47fc-87ab-4f298190cdfb,0,정상
3931,c781347d-a5e7-47fc-87ab-4f298190cdfb,0,정상
3932,c781347d-a5e7-47fc-87ab-4f298190cdfb,0,정상
3933,c781347d-a5e7-47fc-87ab-4f298190cdfb,0,정상
3934,c781347d-a5e7-47fc-87ab-4f298190cdfb,0,정상
3935,c781347d-a5e7-47fc-87ab-4f298190cdfb,0,정상
3936,c781347d-a5e7-47fc-87ab-4f298190cdfb,0,정상
3937,c781347d-a5e7-47fc-87ab-4f298190cdfb,0,정상
3938,c781347d-a5e7-47fc-87ab-4f298190cdfb,0,정상
3939,c781347d-a5e7-47fc-87ab-4f298190cdfb,0,정상
3940,c781347d-a5e7-47fc-87ab-4f298190cdfb,0,정상
3941,c781347d-a5e7-47fc-87ab-4f298190cdfb,0,정상
3942,c781347d-a5e7-47fc-87ab-4f298190cdfb,0,정상
3943,c781347d-a5e7-47fc-87ab-4f298190cdfb,0,정상
3944,c781347d-a5e7-47fc-87ab-4f298190cdfb,1,R007_해외결제
3945,c781347d-a5e7-47fc-87ab-4f298190cdfb,1,R007_해외결제
3946,c781347d-a5e7-47fc-87ab-4f298190cdfb,0,정상
3947,c781347d-a5e7-47fc-87ab-4f298190cdfb,0,정상
3948,c781347d-a5e7-47fc-87ab-4f298190cdfb,0,정상
3949,c781347d-a5e7-47fc-87ab-4f298190cdfb,0,정상
3950,c781347d-a5e7-47fc-87ab-4f298190cdfb,0,정상
3951,c7f02119-a1fb-4d6e-aa96-2357cdc25995,0,정상
3952,c7f02119-a1fb-4d6e-aa96-2357cdc25995,0,정상
3953,c7f02119-a1fb-4d6e-aa96-2357cdc25995,0,정상
3954,c7f02119-a1fb-4d6e-aa96-2357cdc25995,0,정상
3955,c7f02119-a1fb-4d6e-aa96-2357cdc25995,0,정상
3956,c7f02119-a1fb-4d6e-aa96-2357cdc25995,0,정상
3957,c7f02119-a1fb-4d6e-aa96-2357cdc25995,0,정상
3958,c7f02119-a1fb-4d6e-aa96-2357cdc25995,0,정상
3959,c7f02119-a1fb-4d6e-aa96-2357cdc25995,0,정상
3960,c7f02119-a1fb-4d6e-aa96-2357cdc25995,0,정상
3961,c7f02119-a1fb-4d6e-aa96-2357cdc25995,0,정상
3962,c7f02119-a1fb-4d6e-aa96-2357cdc25995,0,정상
3963,c7f02119-a1fb-4d6e-aa96-2357cdc25995,0,정상
3964,c7f02119-a1fb-4d6e-aa96-2357cdc25995,0,정상
3965,c7f02119-a1fb-4d6e-aa96-2357cdc25995,0,정상
3966,c7f02119-a1fb-4d6e-aa96-2357cdc25995,0,정상
3967,c7f02119-a1fb-4d6e-aa96-2357cdc25995,0,정상
3968,c7f02119-a1fb-4d6e-aa96-2357cdc25995,0,정상
3969,c7f02119-a1fb-4d6e-aa96-2357cdc25995,1,R007_해외결제
3970,c7f02119-a1fb-4d6e-aa96-2357cdc25995,0,정상
3971,c7f02119-a1fb-4d6e-aa96-2357cdc25995,0,정상
3972,c7f02119-a1fb-4d6e-aa96-2357cdc25995,0,정상
3973,c7f02119-a1fb-4d6e-aa96-2357cdc25995,0,정상
3974,c7f02119-a1fb-4d6e-aa96-2357cdc25995,0,정상
3975,c7f02119-a1fb-4d6e-aa96-2357cdc25995,0,정상
3976,c7f02119-a1fb-4d6e-aa96-2357cdc25995,0,정상
3977,c7f02119-a1fb-4d6e-aa96-2357cdc25995,0,정상
3978,c7f02119-a1fb-4d6e-aa96-2357cdc25995,0,정상
3979,c7f02119-a1fb-4d6e-aa96-2357cdc25995,0,정상
3980,c7f02119-a1fb-4d6e-aa96-2357cdc25995,0,정상
3981,c7f02119-a1fb-4d6e-aa96-2357cdc25995,0,정상
3982,c7f02119-a1fb-4d6e-aa96-2357cdc25995,0,정상
3983,c7f02119-a1fb-4d6e-aa96-2357cdc25995,0,정상
3984,c7f02119-a1fb-4d6e-aa96-2357cdc25995,0,정상
3985,c7f02119-a1fb-4d6e-aa96-2357cdc25995,0,정상
3986,c7f02119-a1fb-4d6e-aa96-2357cdc25995,0,정상
3987,c7f02119-a1fb-4d6e-aa96-2357cdc25995,1,R007_해외결제
3988,c7f02119-a1fb-4d6e-aa96-2357cdc25995,1,R005_심야대액
3989,c7f02119-a1fb-4d6e-aa96-2357cdc25995,0,정상
3990,c7f02119-a1fb-4d6e-aa96-2357cdc25995,0,정상
3991,c7f02119-a1fb-4d6e-aa96-2357cdc25995,0,정상
3992,c7f02119-a1fb-4d6e-aa96-2357cdc25995,0,정상
3993,c7f02119-a1fb-4d6e-aa96-2357cdc25995,0,정상
3994,c7f02119-a1fb-4d6e-aa96-2357cdc25995,0,정상
3995,c7f02119-a1fb-4d6e-aa96-2357cdc25995,0,정상
3996,c7f02119-a1fb-4d6e-aa96-2357cdc25995,0,정상
3997,c7f02119-a1fb-4d6e-aa96-2357cdc25995,0,정상
3998,c7f02119-a1fb-4d6e-aa96-2357cdc25995,0,정상
3999,c7f02119-a1fb-4d6e-aa96-2357cdc25995,0,정상
4000,c7f02119-a1fb-4d6e-aa96-2357cdc25995,1,R007_해외결제
4001,c7f02119-a1fb-4d6e-aa96-2357cdc25995,0,정상
4002,c7f02119-a1fb-4d6e-aa96-2357cdc25995,0,정상
4003,c7f02119-a1fb-4d6e-aa96-2357cdc25995,0,정상
4004,c7f02119-a1fb-4d6e-aa96-2357cdc25995,0,정상
4005,c7f02119-a1fb-4d6e-aa96-2357cdc25995,0,정상
4006,c7f02119-a1fb-4d6e-aa96-2357cdc25995,0,정상
4007,c7f02119-a1fb-4d6e-aa96-2357cdc25995,0,정상
4008,c7f02119-a1fb-4d6e-aa96-2357cdc25995,0,정상
4009,c7f02119-a1fb-4d6e-aa96-2357cdc25995,0,정상
4010,c7f02119-a1fb-4d6e-aa96-2357cdc25995,0,정상
4011,c7f02119-a1fb-4d6e-aa96-2357cdc25995,0,정상
4012,c7f02119-a1fb-4d6e-aa96-2357cdc25995,0,정상
4013,c7f02119-a1fb-4d6e-aa96-2357cdc25995,0,정상
4014,c7f02119-a1fb-4d6e-aa96-2357cdc25995,0,정상
4015,c7f02119-a1fb-4d6e-aa96-2357cdc25995,0,정상
4016,c7f02119-a1fb-4d6e-aa96-2357cdc25995,0,정상
4017,c7f02119-a1fb-4d6e-aa96-2357cdc25995,0,정상
4018,c7f02119-a1fb-4d6e-aa96-2357cdc25995,0,정상
4019,c7f02119-a1fb-4d6e-aa96-2357cdc25995,0,정상
4020,c7f02119-a1fb-4d6e-aa96-2357cdc25995,0,정상
4021,c7f02119-a1fb-4d6e-aa96-2357cdc25995,0,정상
4022,c7f02119-a1fb-4d6e-aa96-2357cdc25995,0,정상
4023,c7f02119-a1fb-4d6e-aa96-2357cdc25995,0,정상
4024,c7f02119-a1fb-4d6e-aa96-2357cdc25995,0,정상
4025,c7f02119-a1fb-4d6e-aa96-2357cdc25995,0,정상
4026,c7f02119-a1fb-4d6e-aa96-2357cdc25995,0,정상
4027,c7f02119-a1fb-4d6e-aa96-2357cdc25995,0,정상
4028,c7f02119-a1fb-4d6e-aa96-2357cdc25995,0,정상
4029,c7f02119-a1fb-4d6e-aa96-2357cdc25995,0,정상
4030,c7f02119-a1fb-4d6e-aa96-2357cdc25995,0,정상
4031,c7f02119-a1fb-4d6e-aa96-2357cdc25995,0,정상
4032,c7f02119-a1fb-4d6e-aa96-2357cdc25995,0,정상
4033,c7f02119-a1fb-4d6e-aa96-2357cdc25995,0,정상
4034,c7f02119-a1fb-4d6e-aa96-2357cdc25995,0,정상
4035,c7f02119-a1fb-4d6e-aa96-2357cdc25995,0,정상
4036,c7f02119-a1fb-4d6e-aa96-2357cdc25995,0,정상
4037,c7f02119-a1fb-4d6e-aa96-2357cdc25995,0,정상
4038,c7f02119-a1fb-4d6e-aa96-2357cdc25995,0,정상
4039,c7f02119-a1fb-4d6e-aa96-2357cdc25995,0,정상
4040,c7f02119-a1fb-4d6e-aa96-2357cdc25995,0,정상
4041,c7f02119-a1fb-4d6e-aa96-2357cdc25995,0,정상
4042,c7f02119-a1fb-4d6e-aa96-2357cdc25995,0,정상
4043,c7f02119-a1fb-4d6e-aa96-2357cdc25995,0,정상
4044,c7f02119-a1fb-4d6e-aa96-2357cdc25995,0,정상
4045,c7f02119-a1fb-4d6e-aa96-2357cdc25995,0,정상
4046,c7f02119-a1fb-4d6e-aa96-2357cdc25995,0,정상
4047,c7f02119-a1fb-4d6e-aa96-2357cdc25995,0,정상
4048,c7f02119-a1fb-4d6e-aa96-2357cdc25995,0,정상
4049,c7f02119-a1fb-4d6e-aa96-2357cdc25995,0,정상
4050,c7f02119-a1fb-4d6e-aa96-2357cdc25995,0,정상
4051,c7f02119-a1fb-4d6e-aa96-2357cdc25995,0,정상
4052,c7f02119-a1fb-4d6e-aa96-2357cdc25995,0,정상
4053,c7f02119-a1fb-4d6e-aa96-2357cdc25995,0,정상
4054,c7f02119-a1fb-4d6e-aa96-2357cdc25995,0,정상
4055,c7f02119-a1fb-4d6e-aa96-2357cdc25995,0,정상
4056,c7f02119-a1fb-4d6e-aa96-2357cdc25995,0,정상
4057,c7f02119-a1fb-4d6e-aa96-2357cdc25995,0,정상
4058,c7f02119-a1fb-4d6e-aa96-2357cdc25995,0,정상
4059,c7f02119-a1fb-4d6e-aa96-2357cdc25995,0,정상
4060,c7f02119-a1fb-4d6e-aa96-2357cdc25995,0,정상
4061,c7f02119-a1fb-4d6e-aa96-2357cdc25995,0,정상
4062,c7f02119-a1fb-4d6e-aa96-2357cdc25995,0,정상
4063,c7f02119-a1fb-4d6e-aa96-2357cdc25995,0,정상
4064,c7f02119-a1fb-4d6e-aa96-2357cdc25995,0,정상
4065,c7f02119-a1fb-4d6e-aa96-2357cdc25995,0,정상
4066,c7f02119-a1fb-4d6e-aa96-2357cdc25995,0,정상
4067,c7f02119-a1fb-4d6e-aa96-2357cdc25995,0,정상
4068,c7f02119-a1fb-4d6e-aa96-2357cdc25995,0,정상
4069,c7f02119-a1fb-4d6e-aa96-2357cdc25995,0,정상
4070,c7f02119-a1fb-4d6e-aa96-2357cdc25995,0,정상
4071,c7f02119-a1fb-4d6e-aa96-2357cdc25995,0,정상
4072,c7f02119-a1fb-4d6e-aa96-2357cdc25995,0,정상
4073,c7f02119-a1fb-4d6e-aa96-2357cdc25995,0,정상
4074,c7f02119-a1fb-4d6e-aa96-2357cdc25995,0,정상
4075,c7f02119-a1fb-4d6e-aa96-2357cdc25995,0,정상
4076,c7f02119-a1fb-4d6e-aa96-2357cdc25995,0,정상
4077,c7f02119-a1fb-4d6e-aa96-2357cdc25995,0,정상
4078,c7f02119-a1fb-4d6e-aa96-2357cdc25995,0,정상
4079,c7f02119-a1fb-4d6e-aa96-2357cdc25995,0,정상
4080,c7f02119-a1fb-4d6e-aa96-2357cdc25995,0,정상
4081,c7f02119-a1fb-4d6e-aa96-2357cdc25995,0,정상
4082,d7af49e6-ecf2-4180-bf43-621f6a39a0a6,0,정상
4083,d7af49e6-ecf2-4180-bf43-621f6a39a0a6,0,정상
4084,d7af49e6-ecf2-4180-bf43-621f6a39a0a6,0,정상
4085,d7af49e6-ecf2-4180-bf43-621f6a39a0a6,0,정상
4086,d7af49e6-ecf2-4180-bf43-621f6a39a0a6,0,정상
4087,d7af49e6-ecf2-4180-bf43-621f6a39a0a6,0,정상
4088,d7af49e6-ecf2-4180-bf43-621f6a39a0a6,0,정상
4089,d7af49e6-ecf2-4180-bf43-621f6a39a0a6,0,정상
4090,d7af49e6-ecf2-4180-bf43-621f6a39a0a6,0,정상
4091,d7af49e6-ecf2-4180-bf43-621f6a39a0a6,0,정상
4092,d7af49e6-ecf2-4180-bf43-621f6a39a0a6,0,정상
4093,d7af49e6-ecf2-4180-bf43-621f6a39a0a6,0,정상
4094,d7af49e6-ecf2-4180-bf43-621f6a39a0a6,0,정상
4095,d7af49e6-ecf2-4180-bf43-621f6a39a0a6,0,정상
4096,d7af49e6-ecf2-4180-bf43-621f6a39a0a6,0,정상
4097,d7af49e6-ecf2-4180-bf43-621f6a39a0a6,0,정상
4098,d7af49e6-ecf2-4180-bf43-621f6a39a0a6,0,정상
4099,d7af49e6-ecf2-4180-bf43-621f6a39a0a6,0,정상
4100,d7af49e6-ecf2-4180-bf43-621f6a39a0a6,0,정상
4101,d7af49e6-ecf2-4180-bf43-621f6a39a0a6,0,정상
4102,d7af49e6-ecf2-4180-bf43-621f6a39a0a6,0,정상
4103,d7af49e6-ecf2-4180-bf43-621f6a39a0a6,0,정상
4104,d7af49e6-ecf2-4180-bf43-621f6a39a0a6,0,정상
4105,d7af49e6-ecf2-4180-bf43-621f6a39a0a6,0,정상
4106,d7af49e6-ecf2-4180-bf43-621f6a39a0a6,0,정상
4107,d7af49e6-ecf2-4180-bf43-621f6a39a0a6,0,정상
4108,d7af49e6-ecf2-4180-bf43-621f6a39a0a6,0,정상
4109,d7af49e6-ecf2-4180-bf43-621f6a39a0a6,0,정상
4110,d7af49e6-ecf2-4180-bf43-621f6a39a0a6,0,정상
4111,d7af49e6-ecf2-4180-bf43-621f6a39a0a6,0,정상
4112,d7af49e6-ecf2-4180-bf43-621f6a39a0a6,0,정상
4113,d7af49e6-ecf2-4180-bf43-621f6a39a0a6,0,정상
4114,d7af49e6-ecf2-4180-bf43-621f6a39a0a6,0,정상
4115,d7af49e6-ecf2-4180-bf43-621f6a39a0a6,0,정상
4116,d7af49e6-ecf2-4180-bf43-621f6a39a0a6,0,정상
4117,d7af49e6-ecf2-4180-bf43-621f6a39a0a6,0,정상
4118,d7af49e6-ecf2-4180-bf43-621f6a39a0a6,0,정상
4119,d7af49e6-ecf2-4180-bf43-621f6a39a0a6,0,정상
4120,d7af49e6-ecf2-4180-bf43-621f6a39a0a6,0,정상
4121,d7af49e6-ecf2-4180-bf43-621f6a39a0a6,0,정상
4122,d7af49e6-ecf2-4180-bf43-621f6a39a0a6,0,정상
4123,d7af49e6-ecf2-4180-bf43-621f6a39a0a6,0,정상
4124,d7af49e6-ecf2-4180-bf43-621f6a39a0a6,0,정상
4125,d7af49e6-ecf2-4180-bf43-621f6a39a0a6,0,정상
4126,d7af49e6-ecf2-4180-bf43-621f6a39a0a6,0,정상
4127,d7af49e6-ecf2-4180-bf43-621f6a39a0a6,0,정상
4128,d7af49e6-ecf2-4180-bf43-621f6a39a0a6,0,정상
4129,d7af49e6-ecf2-4180-bf43-621f6a39a0a6,1,R001_단일한도초과
4130,d7af49e6-ecf2-4180-bf43-621f6a39a0a6,0,정상
4131,d7af49e6-ecf2-4180-bf43-621f6a39a0a6,0,정상
4132,d7af49e6-ecf2-4180-bf43-621f6a39a0a6,0,정상
4133,d7af49e6-ecf2-4180-bf43-621f6a39a0a6,0,정상
4134,d7af49e6-ecf2-4180-bf43-621f6a39a0a6,0,정상
4135,d7af49e6-ecf2-4180-bf43-621f6a39a0a6,0,정상
4136,d7af49e6-ecf2-4180-bf43-621f6a39a0a6,0,정상
4137,d7af49e6-ecf2-4180-bf43-621f6a39a0a6,0,정상
4138,d7af49e6-ecf2-4180-bf43-621f6a39a0a6,0,정상
4139,d7af49e6-ecf2-4180-bf43-621f6a39a0a6,0,정상
4140,d7af49e6-ecf2-4180-bf43-621f6a39a0a6,0,정상
4141,d7af49e6-ecf2-4180-bf43-621f6a39a0a6,0,정상
4142,d7af49e6-ecf2-4180-bf43-621f6a39a0a6,0,정상
4143,d7af49e6-ecf2-4180-bf43-621f6a39a0a6,0,정상
4144,d7af49e6-ecf2-4180-bf43-621f6a39a0a6,0,정상
4145,d7af49e6-ecf2-4180-bf43-621f6a39a0a6,0,정상
4146,d7af49e6-ecf2-4180-bf43-621f6a39a0a6,0,정상
4147,d7af49e6-ecf2-4180-bf43-621f6a39a0a6,0,정상
4148,d7af49e6-ecf2-4180-bf43-621f6a39a0a6,0,정상
4149,d7af49e6-ecf2-4180-bf43-621f6a39a0a6,0,정상
4150,d7af49e6-ecf2-4180-bf43-621f6a39a0a6,0,정상
4151,d7af49e6-ecf2-4180-bf43-621f6a39a0a6,0,정상
4152,d7af49e6-ecf2-4180-bf43-621f6a39a0a6,1,R005_심야대액
4153,d7af49e6-ecf2-4180-bf43-621f6a39a0a6,0,정상
4154,d7af49e6-ecf2-4180-bf43-621f6a39a0a6,0,정상
4155,d7af49e6-ecf2-4180-bf43-621f6a39a0a6,0,정상
4156,d7af49e6-ecf2-4180-bf43-621f6a39a0a6,0,정상
4157,d7af49e6-ecf2-4180-bf43-621f6a39a0a6,0,정상
4158,d7af49e6-ecf2-4180-bf43-621f6a39a0a6,0,정상
4159,d7af49e6-ecf2-4180-bf43-621f6a39a0a6,0,정상
4160,d7af49e6-ecf2-4180-bf43-621f6a39a0a6,0,정상
4161,d7af49e6-ecf2-4180-bf43-621f6a39a0a6,0,정상
4162,d7af49e6-ecf2-4180-bf43-621f6a39a0a6,0,정상
4163,d7af49e6-ecf2-4180-bf43-621f6a39a0a6,0,정상
4164,d7af49e6-ecf2-4180-bf43-621f6a39a0a6,0,정상
4165,d7af49e6-ecf2-4180-bf43-621f6a39a0a6,0,정상
4166,d7af49e6-ecf2-4180-bf43-621f6a39a0a6,0,정상
4167,d7af49e6-ecf2-4180-bf43-621f6a39a0a6,0,정상
4168,d7af49e6-ecf2-4180-bf43-621f6a39a0a6,1,R005_심야대액
4169,d7af49e6-ecf2-4180-bf43-621f6a39a0a6,0,정상
4170,d7af49e6-ecf2-4180-bf43-621f6a39a0a6,0,정상
4171,d7af49e6-ecf2-4180-bf43-621f6a39a0a6,0,정상
4172,d7af49e6-ecf2-4180-bf43-621f6a39a0a6,0,정상
4173,d7af49e6-ecf2-4180-bf43-621f6a39a0a6,0,정상
4174,d7af49e6-ecf2-4180-bf43-621f6a39a0a6,0,정상
4175,d7af49e6-ecf2-4180-bf43-621f6a39a0a6,0,정상
4176,d7af49e6-ecf2-4180-bf43-621f6a39a0a6,0,정상
4177,d7af49e6-ecf2-4180-bf43-621f6a39a0a6,0,정상
4178,d7af49e6-ecf2-4180-bf43-621f6a39a0a6,0,정상
4179,d7af49e6-ecf2-4180-bf43-621f6a39a0a6,0,정상
4180,d7af49e6-ecf2-4180-bf43-621f6a39a0a6,0,정상
4181,d7af49e6-ecf2-4180-bf43-621f6a39a0a6,0,정상
4182,d7af49e6-ecf2-4180-bf43-621f6a39a0a6,0,정상
4183,d7af49e6-ecf2-4180-bf43-621f6a39a0a6,0,정상
4184,d7af49e6-ecf2-4180-bf43-621f6a39a0a6,0,정상
4185,d7af49e6-ecf2-4180-bf43-621f6a39a0a6,0,정상
4186,d7af49e6-ecf2-4180-bf43-621f6a39a0a6,0,정상
4187,d7af49e6-ecf2-4180-bf43-621f6a39a0a6,0,정상
4188,d7af49e6-ecf2-4180-bf43-621f6a39a0a6,0,정상
4189,d7af49e6-ecf2-4180-bf43-621f6a39a0a6,0,정상
4190,d7af49e6-ecf2-4180-bf43-621f6a39a0a6,0,정상
4191,d7af49e6-ecf2-4180-bf43-621f6a39a0a6,0,정상
4192,d7af49e6-ecf2-4180-bf43-621f6a39a0a6,0,정상
4193,d7af49e6-ecf2-4180-bf43-621f6a39a0a6,0,정상
4194,d7af49e6-ecf2-4180-bf43-621f6a39a0a6,0,정상
4195,d7af49e6-ecf2-4180-bf43-621f6a39a0a6,0,정상
4196,d7af49e6-ecf2-4180-bf43-621f6a39a0a6,0,정상
4197,d7af49e6-ecf2-4180-bf43-621f6a39a0a6,0,정상
4198,d7af49e6-ecf2-4180-bf43-621f6a39a0a6,0,정상
4199,d7af49e6-ecf2-4180-bf43-621f6a39a0a6,0,정상
4200,d7af49e6-ecf2-4180-bf43-621f6a39a0a6,0,정상
4201,d7af49e6-ecf2-4180-bf43-621f6a39a0a6,0,정상
4202,d7af49e6-ecf2-4180-bf43-621f6a39a0a6,1,R005_심야대액
4203,d7af49e6-ecf2-4180-bf43-621f6a39a0a6,0,정상
4204,d7af49e6-ecf2-4180-bf43-621f6a39a0a6,0,정상
4205,d7af49e6-ecf2-4180-bf43-621f6a39a0a6,0,정상
4206,d7af49e6-ecf2-4180-bf43-621f6a39a0a6,0,정상
4207,d7af49e6-ecf2-4180-bf43-621f6a39a0a6,1,R00y_신규기기
4208,d950d71d-7d56-4560-a7ed-dbfa17f4b908,0,정상
4209,d950d71d-7d56-4560-a7ed-dbfa17f4b908,0,정상
4210,d950d71d-7d56-4560-a7ed-dbfa17f4b908,0,정상
4211,d950d71d-7d56-4560-a7ed-dbfa17f4b908,0,정상
4212,d950d71d-7d56-4560-a7ed-dbfa17f4b908,0,정상
4213,d950d71d-7d56-4560-a7ed-dbfa17f4b908,0,정상
4214,d950d71d-7d56-4560-a7ed-dbfa17f4b908,0,정상
4215,d950d71d-7d56-4560-a7ed-dbfa17f4b908,0,정상
4216,d950d71d-7d56-4560-a7ed-dbfa17f4b908,0,정상
4217,d950d71d-7d56-4560-a7ed-dbfa17f4b908,0,정상
4218,d950d71d-7d56-4560-a7ed-dbfa17f4b908,0,정상
4219,d950d71d-7d56-4560-a7ed-dbfa17f4b908,0,정상
4220,d950d71d-7d56-4560-a7ed-dbfa17f4b908,0,정상
4221,d950d71d-7d56-4560-a7ed-dbfa17f4b908,0,정상
4222,d950d71d-7d56-4560-a7ed-dbfa17f4b908,0,정상
4223,d950d71d-7d56-4560-a7ed-dbfa17f4b908,0,정상
4224,d950d71d-7d56-4560-a7ed-dbfa17f4b908,0,정상
4225,d950d71d-7d56-4560-a7ed-dbfa17f4b908,0,정상
4226,d950d71d-7d56-4560-a7ed-dbfa17f4b908,0,정상
4227,d950d71d-7d56-4560-a7ed-dbfa17f4b908,0,정상
4228,d950d71d-7d56-4560-a7ed-dbfa17f4b908,0,정상
4229,d950d71d-7d56-4560-a7ed-dbfa17f4b908,0,정상
4230,d950d71d-7d56-4560-a7ed-dbfa17f4b908,0,정상
4231,d950d71d-7d56-4560-a7ed-dbfa17f4b908,0,정상
4232,d950d71d-7d56-4560-a7ed-dbfa17f4b908,0,정상
4233,d950d71d-7d56-4560-a7ed-dbfa17f4b908,0,정상
4234,d950d71d-7d56-4560-a7ed-dbfa17f4b908,0,정상
4235,d950d71d-7d56-4560-a7ed-dbfa17f4b908,0,정상
4236,d950d71d-7d56-4560-a7ed-dbfa17f4b908,0,정상
4237,d950d71d-7d56-4560-a7ed-dbfa17f4b908,0,정상
4238,d950d71d-7d56-4560-a7ed-dbfa17f4b908,0,정상
4239,d950d71d-7d56-4560-a7ed-dbfa17f4b908,0,정상
4240,d950d71d-7d56-4560-a7ed-dbfa17f4b908,0,정상
4241,d950d71d-7d56-4560-a7ed-dbfa17f4b908,0,정상
4242,d950d71d-7d56-4560-a7ed-dbfa17f4b908,0,정상
4243,d950d71d-7d56-4560-a7ed-dbfa17f4b908,0,정상
4244,d950d71d-7d56-4560-a7ed-dbfa17f4b908,0,정상
4245,d950d71d-7d56-4560-a7ed-dbfa17f4b908,0,정상
4246,d950d71d-7d56-4560-a7ed-dbfa17f4b908,0,정상
4247,d950d71d-7d56-4560-a7ed-dbfa17f4b908,0,정상
4248,d950d71d-7d56-4560-a7ed-dbfa17f4b908,0,정상
4249,d950d71d-7d56-4560-a7ed-dbfa17f4b908,0,정상
4250,d950d71d-7d56-4560-a7ed-dbfa17f4b908,0,정상
4251,d950d71d-7d56-4560-a7ed-dbfa17f4b908,0,정상
4252,d950d71d-7d56-4560-a7ed-dbfa17f4b908,0,정상
4253,d950d71d-7d56-4560-a7ed-dbfa17f4b908,0,정상
4254,d950d71d-7d56-4560-a7ed-dbfa17f4b908,0,정상
4255,d950d71d-7d56-4560-a7ed-dbfa17f4b908,0,정상
4256,d950d71d-7d56-4560-a7ed-dbfa17f4b908,0,정상
4257,d950d71d-7d56-4560-a7ed-dbfa17f4b908,0,정상
4258,d950d71d-7d56-4560-a7ed-dbfa17f4b908,0,정상
4259,d950d71d-7d56-4560-a7ed-dbfa17f4b908,0,정상
4260,d950d71d-7d56-4560-a7ed-dbfa17f4b908,0,정상
4261,d950d71d-7d56-4560-a7ed-dbfa17f4b908,0,정상
4262,d950d71d-7d56-4560-a7ed-dbfa17f4b908,0,정상
4263,d950d71d-7d56-4560-a7ed-dbfa17f4b908,1,R007_해외결제
4264,d950d71d-7d56-4560-a7ed-dbfa17f4b908,0,정상
4265,d950d71d-7d56-4560-a7ed-dbfa17f4b908,0,정상
4266,d950d71d-7d56-4560-a7ed-dbfa17f4b908,0,정상
4267,d950d71d-7d56-4560-a7ed-dbfa17f4b908,0,정상
4268,d950d71d-7d56-4560-a7ed-dbfa17f4b908,0,정상
4269,d950d71d-7d56-4560-a7ed-dbfa17f4b908,0,정상
4270,d950d71d-7d56-4560-a7ed-dbfa17f4b908,0,정상
4271,d950d71d-7d56-4560-a7ed-dbfa17f4b908,0,정상
4272,d950d71d-7d56-4560-a7ed-dbfa17f4b908,1,R00x_위치급변
4273,d950d71d-7d56-4560-a7ed-dbfa17f4b908,0,정상
4274,d950d71d-7d56-4560-a7ed-dbfa17f4b908,0,정상
4275,d950d71d-7d56-4560-a7ed-dbfa17f4b908,0,정상
4276,d950d71d-7d56-4560-a7ed-dbfa17f4b908,0,정상
4277,d950d71d-7d56-4560-a7ed-dbfa17f4b908,1,R005_심야대액
4278,d950d71d-7d56-4560-a7ed-dbfa17f4b908,0,정상
4279,d950d71d-7d56-4560-a7ed-dbfa17f4b908,0,정상
4280,d950d71d-7d56-4560-a7ed-dbfa17f4b908,0,정상
4281,d950d71d-7d56-4560-a7ed-dbfa17f4b908,0,정상
4282,d950d71d-7d56-4560-a7ed-dbfa17f4b908,0,정상
4283,d950d71d-7d56-4560-a7ed-dbfa17f4b908,0,정상
4284,d950d71d-7d56-4560-a7ed-dbfa17f4b908,0,정상
4285,d950d71d-7d56-4560-a7ed-dbfa17f4b908,0,정상
4286,d950d71d-7d56-4560-a7ed-dbfa17f4b908,0,정상
4287,d950d71d-7d56-4560-a7ed-dbfa17f4b908,0,정상
4288,d950d71d-7d56-4560-a7ed-dbfa17f4b908,0,정상
4289,d950d71d-7d56-4560-a7ed-dbfa17f4b908,0,정상
4290,d950d71d-7d56-4560-a7ed-dbfa17f4b908,0,정상
4291,d950d71d-7d56-4560-a7ed-dbfa17f4b908,0,정상
4292,d950d71d-7d56-4560-a7ed-dbfa17f4b908,0,정상
4293,d950d71d-7d56-4560-a7ed-dbfa17f4b908,0,정상
4294,d950d71d-7d56-4560-a7ed-dbfa17f4b908,0,정상
4295,d950d71d-7d56-4560-a7ed-dbfa17f4b908,0,정상
4296,d950d71d-7d56-4560-a7ed-dbfa17f4b908,0,정상
4297,d950d71d-7d56-4560-a7ed-dbfa17f4b908,0,정상
4298,d950d71d-7d56-4560-a7ed-dbfa17f4b908,0,정상
4299,d950d71d-7d56-4560-a7ed-dbfa17f4b908,0,정상
4300,d950d71d-7d56-4560-a7ed-dbfa17f4b908,0,정상
4301,d950d71d-7d56-4560-a7ed-dbfa17f4b908,1,R005_심야대액
4302,d950d71d-7d56-4560-a7ed-dbfa17f4b908,0,정상
4303,d950d71d-7d56-4560-a7ed-dbfa17f4b908,0,정상
4304,d950d71d-7d56-4560-a7ed-dbfa17f4b908,0,정상
4305,d950d71d-7d56-4560-a7ed-dbfa17f4b908,0,정상
4306,d950d71d-7d56-4560-a7ed-dbfa17f4b908,0,정상
4307,d950d71d-7d56-4560-a7ed-dbfa17f4b908,0,정상
4308,d950d71d-7d56-4560-a7ed-dbfa17f4b908,0,정상
4309,d950d71d-7d56-4560-a7ed-dbfa17f4b908,1,R007_해외결제
4310,d950d71d-7d56-4560-a7ed-dbfa17f4b908,0,정상
4311,d950d71d-7d56-4560-a7ed-dbfa17f4b908,0,정상
4312,d950d71d-7d56-4560-a7ed-dbfa17f4b908,0,정상
4313,d950d71d-7d56-4560-a7ed-dbfa17f4b908,1,R005_심야대액
4314,d950d71d-7d56-4560-a7ed-dbfa17f4b908,0,정상
4315,d950d71d-7d56-4560-a7ed-dbfa17f4b908,0,정상
4316,d950d71d-7d56-4560-a7ed-dbfa17f4b908,0,정상
4317,d950d71d-7d56-4560-a7ed-dbfa17f4b908,0,정상
4318,d950d71d-7d56-4560-a7ed-dbfa17f4b908,0,정상
4319,d950d71d-7d56-4560-a7ed-dbfa17f4b908,0,정상
4320,d950d71d-7d56-4560-a7ed-dbfa17f4b908,0,정상
4321,d950d71d-7d56-4560-a7ed-dbfa17f4b908,0,정상
4322,d950d71d-7d56-4560-a7ed-dbfa17f4b908,0,정상
4323,d950d71d-7d56-4560-a7ed-dbfa17f4b908,0,정상
4324,d950d71d-7d56-4560-a7ed-dbfa17f4b908,0,정상
4325,d950d71d-7d56-4560-a7ed-dbfa17f4b908,0,정상
4326,d950d71d-7d56-4560-a7ed-dbfa17f4b908,0,정상
4327,d950d71d-7d56-4560-a7ed-dbfa17f4b908,0,정상
4328,d950d71d-7d56-4560-a7ed-dbfa17f4b908,0,정상
4329,d950d71d-7d56-4560-a7ed-dbfa17f4b908,0,정상
4330,d950d71d-7d56-4560-a7ed-dbfa17f4b908,0,정상
4331,d950d71d-7d56-4560-a7ed-dbfa17f4b908,0,정상
4332,ddd9b3e6-b616-4838-8dfb-02bc6670ed15,0,정상
4333,ddd9b3e6-b616-4838-8dfb-02bc6670ed15,0,정상
4334,ddd9b3e6-b616-4838-8dfb-02bc6670ed15,0,정상
4335,ddd9b3e6-b616-4838-8dfb-02bc6670ed15,0,정상
4336,ddd9b3e6-b616-4838-8dfb-02bc6670ed15,0,정상
4337,ddd9b3e6-b616-4838-8dfb-02bc6670ed15,0,정상
4338,ddd9b3e6-b616-4838-8dfb-02bc6670ed15,0,정상
4339,ddd9b3e6-b616-4838-8dfb-02bc6670ed15,0,정상
4340,ddd9b3e6-b616-4838-8dfb-02bc6670ed15,0,정상
4341,ddd9b3e6-b616-4838-8dfb-02bc6670ed15,0,정상
4342,ddd9b3e6-b616-4838-8dfb-02bc6670ed15,0,정상
4343,ddd9b3e6-b616-4838-8dfb-02bc6670ed15,0,정상
4344,ddd9b3e6-b616-4838-8dfb-02bc6670ed15,0,정상
4345,ddd9b3e6-b616-4838-8dfb-02bc6670ed15,0,정상
4346,ddd9b3e6-b616-4838-8dfb-02bc6670ed15,0,정상
4347,ddd9b3e6-b616-4838-8dfb-02bc6670ed15,0,정상
4348,ddd9b3e6-b616-4838-8dfb-02bc6670ed15,0,정상
4349,ddd9b3e6-b616-4838-8dfb-02bc6670ed15,0,정상
4350,ddd9b3e6-b616-4838-8dfb-02bc6670ed15,0,정상
4351,ddd9b3e6-b616-4838-8dfb-02bc6670ed15,0,정상
4352,ddd9b3e6-b616-4838-8dfb-02bc6670ed15,0,정상
4353,ddd9b3e6-b616-4838-8dfb-02bc6670ed15,0,정상
4354,ddd9b3e6-b616-4838-8dfb-02bc6670ed15,0,정상
4355,ddd9b3e6-b616-4838-8dfb-02bc6670ed15,0,정상
4356,ddd9b3e6-b616-4838-8dfb-02bc6670ed15,1,R007_해외결제
4357,ddd9b3e6-b616-4838-8dfb-02bc6670ed15,0,정상
4358,ddd9b3e6-b616-4838-8dfb-02bc6670ed15,0,정상
4359,ddd9b3e6-b616-4838-8dfb-02bc6670ed15,0,정상
4360,ddd9b3e6-b616-4838-8dfb-02bc6670ed15,0,정상
4361,ddd9b3e6-b616-4838-8dfb-02bc6670ed15,0,정상
4362,ddd9b3e6-b616-4838-8dfb-02bc6670ed15,0,정상
4363,ddd9b3e6-b616-4838-8dfb-02bc6670ed15,0,정상
4364,ddd9b3e6-b616-4838-8dfb-02bc6670ed15,0,정상
4365,ddd9b3e6-b616-4838-8dfb-02bc6670ed15,0,정상
4366,ddd9b3e6-b616-4838-8dfb-02bc6670ed15,0,정상
4367,ddd9b3e6-b616-4838-8dfb-02bc6670ed15,0,정상
4368,ddd9b3e6-b616-4838-8dfb-02bc6670ed15,0,정상
4369,ddd9b3e6-b616-4838-8dfb-02bc6670ed15,0,정상
4370,ddd9b3e6-b616-4838-8dfb-02bc6670ed15,0,정상
4371,ddd9b3e6-b616-4838-8dfb-02bc6670ed15,0,정상
4372,ddd9b3e6-b616-4838-8dfb-02bc6670ed15,0,정상
4373,ddd9b3e6-b616-4838-8dfb-02bc6670ed15,0,정상
4374,ddd9b3e6-b616-4838-8dfb-02bc6670ed15,0,정상
4375,ddd9b3e6-b616-4838-8dfb-02bc6670ed15,0,정상
4376,ddd9b3e6-b616-4838-8dfb-02bc6670ed15,0,정상
4377,ddd9b3e6-b616-4838-8dfb-02bc6670ed15,0,정상
4378,ddd9b3e6-b616-4838-8dfb-02bc6670ed15,0,정상
4379,ddd9b3e6-b616-4838-8dfb-02bc6670ed15,0,정상
4380,ddd9b3e6-b616-4838-8dfb-02bc6670ed15,0,정상
4381,ddd9b3e6-b616-4838-8dfb-02bc6670ed15,0,정상
4382,ddd9b3e6-b616-4838-8dfb-02bc6670ed15,0,정상
4383,ddd9b3e6-b616-4838-8dfb-02bc6670ed15,1,R007_해외결제
4384,ddd9b3e6-b616-4838-8dfb-02bc6670ed15,0,정상
4385,ddd9b3e6-b616-4838-8dfb-02bc6670ed15,0,정상
4386,ddd9b3e6-b616-4838-8dfb-02bc6670ed15,0,정상
4387,ddd9b3e6-b616-4838-8dfb-02bc6670ed15,0,정상
4388,ddd9b3e6-b616-4838-8dfb-02bc6670ed15,0,정상
4389,ddd9b3e6-b616-4838-8dfb-02bc6670ed15,0,정상
4390,ddd9b3e6-b616-4838-8dfb-02bc6670ed15,0,정상
4391,ddd9b3e6-b616-4838-8dfb-02bc6670ed15,0,정상
4392,ddd9b3e6-b616-4838-8dfb-02bc6670ed15,0,정상
4393,ddd9b3e6-b616-4838-8dfb-02bc6670ed15,0,정상
4394,ddd9b3e6-b616-4838-8dfb-02bc6670ed15,0,정상
4395,ddd9b3e6-b616-4838-8dfb-02bc6670ed15,0,정상
4396,ddd9b3e6-b616-4838-8dfb-02bc6670ed15,1,R007_해외결제
4397,ddd9b3e6-b616-4838-8dfb-02bc6670ed15,0,정상
4398,ddd9b3e6-b616-4838-8dfb-02bc6670ed15,0,정상
4399,ddd9b3e6-b616-4838-8dfb-02bc6670ed15,0,정상
4400,ddd9b3e6-b616-4838-8dfb-02bc6670ed15,0,정상
4401,ddd9b3e6-b616-4838-8dfb-02bc6670ed15,0,정상
4402,ddd9b3e6-b616-4838-8dfb-02bc6670ed15,0,정상
4403,ddd9b3e6-b616-4838-8dfb-02bc6670ed15,0,정상
4404,ddd9b3e6-b616-4838-8dfb-02bc6670ed15,0,정상
4405,ddd9b3e6-b616-4838-8dfb-02bc6670ed15,0,정상
4406,ddd9b3e6-b616-4838-8dfb-02bc6670ed15,1,R001_단일한도초과
4407,ddd9b3e6-b616-4838-8dfb-02bc6670ed15,0,정상
4408,ddd9b3e6-b616-4838-8dfb-02bc6670ed15,0,정상
4409,ddd9b3e6-b616-4838-8dfb-02bc6670ed15,0,정상
4410,ddd9b3e6-b616-4838-8dfb-02bc6670ed15,0,정상
4411,ddd9b3e6-b616-4838-8dfb-02bc6670ed15,0,정상
4412,ddd9b3e6-b616-4838-8dfb-02bc6670ed15,0,정상
4413,ddd9b3e6-b616-4838-8dfb-02bc6670ed15,0,정상
4414,ddd9b3e6-b616-4838-8dfb-02bc6670ed15,0,정상
4415,ddd9b3e6-b616-4838-8dfb-02bc6670ed15,0,정상
4416,ddd9b3e6-b616-4838-8dfb-02bc6670ed15,0,정상
4417,ddd9b3e6-b616-4838-8dfb-02bc6670ed15,0,정상
4418,ddd9b3e6-b616-4838-8dfb-02bc6670ed15,0,정상
4419,ddd9b3e6-b616-4838-8dfb-02bc6670ed15,0,정상
4420,ddd9b3e6-b616-4838-8dfb-02bc6670ed15,0,정상
4421,ddd9b3e6-b616-4838-8dfb-02bc6670ed15,0,정상
4422,ddd9b3e6-b616-4838-8dfb-02bc6670ed15,0,정상
4423,ddd9b3e6-b616-4838-8dfb-02bc6670ed15,0,정상
4424,ddd9b3e6-b616-4838-8dfb-02bc6670ed15,0,정상
4425,ddd9b3e6-b616-4838-8dfb-02bc6670ed15,0,정상
4426,ddd9b3e6-b616-4838-8dfb-02bc6670ed15,0,정상
4427,ddd9b3e6-b616-4838-8dfb-02bc6670ed15,0,정상
4428,ddd9b3e6-b616-4838-8dfb-02bc6670ed15,0,정상
4429,ddd9b3e6-b616-4838-8dfb-02bc6670ed15,0,정상
4430,ddd9b3e6-b616-4838-8dfb-02bc6670ed15,0,정상
4431,ddd9b3e6-b616-4838-8dfb-02bc6670ed15,0,정상
4432,ddd9b3e6-b616-4838-8dfb-02bc6670ed15,0,정상
4433,ddd9b3e6-b616-4838-8dfb-02bc6670ed15,0,정상
4434,ddd9b3e6-b616-4838-8dfb-02bc6670ed15,0,정상
4435,ddd9b3e6-b616-4838-8dfb-02bc6670ed15,0,정상
4436,ddd9b3e6-b616-4838-8dfb-02bc6670ed15,0,정상
4437,ddd9b3e6-b616-4838-8dfb-02bc6670ed15,0,정상
4438,ddd9b3e6-b616-4838-8dfb-02bc6670ed15,0,정상
4439,ddd9b3e6-b616-4838-8dfb-02bc6670ed15,0,정상
4440,ddd9b3e6-b616-4838-8dfb-02bc6670ed15,0,정상
4441,ddd9b3e6-b616-4838-8dfb-02bc6670ed15,0,정상
4442,ddd9b3e6-b616-4838-8dfb-02bc6670ed15,0,정상
4443,ddd9b3e6-b616-4838-8dfb-02bc6670ed15,0,정상
4444,ddd9b3e6-b616-4838-8dfb-02bc6670ed15,0,정상
4445,ddd9b3e6-b616-4838-8dfb-02bc6670ed15,0,정상
4446,ddd9b3e6-b616-4838-8dfb-02bc6670ed15,0,정상
4447,ddd9b3e6-b616-4838-8dfb-02bc6670ed15,0,정상
4448,ddd9b3e6-b616-4838-8dfb-02bc6670ed15,0,정상
4449,ddd9b3e6-b616-4838-8dfb-02bc6670ed15,0,정상
4450,ddd9b3e6-b616-4838-8dfb-02bc6670ed15,0,정상
4451,ddd9b3e6-b616-4838-8dfb-02bc6670ed15,1,R005_심야대액
4452,ddd9b3e6-b616-4838-8dfb-02bc6670ed15,0,정상
4453,ddd9b3e6-b616-4838-8dfb-02bc6670ed15,0,정상
4454,ddd9b3e6-b616-4838-8dfb-02bc6670ed15,0,정상
4455,ddd9b3e6-b616-4838-8dfb-02bc6670ed15,0,정상
4456,ddd9b3e6-b616-4838-8dfb-02bc6670ed15,0,정상
4457,ddd9b3e6-b616-4838-8dfb-02bc6670ed15,0,정상
4458,ddd9b3e6-b616-4838-8dfb-02bc6670ed15,0,정상
4459,ddd9b3e6-b616-4838-8dfb-02bc6670ed15,0,정상
4460,ddd9b3e6-b616-4838-8dfb-02bc6670ed15,0,정상
4461,ddd9b3e6-b616-4838-8dfb-02bc6670ed15,0,정상
4462,ddd9b3e6-b616-4838-8dfb-02bc6670ed15,1,R005_심야대액
4463,ddd9b3e6-b616-4838-8dfb-02bc6670ed15,0,정상
4464,ddd9b3e6-b616-4838-8dfb-02bc6670ed15,0,정상
4465,ddd9b3e6-b616-4838-8dfb-02bc6670ed15,0,정상
4466,ddd9b3e6-b616-4838-8dfb-02bc6670ed15,0,정상
4467,ddd9b3e6-b616-4838-8dfb-02bc6670ed15,0,정상
4468,ddd9b3e6-b616-4838-8dfb-02bc6670ed15,0,정상
4469,ddd9b3e6-b616-4838-8dfb-02bc6670ed15,0,정상
4470,ddd9b3e6-b616-4838-8dfb-02bc6670ed15,0,정상
4471,ddd9b3e6-b616-4838-8dfb-02bc6670ed15,0,정상
4472,ddd9b3e6-b616-4838-8dfb-02bc6670ed15,0,정상
4473,de30f39f-72a8-47ed-b600-4c4d2f5a6a1b,0,정상
4474,de30f39f-72a8-47ed-b600-4c4d2f5a6a1b,0,정상
4475,de30f39f-72a8-47ed-b600-4c4d2f5a6a1b,0,정상
4476,de30f39f-72a8-47ed-b600-4c4d2f5a6a1b,0,정상
4477,de30f39f-72a8-47ed-b600-4c4d2f5a6a1b,0,정상
4478,de30f39f-72a8-47ed-b600-4c4d2f5a6a1b,0,정상
4479,de30f39f-72a8-47ed-b600-4c4d2f5a6a1b,0,정상
4480,de30f39f-72a8-47ed-b600-4c4d2f5a6a1b,0,정상
4481,de30f39f-72a8-47ed-b600-4c4d2f5a6a1b,0,정상
4482,de30f39f-72a8-47ed-b600-4c4d2f5a6a1b,0,정상
4483,de30f39f-72a8-47ed-b600-4c4d2f5a6a1b,0,정상
4484,de30f39f-72a8-47ed-b600-4c4d2f5a6a1b,0,정상
4485,de30f39f-72a8-47ed-b600-4c4d2f5a6a1b,0,정상
4486,de30f39f-72a8-47ed-b600-4c4d2f5a6a1b,0,정상
4487,de30f39f-72a8-47ed-b600-4c4d2f5a6a1b,0,정상
4488,de30f39f-72a8-47ed-b600-4c4d2f5a6a1b,0,정상
4489,de30f39f-72a8-47ed-b600-4c4d2f5a6a1b,0,정상
4490,de30f39f-72a8-47ed-b600-4c4d2f5a6a1b,0,정상
4491,de30f39f-72a8-47ed-b600-4c4d2f5a6a1b,0,정상
4492,de30f39f-72a8-47ed-b600-4c4d2f5a6a1b,0,정상
4493,de30f39f-72a8-47ed-b600-4c4d2f5a6a1b,0,정상
4494,de30f39f-72a8-47ed-b600-4c4d2f5a6a1b,0,정상
4495,de30f39f-72a8-47ed-b600-4c4d2f5a6a1b,1,R006_단기반복
4496,de30f39f-72a8-47ed-b600-4c4d2f5a6a1b,1,R006_단기반복
4497,de30f39f-72a8-47ed-b600-4c4d2f5a6a1b,1,R006_단기반복
4498,de30f39f-72a8-47ed-b600-4c4d2f5a6a1b,0,정상
4499,de30f39f-72a8-47ed-b600-4c4d2f5a6a1b,0,정상
4500,de30f39f-72a8-47ed-b600-4c4d2f5a6a1b,0,정상
4501,de30f39f-72a8-47ed-b600-4c4d2f5a6a1b,0,정상
4502,de30f39f-72a8-47ed-b600-4c4d2f5a6a1b,0,정상
4503,de30f39f-72a8-47ed-b600-4c4d2f5a6a1b,0,정상
4504,de30f39f-72a8-47ed-b600-4c4d2f5a6a1b,0,정상
4505,de30f39f-72a8-47ed-b600-4c4d2f5a6a1b,0,정상
4506,de30f39f-72a8-47ed-b600-4c4d2f5a6a1b,0,정상
4507,de30f39f-72a8-47ed-b600-4c4d2f5a6a1b,0,정상
4508,de30f39f-72a8-47ed-b600-4c4d2f5a6a1b,0,정상
4509,de30f39f-72a8-47ed-b600-4c4d2f5a6a1b,0,정상
4510,de30f39f-72a8-47ed-b600-4c4d2f5a6a1b,0,정상
4511,de30f39f-72a8-47ed-b600-4c4d2f5a6a1b,0,정상
4512,de30f39f-72a8-47ed-b600-4c4d2f5a6a1b,0,정상
4513,de30f39f-72a8-47ed-b600-4c4d2f5a6a1b,0,정상
4514,de30f39f-72a8-47ed-b600-4c4d2f5a6a1b,0,정상
4515,de30f39f-72a8-47ed-b600-4c4d2f5a6a1b,0,정상
4516,de30f39f-72a8-47ed-b600-4c4d2f5a6a1b,0,정상
4517,de30f39f-72a8-47ed-b600-4c4d2f5a6a1b,0,정상
4518,de30f39f-72a8-47ed-b600-4c4d2f5a6a1b,0,정상
4519,de30f39f-72a8-47ed-b600-4c4d2f5a6a1b,0,정상
4520,de30f39f-72a8-47ed-b600-4c4d2f5a6a1b,0,정상
4521,de30f39f-72a8-47ed-b600-4c4d2f5a6a1b,0,정상
4522,de30f39f-72a8-47ed-b600-4c4d2f5a6a1b,1,R00y_신규기기
4523,de30f39f-72a8-47ed-b600-4c4d2f5a6a1b,0,정상
4524,de30f39f-72a8-47ed-b600-4c4d2f5a6a1b,0,정상
4525,de30f39f-72a8-47ed-b600-4c4d2f5a6a1b,0,정상
4526,de30f39f-72a8-47ed-b600-4c4d2f5a6a1b,0,정상
4527,de30f39f-72a8-47ed-b600-4c4d2f5a6a1b,0,정상
4528,de30f39f-72a8-47ed-b600-4c4d2f5a6a1b,0,정상
4529,de30f39f-72a8-47ed-b600-4c4d2f5a6a1b,0,정상
4530,de30f39f-72a8-47ed-b600-4c4d2f5a6a1b,0,정상
4531,de30f39f-72a8-47ed-b600-4c4d2f5a6a1b,0,정상
4532,de30f39f-72a8-47ed-b600-4c4d2f5a6a1b,0,정상
4533,de30f39f-72a8-47ed-b600-4c4d2f5a6a1b,0,정상
4534,de30f39f-72a8-47ed-b600-4c4d2f5a6a1b,1,R001_단일한도초과
4535,de30f39f-72a8-47ed-b600-4c4d2f5a6a1b,0,정상
4536,de30f39f-72a8-47ed-b600-4c4d2f5a6a1b,0,정상
4537,de30f39f-72a8-47ed-b600-4c4d2f5a6a1b,0,정상
4538,de30f39f-72a8-47ed-b600-4c4d2f5a6a1b,1,R007_해외결제
4539,de30f39f-72a8-47ed-b600-4c4d2f5a6a1b,0,정상
4540,de30f39f-72a8-47ed-b600-4c4d2f5a6a1b,0,정상
4541,de30f39f-72a8-47ed-b600-4c4d2f5a6a1b,0,정상
4542,de30f39f-72a8-47ed-b600-4c4d2f5a6a1b,0,정상
4543,de30f39f-72a8-47ed-b600-4c4d2f5a6a1b,0,정상
4544,de30f39f-72a8-47ed-b600-4c4d2f5a6a1b,0,정상
4545,de30f39f-72a8-47ed-b600-4c4d2f5a6a1b,0,정상
4546,de30f39f-72a8-47ed-b600-4c4d2f5a6a1b,0,정상
4547,de30f39f-72a8-47ed-b600-4c4d2f5a6a1b,0,정상
4548,de30f39f-72a8-47ed-b600-4c4d2f5a6a1b,1,R005_심야대액
4549,de30f39f-72a8-47ed-b600-4c4d2f5a6a1b,0,정상
4550,de30f39f-72a8-47ed-b600-4c4d2f5a6a1b,0,정상
4551,de30f39f-72a8-47ed-b600-4c4d2f5a6a1b,0,정상
4552,de30f39f-72a8-47ed-b600-4c4d2f5a6a1b,0,정상
4553,de30f39f-72a8-47ed-b600-4c4d2f5a6a1b,0,정상
4554,de30f39f-72a8-47ed-b600-4c4d2f5a6a1b,0,정상
4555,de30f39f-72a8-47ed-b600-4c4d2f5a6a1b,0,정상
4556,de30f39f-72a8-47ed-b600-4c4d2f5a6a1b,0,정상
4557,de30f39f-72a8-47ed-b600-4c4d2f5a6a1b,0,정상
4558,de30f39f-72a8-47ed-b600-4c4d2f5a6a1b,0,정상
4559,de30f39f-72a8-47ed-b600-4c4d2f5a6a1b,0,정상
4560,de30f39f-72a8-47ed-b600-4c4d2f5a6a1b,0,정상
4561,de30f39f-72a8-47ed-b600-4c4d2f5a6a1b,0,정상
4562,de30f39f-72a8-47ed-b600-4c4d2f5a6a1b,0,정상
4563,de30f39f-72a8-47ed-b600-4c4d2f5a6a1b,0,정상
4564,de30f39f-72a8-47ed-b600-4c4d2f5a6a1b,0,정상
4565,de30f39f-72a8-47ed-b600-4c4d2f5a6a1b,0,정상
4566,de30f39f-72a8-47ed-b600-4c4d2f5a6a1b,0,정상
4567,de30f39f-72a8-47ed-b600-4c4d2f5a6a1b,0,정상
4568,de30f39f-72a8-47ed-b600-4c4d2f5a6a1b,0,정상
4569,de30f39f-72a8-47ed-b600-4c4d2f5a6a1b,1,R005_심야대액
4570,de30f39f-72a8-47ed-b600-4c4d2f5a6a1b,0,정상
4571,de30f39f-72a8-47ed-b600-4c4d2f5a6a1b,0,정상
4572,de30f39f-72a8-47ed-b600-4c4d2f5a6a1b,0,정상
4573,de30f39f-72a8-47ed-b600-4c4d2f5a6a1b,0,정상
4574,de30f39f-72a8-47ed-b600-4c4d2f5a6a1b,0,정상
4575,de30f39f-72a8-47ed-b600-4c4d2f5a6a1b,0,정상
4576,de30f39f-72a8-47ed-b600-4c4d2f5a6a1b,0,정상
4577,de30f39f-72a8-47ed-b600-4c4d2f5a6a1b,0,정상
4578,de30f39f-72a8-47ed-b600-4c4d2f5a6a1b,0,정상
4579,de30f39f-72a8-47ed-b600-4c4d2f5a6a1b,0,정상
4580,de30f39f-72a8-47ed-b600-4c4d2f5a6a1b,0,정상
4581,de30f39f-72a8-47ed-b600-4c4d2f5a6a1b,0,정상
4582,de30f39f-72a8-47ed-b600-4c4d2f5a6a1b,0,정상
4583,de30f39f-72a8-47ed-b600-4c4d2f5a6a1b,0,정상
4584,de30f39f-72a8-47ed-b600-4c4d2f5a6a1b,0,정상
4585,de30f39f-72a8-47ed-b600-4c4d2f5a6a1b,0,정상
4586,de30f39f-72a8-47ed-b600-4c4d2f5a6a1b,0,정상
4587,de30f39f-72a8-47ed-b600-4c4d2f5a6a1b,0,정상
4588,de30f39f-72a8-47ed-b600-4c4d2f5a6a1b,0,정상
4589,de30f39f-72a8-47ed-b600-4c4d2f5a6a1b,0,정상
4590,de30f39f-72a8-47ed-b600-4c4d2f5a6a1b,0,정상
4591,de30f39f-72a8-47ed-b600-4c4d2f5a6a1b,0,정상
4592,de30f39f-72a8-47ed-b600-4c4d2f5a6a1b,0,정상
4593,de30f39f-72a8-47ed-b600-4c4d2f5a6a1b,0,정상
4594,de30f39f-72a8-47ed-b600-4c4d2f5a6a1b,0,정상
4595,de30f39f-72a8-47ed-b600-4c4d2f5a6a1b,0,정상
4596,de30f39f-72a8-47ed-b600-4c4d2f5a6a1b,0,정상
4597,de30f39f-72a8-47ed-b600-4c4d2f5a6a1b,0,정상
4598,de30f39f-72a8-47ed-b600-4c4d2f5a6a1b,0,정상
4599,de30f39f-72a8-47ed-b600-4c4d2f5a6a1b,0,정상
4600,de30f39f-72a8-47ed-b600-4c4d2f5a6a1b,0,정상
4601,de30f39f-72a8-47ed-b600-4c4d2f5a6a1b,0,정상
4602,de30f39f-72a8-47ed-b600-4c4d2f5a6a1b,1,R00x_위치급변
4603,de30f39f-72a8-47ed-b600-4c4d2f5a6a1b,0,정상
4604,de30f39f-72a8-47ed-b600-4c4d2f5a6a1b,0,정상
4605,de30f39f-72a8-47ed-b600-4c4d2f5a6a1b,0,정상
4606,de30f39f-72a8-47ed-b600-4c4d2f5a6a1b,0,정상
4607,e08dd594-a081-450f-aea8-b0007fd89885,0,정상
4608,e08dd594-a081-450f-aea8-b0007fd89885,0,정상
4609,e08dd594-a081-450f-aea8-b0007fd89885,0,정상
4610,e08dd594-a081-450f-aea8-b0007fd89885,0,정상
4611,e08dd594-a081-450f-aea8-b0007fd89885,0,정상
4612,e08dd594-a081-450f-aea8-b0007fd89885,0,정상
4613,e08dd594-a081-450f-aea8-b0007fd89885,0,정상
4614,e08dd594-a081-450f-aea8-b0007fd89885,0,정상
4615,e08dd594-a081-450f-aea8-b0007fd89885,0,정상
4616,e08dd594-a081-450f-aea8-b0007fd89885,0,정상
4617,e08dd594-a081-450f-aea8-b0007fd89885,0,정상
4618,e08dd594-a081-450f-aea8-b0007fd89885,0,정상
4619,e08dd594-a081-450f-aea8-b0007fd89885,0,정상
4620,e08dd594-a081-450f-aea8-b0007fd89885,0,정상
4621,e08dd594-a081-450f-aea8-b0007fd89885,0,정상
4622,e08dd594-a081-450f-aea8-b0007fd89885,1,R005_심야대액
4623,e08dd594-a081-450f-aea8-b0007fd89885,0,정상
4624,e08dd594-a081-450f-aea8-b0007fd89885,0,정상
4625,e08dd594-a081-450f-aea8-b0007fd89885,0,정상
4626,e08dd594-a081-450f-aea8-b0007fd89885,0,정상
4627,e08dd594-a081-450f-aea8-b0007fd89885,0,정상
4628,e08dd594-a081-450f-aea8-b0007fd89885,0,정상
4629,e08dd594-a081-450f-aea8-b0007fd89885,0,정상
4630,e08dd594-a081-450f-aea8-b0007fd89885,0,정상
4631,e08dd594-a081-450f-aea8-b0007fd89885,0,정상
4632,e08dd594-a081-450f-aea8-b0007fd89885,0,정상
4633,e08dd594-a081-450f-aea8-b0007fd89885,0,정상
4634,e08dd594-a081-450f-aea8-b0007fd89885,0,정상
4635,e08dd594-a081-450f-aea8-b0007fd89885,0,정상
4636,e08dd594-a081-450f-aea8-b0007fd89885,0,정상
4637,e08dd594-a081-450f-aea8-b0007fd89885,0,정상
4638,e08dd594-a081-450f-aea8-b0007fd89885,0,정상
4639,e08dd594-a081-450f-aea8-b0007fd89885,0,정상
4640,e08dd594-a081-450f-aea8-b0007fd89885,0,정상
4641,e08dd594-a081-450f-aea8-b0007fd89885,0,정상
4642,e08dd594-a081-450f-aea8-b0007fd89885,0,정상
4643,e08dd594-a081-450f-aea8-b0007fd89885,0,정상
4644,e08dd594-a081-450f-aea8-b0007fd89885,0,정상
4645,e08dd594-a081-450f-aea8-b0007fd89885,0,정상
4646,e08dd594-a081-450f-aea8-b0007fd89885,0,정상
4647,e08dd594-a081-450f-aea8-b0007fd89885,0,정상
4648,e08dd594-a081-450f-aea8-b0007fd89885,0,정상
4649,e08dd594-a081-450f-aea8-b0007fd89885,0,정상
4650,e08dd594-a081-450f-aea8-b0007fd89885,0,정상
4651,e08dd594-a081-450f-aea8-b0007fd89885,0,정상
4652,e08dd594-a081-450f-aea8-b0007fd89885,1,R005_심야대액
4653,e08dd594-a081-450f-aea8-b0007fd89885,0,정상
4654,e08dd594-a081-450f-aea8-b0007fd89885,0,정상
4655,e08dd594-a081-450f-aea8-b0007fd89885,0,정상
4656,e08dd594-a081-450f-aea8-b0007fd89885,0,정상
4657,e08dd594-a081-450f-aea8-b0007fd89885,0,정상
4658,e08dd594-a081-450f-aea8-b0007fd89885,0,정상
4659,e08dd594-a081-450f-aea8-b0007fd89885,0,정상
4660,e08dd594-a081-450f-aea8-b0007fd89885,0,정상
4661,e08dd594-a081-450f-aea8-b0007fd89885,0,정상
4662,e08dd594-a081-450f-aea8-b0007fd89885,1,R001_단일한도초과
4663,e08dd594-a081-450f-aea8-b0007fd89885,0,정상
4664,e08dd594-a081-450f-aea8-b0007fd89885,0,정상
4665,e08dd594-a081-450f-aea8-b0007fd89885,0,정상
4666,e08dd594-a081-450f-aea8-b0007fd89885,0,정상
4667,e08dd594-a081-450f-aea8-b0007fd89885,0,정상
4668,e08dd594-a081-450f-aea8-b0007fd89885,0,정상
4669,e08dd594-a081-450f-aea8-b0007fd89885,0,정상
4670,e08dd594-a081-450f-aea8-b0007fd89885,0,정상
4671,e08dd594-a081-450f-aea8-b0007fd89885,0,정상
4672,e08dd594-a081-450f-aea8-b0007fd89885,0,정상
4673,e08dd594-a081-450f-aea8-b0007fd89885,0,정상
4674,e08dd594-a081-450f-aea8-b0007fd89885,0,정상
4675,e08dd594-a081-450f-aea8-b0007fd89885,0,정상
4676,e08dd594-a081-450f-aea8-b0007fd89885,0,정상
4677,e08dd594-a081-450f-aea8-b0007fd89885,0,정상
4678,e08dd594-a081-450f-aea8-b0007fd89885,0,정상
4679,e08dd594-a081-450f-aea8-b0007fd89885,0,정상
4680,e08dd594-a081-450f-aea8-b0007fd89885,0,정상
4681,e08dd594-a081-450f-aea8-b0007fd89885,1,R006_단기반복
4682,e08dd594-a081-450f-aea8-b0007fd89885,1,R006_단기반복
4683,e08dd594-a081-450f-aea8-b0007fd89885,1,R006_단기반복
4684,e08dd594-a081-450f-aea8-b0007fd89885,0,정상
4685,e08dd594-a081-450f-aea8-b0007fd89885,0,정상
4686,e08dd594-a081-450f-aea8-b0007fd89885,0,정상
4687,e08dd594-a081-450f-aea8-b0007fd89885,0,정상
4688,e08dd594-a081-450f-aea8-b0007fd89885,0,정상
4689,e08dd594-a081-450f-aea8-b0007fd89885,0,정상
4690,e08dd594-a081-450f-aea8-b0007fd89885,0,정상
4691,e08dd594-a081-450f-aea8-b0007fd89885,0,정상
4692,e08dd594-a081-450f-aea8-b0007fd89885,0,정상
4693,e08dd594-a081-450f-aea8-b0007fd89885,0,정상
4694,e08dd594-a081-450f-aea8-b0007fd89885,0,정상
4695,e08dd594-a081-450f-aea8-b0007fd89885,0,정상
4696,e08dd594-a081-450f-aea8-b0007fd89885,0,정상
4697,e08dd594-a081-450f-aea8-b0007fd89885,0,정상
4698,e08dd594-a081-450f-aea8-b0007fd89885,0,정상
4699,e08dd594-a081-450f-aea8-b0007fd89885,0,정상
4700,e08dd594-a081-450f-aea8-b0007fd89885,0,정상
4701,e08dd594-a081-450f-aea8-b0007fd89885,0,정상
4702,e08dd594-a081-450f-aea8-b0007fd89885,0,정상
4703,e08dd594-a081-450f-aea8-b0007fd89885,0,정상
4704,e08dd594-a081-450f-aea8-b0007fd89885,0,정상
4705,e08dd594-a081-450f-aea8-b0007fd89885,0,정상
4706,e08dd594-a081-450f-aea8-b0007fd89885,0,정상
4707,e08dd594-a081-450f-aea8-b0007fd89885,0,정상
4708,e08dd594-a081-450f-aea8-b0007fd89885,0,정상
4709,e08dd594-a081-450f-aea8-b0007fd89885,0,정상
4710,e08dd594-a081-450f-aea8-b0007fd89885,0,정상
4711,e08dd594-a081-450f-aea8-b0007fd89885,0,정상
4712,e08dd594-a081-450f-aea8-b0007fd89885,0,정상
4713,e08dd594-a081-450f-aea8-b0007fd89885,0,정상
4714,e08dd594-a081-450f-aea8-b0007fd89885,0,정상
4715,e08dd594-a081-450f-aea8-b0007fd89885,0,정상
4716,e08dd594-a081-450f-aea8-b0007fd89885,0,정상
4717,e08dd594-a081-450f-aea8-b0007fd89885,0,정상
4718,e08dd594-a081-450f-aea8-b0007fd89885,0,정상
4719,e08dd594-a081-450f-aea8-b0007fd89885,0,정상
4720,e08dd594-a081-450f-aea8-b0007fd89885,0,정상
4721,e08dd594-a081-450f-aea8-b0007fd89885,0,정상
4722,e08dd594-a081-450f-aea8-b0007fd89885,0,정상
4723,e08dd594-a081-450f-aea8-b0007fd89885,0,정상
4724,e08dd594-a081-450f-aea8-b0007fd89885,0,정상
4725,e08dd594-a081-450f-aea8-b0007fd89885,0,정상
4726,e08dd594-a081-450f-aea8-b0007fd89885,0,정상
4727,e08dd594-a081-450f-aea8-b0007fd89885,0,정상
4728,e08dd594-a081-450f-aea8-b0007fd89885,0,정상
4729,e08dd594-a081-450f-aea8-b0007fd89885,0,정상
4730,e8b7ab74-be92-4ef6-833a-dbb63e514bdc,0,정상
4731,e8b7ab74-be92-4ef6-833a-dbb63e514bdc,0,정상
4732,e8b7ab74-be92-4ef6-833a-dbb63e514bdc,0,정상
4733,e8b7ab74-be92-4ef6-833a-dbb63e514bdc,0,정상
4734,e8b7ab74-be92-4ef6-833a-dbb63e514bdc,0,정상
4735,e8b7ab74-be92-4ef6-833a-dbb63e514bdc,0,정상
4736,e8b7ab74-be92-4ef6-833a-dbb63e514bdc,0,정상
4737,e8b7ab74-be92-4ef6-833a-dbb63e514bdc,0,정상
4738,e8b7ab74-be92-4ef6-833a-dbb63e514bdc,0,정상
4739,e8b7ab74-be92-4ef6-833a-dbb63e514bdc,0,정상
4740,e8b7ab74-be92-4ef6-833a-dbb63e514bdc,0,정상
4741,e8b7ab74-be92-4ef6-833a-dbb63e514bdc,0,정상
4742,e8b7ab74-be92-4ef6-833a-dbb63e514bdc,0,정상
4743,e8b7ab74-be92-4ef6-833a-dbb63e514bdc,0,정상
4744,e8b7ab74-be92-4ef6-833a-dbb63e514bdc,0,정상
4745,e8b7ab74-be92-4ef6-833a-dbb63e514bdc,0,정상
4746,e8b7ab74-be92-4ef6-833a-dbb63e514bdc,0,정상
4747,e8b7ab74-be92-4ef6-833a-dbb63e514bdc,0,정상
4748,e8b7ab74-be92-4ef6-833a-dbb63e514bdc,0,정상
4749,e8b7ab74-be92-4ef6-833a-dbb63e514bdc,0,정상
4750,e8b7ab74-be92-4ef6-833a-dbb63e514bdc,0,정상
4751,e8b7ab74-be92-4ef6-833a-dbb63e514bdc,0,정상
4752,e8b7ab74-be92-4ef6-833a-dbb63e514bdc,0,정상
4753,e8b7ab74-be92-4ef6-833a-dbb63e514bdc,0,정상
4754,e8b7ab74-be92-4ef6-833a-dbb63e514bdc,0,정상
4755,e8b7ab74-be92-4ef6-833a-dbb63e514bdc,0,정상
4756,e8b7ab74-be92-4ef6-833a-dbb63e514bdc,0,정상
4757,e8b7ab74-be92-4ef6-833a-dbb63e514bdc,0,정상
4758,e8b7ab74-be92-4ef6-833a-dbb63e514bdc,1,R005_심야대액
4759,e8b7ab74-be92-4ef6-833a-dbb63e514bdc,0,정상
4760,e8b7ab74-be92-4ef6-833a-dbb63e514bdc,0,정상
4761,e8b7ab74-be92-4ef6-833a-dbb63e514bdc,0,정상
4762,e8b7ab74-be92-4ef6-833a-dbb63e514bdc,0,정상
4763,e8b7ab74-be92-4ef6-833a-dbb63e514bdc,0,정상
4764,e8b7ab74-be92-4ef6-833a-dbb63e514bdc,0,정상
4765,e8b7ab74-be92-4ef6-833a-dbb63e514bdc,0,정상
4766,e8b7ab74-be92-4ef6-833a-dbb63e514bdc,0,정상
4767,e8b7ab74-be92-4ef6-833a-dbb63e514bdc,0,정상
4768,e8b7ab74-be92-4ef6-833a-dbb63e514bdc,0,정상
4769,e8b7ab74-be92-4ef6-833a-dbb63e514bdc,0,정상
4770,e8b7ab74-be92-4ef6-833a-dbb63e514bdc,0,정상
4771,e8b7ab74-be92-4ef6-833a-dbb63e514bdc,0,정상
4772,e8b7ab74-be92-4ef6-833a-dbb63e514bdc,0,정상
4773,e8b7ab74-be92-4ef6-833a-dbb63e514bdc,0,정상
4774,e8b7ab74-be92-4ef6-833a-dbb63e514bdc,0,정상
4775,e8b7ab74-be92-4ef6-833a-dbb63e514bdc,0,정상
4776,e8b7ab74-be92-4ef6-833a-dbb63e514bdc,0,정상
4777,e8b7ab74-be92-4ef6-833a-dbb63e514bdc,0,정상
4778,e8b7ab74-be92-4ef6-833a-dbb63e514bdc,0,정상
4779,e8b7ab74-be92-4ef6-833a-dbb63e514bdc,0,정상
4780,e8b7ab74-be92-4ef6-833a-dbb63e514bdc,0,정상
4781,e8b7ab74-be92-4ef6-833a-dbb63e514bdc,0,정상
4782,e8b7ab74-be92-4ef6-833a-dbb63e514bdc,0,정상
4783,e8b7ab74-be92-4ef6-833a-dbb63e514bdc,0,정상
4784,e8b7ab74-be92-4ef6-833a-dbb63e514bdc,0,정상
4785,e8b7ab74-be92-4ef6-833a-dbb63e514bdc,0,정상
4786,e8b7ab74-be92-4ef6-833a-dbb63e514bdc,0,정상
4787,e8b7ab74-be92-4ef6-833a-dbb63e514bdc,0,정상
4788,e8b7ab74-be92-4ef6-833a-dbb63e514bdc,0,정상
4789,e8b7ab74-be92-4ef6-833a-dbb63e514bdc,0,정상
4790,e8b7ab74-be92-4ef6-833a-dbb63e514bdc,1,R005_심야대액
4791,e8b7ab74-be92-4ef6-833a-dbb63e514bdc,0,정상
4792,e8b7ab74-be92-4ef6-833a-dbb63e514bdc,0,정상
4793,e8b7ab74-be92-4ef6-833a-dbb63e514bdc,0,정상
4794,e8b7ab74-be92-4ef6-833a-dbb63e514bdc,0,정상
4795,e8b7ab74-be92-4ef6-833a-dbb63e514bdc,0,정상
4796,e8b7ab74-be92-4ef6-833a-dbb63e514bdc,0,정상
4797,e8b7ab74-be92-4ef6-833a-dbb63e514bdc,0,정상
4798,e8b7ab74-be92-4ef6-833a-dbb63e514bdc,0,정상
4799,e8b7ab74-be92-4ef6-833a-dbb63e514bdc,0,정상
4800,e8b7ab74-be92-4ef6-833a-dbb63e514bdc,0,정상
4801,e8b7ab74-be92-4ef6-833a-dbb63e514bdc,0,정상
4802,e8b7ab74-be92-4ef6-833a-dbb63e514bdc,0,정상
4803,e8b7ab74-be92-4ef6-833a-dbb63e514bdc,0,정상
4804,e8b7ab74-be92-4ef6-833a-dbb63e514bdc,0,정상
4805,e8b7ab74-be92-4ef6-833a-dbb63e514bdc,1,R005_심야대액
4806,e8b7ab74-be92-4ef6-833a-dbb63e514bdc,0,정상
4807,e8b7ab74-be92-4ef6-833a-dbb63e514bdc,0,정상
4808,e8b7ab74-be92-4ef6-833a-dbb63e514bdc,0,정상
4809,e8b7ab74-be92-4ef6-833a-dbb63e514bdc,0,정상
4810,e8b7ab74-be92-4ef6-833a-dbb63e514bdc,0,정상
4811,e8b7ab74-be92-4ef6-833a-dbb63e514bdc,0,정상
4812,e8b7ab74-be92-4ef6-833a-dbb63e514bdc,0,정상
4813,e8b7ab74-be92-4ef6-833a-dbb63e514bdc,0,정상
4814,e8b7ab74-be92-4ef6-833a-dbb63e514bdc,0,정상
4815,e8b7ab74-be92-4ef6-833a-dbb63e514bdc,0,정상
4816,e8b7ab74-be92-4ef6-833a-dbb63e514bdc,0,정상
4817,e8b7ab74-be92-4ef6-833a-dbb63e514bdc,0,정상
4818,e8b7ab74-be92-4ef6-833a-dbb63e514bdc,1,R00x_위치급변
4819,e8b7ab74-be92-4ef6-833a-dbb63e514bdc,0,정상
4820,e8b7ab74-be92-4ef6-833a-dbb63e514bdc,0,정상
4821,e8b7ab74-be92-4ef6-833a-dbb63e514bdc,0,정상
4822,e8b7ab74-be92-4ef6-833a-dbb63e514bdc,0,정상
4823,e8b7ab74-be92-4ef6-833a-dbb63e514bdc,0,정상
4824,e8b7ab74-be92-4ef6-833a-dbb63e514bdc,0,정상
4825,e8b7ab74-be92-4ef6-833a-dbb63e514bdc,0,정상
4826,e8b7ab74-be92-4ef6-833a-dbb63e514bdc,1,R001_단일한도초과
4827,e8b7ab74-be92-4ef6-833a-dbb63e514bdc,1,R005_심야대액
4828,e8b7ab74-be92-4ef6-833a-dbb63e514bdc,0,정상
4829,e8b7ab74-be92-4ef6-833a-dbb63e514bdc,0,정상
4830,e8b7ab74-be92-4ef6-833a-dbb63e514bdc,0,정상
4831,e8b7ab74-be92-4ef6-833a-dbb63e514bdc,0,정상
4832,e8b7ab74-be92-4ef6-833a-dbb63e514bdc,0,정상
4833,e8b7ab74-be92-4ef6-833a-dbb63e514bdc,0,정상
4834,e8b7ab74-be92-4ef6-833a-dbb63e514bdc,0,정상
4835,e8b7ab74-be92-4ef6-833a-dbb63e514bdc,1,R005_심야대액
4836,e8b7ab74-be92-4ef6-833a-dbb63e514bdc,0,정상
4837,e8b7ab74-be92-4ef6-833a-dbb63e514bdc,0,정상
4838,e8b7ab74-be92-4ef6-833a-dbb63e514bdc,0,정상
4839,e8b7ab74-be92-4ef6-833a-dbb63e514bdc,1,R005_심야대액
4840,e8b7ab74-be92-4ef6-833a-dbb63e514bdc,0,정상
4841,e8b7ab74-be92-4ef6-833a-dbb63e514bdc,0,정상
4842,e8b7ab74-be92-4ef6-833a-dbb63e514bdc,0,정상
4843,e8b7ab74-be92-4ef6-833a-dbb63e514bdc,0,정상
4844,e8b7ab74-be92-4ef6-833a-dbb63e514bdc,0,정상
4845,e8b7ab74-be92-4ef6-833a-dbb63e514bdc,0,정상
4846,e8b7ab74-be92-4ef6-833a-dbb63e514bdc,1,R00x_위치급변
4847,f1d2fec9-24d2-4179-b02f-60c22abfa198,0,정상
4848,f1d2fec9-24d2-4179-b02f-60c22abfa198,0,정상
4849,f1d2fec9-24d2-4179-b02f-60c22abfa198,0,정상
4850,f1d2fec9-24d2-4179-b02f-60c22abfa198,0,정상
4851,f1d2fec9-24d2-4179-b02f-60c22abfa198,0,정상
4852,f1d2fec9-24d2-4179-b02f-60c22abfa198,0,정상
4853,f1d2fec9-24d2-4179-b02f-60c22abfa198,0,정상
4854,f1d2fec9-24d2-4179-b02f-60c22abfa198,0,정상
4855,f1d2fec9-24d2-4179-b02f-60c22abfa198,0,정상
4856,f1d2fec9-24d2-4179-b02f-60c22abfa198,1,R005_심야대액
4857,f1d2fec9-24d2-4179-b02f-60c22abfa198,0,정상
4858,f1d2fec9-24d2-4179-b02f-60c22abfa198,0,정상
4859,f1d2fec9-24d2-4179-b02f-60c22abfa198,0,정상
4860,f1d2fec9-24d2-4179-b02f-60c22abfa198,0,정상
4861,f1d2fec9-24d2-4179-b02f-60c22abfa198,0,정상
4862,f1d2fec9-24d2-4179-b02f-60c22abfa198,0,정상
4863,f1d2fec9-24d2-4179-b02f-60c22abfa198,0,정상
4864,f1d2fec9-24d2-4179-b02f-60c22abfa198,0,정상
4865,f1d2fec9-24d2-4179-b02f-60c22abfa198,0,정상
4866,f1d2fec9-24d2-4179-b02f-60c22abfa198,0,정상
4867,f1d2fec9-24d2-4179-b02f-60c22abfa198,0,정상
4868,f1d2fec9-24d2-4179-b02f-60c22abfa198,0,정상
4869,f1d2fec9-24d2-4179-b02f-60c22abfa198,0,정상
4870,f1d2fec9-24d2-4179-b02f-60c22abfa198,0,정상
4871,f1d2fec9-24d2-4179-b02f-60c22abfa198,0,정상
4872,f1d2fec9-24d2-4179-b02f-60c22abfa198,0,정상
4873,f1d2fec9-24d2-4179-b02f-60c22abfa198,0,정상
4874,f1d2fec9-24d2-4179-b02f-60c22abfa198,0,정상
4875,f1d2fec9-24d2-4179-b02f-60c22abfa198,0,정상
4876,f1d2fec9-24d2-4179-b02f-60c22abfa198,0,정상
4877,f1d2fec9-24d2-4179-b02f-60c22abfa198,0,정상
4878,f1d2fec9-24d2-4179-b02f-60c22abfa198,0,정상
4879,f1d2fec9-24d2-4179-b02f-60c22abfa198,0,정상
4880,f1d2fec9-24d2-4179-b02f-60c22abfa198,0,정상
4881,f1d2fec9-24d2-4179-b02f-60c22abfa198,0,정상
4882,f1d2fec9-24d2-4179-b02f-60c22abfa198,0,정상
4883,f1d2fec9-24d2-4179-b02f-60c22abfa198,0,정상
4884,f1d2fec9-24d2-4179-b02f-60c22abfa198,0,정상
4885,f1d2fec9-24d2-4179-b02f-60c22abfa198,0,정상
4886,f1d2fec9-24d2-4179-b02f-60c22abfa198,0,정상
4887,f1d2fec9-24d2-4179-b02f-60c22abfa198,0,정상
4888,f1d2fec9-24d2-4179-b02f-60c22abfa198,0,정상
4889,f1d2fec9-24d2-4179-b02f-60c22abfa198,0,정상
4890,f1d2fec9-24d2-4179-b02f-60c22abfa198,0,정상
4891,f1d2fec9-24d2-4179-b02f-60c22abfa198,0,정상
4892,f1d2fec9-24d2-4179-b02f-60c22abfa198,0,정상
4893,f1d2fec9-24d2-4179-b02f-60c22abfa198,1,R005_심야대액
4894,f1d2fec9-24d2-4179-b02f-60c22abfa198,0,정상
4895,f1d2fec9-24d2-4179-b02f-60c22abfa198,0,정상
4896,f1d2fec9-24d2-4179-b02f-60c22abfa198,0,정상
4897,f1d2fec9-24d2-4179-b02f-60c22abfa198,0,정상
4898,f1d2fec9-24d2-4179-b02f-60c22abfa198,0,정상
4899,f1d2fec9-24d2-4179-b02f-60c22abfa198,0,정상
4900,f1d2fec9-24d2-4179-b02f-60c22abfa198,0,정상
4901,f1d2fec9-24d2-4179-b02f-60c22abfa198,0,정상
4902,f1d2fec9-24d2-4179-b02f-60c22abfa198,0,정상
4903,f1d2fec9-24d2-4179-b02f-60c22abfa198,0,정상
4904,f1d2fec9-24d2-4179-b02f-60c22abfa198,0,정상
4905,f1d2fec9-24d2-4179-b02f-60c22abfa198,0,정상
4906,f1d2fec9-24d2-4179-b02f-60c22abfa198,0,정상
4907,f1d2fec9-24d2-4179-b02f-60c22abfa198,0,정상
4908,f1d2fec9-24d2-4179-b02f-60c22abfa198,0,정상
4909,f1d2fec9-24d2-4179-b02f-60c22abfa198,0,정상
4910,f1d2fec9-24d2-4179-b02f-60c22abfa198,0,정상
4911,f1d2fec9-24d2-4179-b02f-60c22abfa198,0,정상
4912,f1d2fec9-24d2-4179-b02f-60c22abfa198,0,정상
4913,f1d2fec9-24d2-4179-b02f-60c22abfa198,0,정상
4914,f1d2fec9-24d2-4179-b02f-60c22abfa198,0,정상
4915,f1d2fec9-24d2-4179-b02f-60c22abfa198,0,정상
4916,f1d2fec9-24d2-4179-b02f-60c22abfa198,0,정상
4917,f1d2fec9-24d2-4179-b02f-60c22abfa198,0,정상
4918,f1d2fec9-24d2-4179-b02f-60c22abfa198,0,정상
4919,f1d2fec9-24d2-4179-b02f-60c22abfa198,0,정상
4920,f1d2fec9-24d2-4179-b02f-60c22abfa198,0,정상
4921,f1d2fec9-24d2-4179-b02f-60c22abfa198,0,정상
4922,f1d2fec9-24d2-4179-b02f-60c22abfa198,0,정상
4923,f1d2fec9-24d2-4179-b02f-60c22abfa198,0,정상
4924,f1d2fec9-24d2-4179-b02f-60c22abfa198,1,R007_해외결제
4925,f1d2fec9-24d2-4179-b02f-60c22abfa198,0,정상
4926,f1d2fec9-24d2-4179-b02f-60c22abfa198,0,정상
4927,f1d2fec9-24d2-4179-b02f-60c22abfa198,0,정상
4928,f1d2fec9-24d2-4179-b02f-60c22abfa198,0,정상
4929,f1d2fec9-24d2-4179-b02f-60c22abfa198,0,정상
4930,f1d2fec9-24d2-4179-b02f-60c22abfa198,0,정상
4931,f1d2fec9-24d2-4179-b02f-60c22abfa198,0,정상
4932,f1d2fec9-24d2-4179-b02f-60c22abfa198,0,정상
4933,f1d2fec9-24d2-4179-b02f-60c22abfa198,0,정상
4934,f1d2fec9-24d2-4179-b02f-60c22abfa198,0,정상
4935,f1d2fec9-24d2-4179-b02f-60c22abfa198,0,정상
4936,f1d2fec9-24d2-4179-b02f-60c22abfa198,0,정상
4937,f1d2fec9-24d2-4179-b02f-60c22abfa198,0,정상
4938,f1d2fec9-24d2-4179-b02f-60c22abfa198,0,정상
4939,f1d2fec9-24d2-4179-b02f-60c22abfa198,1,R005_심야대액
4940,f1d2fec9-24d2-4179-b02f-60c22abfa198,0,정상
4941,f1d2fec9-24d2-4179-b02f-60c22abfa198,0,정상
4942,f1d2fec9-24d2-4179-b02f-60c22abfa198,0,정상
4943,f1d2fec9-24d2-4179-b02f-60c22abfa198,0,정상
4944,f1d2fec9-24d2-4179-b02f-60c22abfa198,0,정상
4945,f1d2fec9-24d2-4179-b02f-60c22abfa198,0,정상
4946,f1d2fec9-24d2-4179-b02f-60c22abfa198,0,정상
4947,f1d2fec9-24d2-4179-b02f-60c22abfa198,0,정상
4948,f1d2fec9-24d2-4179-b02f-60c22abfa198,0,정상
4949,f1d2fec9-24d2-4179-b02f-60c22abfa198,0,정상
4950,f1d2fec9-24d2-4179-b02f-60c22abfa198,0,정상
4951,f1d2fec9-24d2-4179-b02f-60c22abfa198,0,정상
4952,f1d2fec9-24d2-4179-b02f-60c22abfa198,0,정상
4953,f1d2fec9-24d2-4179-b02f-60c22abfa198,0,정상
4954,f1d2fec9-24d2-4179-b02f-60c22abfa198,1,R005_심야대액
4955,f1d2fec9-24d2-4179-b02f-60c22abfa198,0,정상
4956,f1d2fec9-24d2-4179-b02f-60c22abfa198,0,정상
4957,f1d2fec9-24d2-4179-b02f-60c22abfa198,0,정상
4958,f1d2fec9-24d2-4179-b02f-60c22abfa198,0,정상
4959,f1d2fec9-24d2-4179-b02f-60c22abfa198,0,정상
4960,f1d2fec9-24d2-4179-b02f-60c22abfa198,0,정상
4961,f1d2fec9-24d2-4179-b02f-60c22abfa198,0,정상
4962,f1d2fec9-24d2-4179-b02f-60c22abfa198,0,정상
4963,f1d2fec9-24d2-4179-b02f-60c22abfa198,0,정상
4964,f1d2fec9-24d2-4179-b02f-60c22abfa198,1,R007_해외결제
4965,f1d2fec9-24d2-4179-b02f-60c22abfa198,0,정상
4966,f1d2fec9-24d2-4179-b02f-60c22abfa198,0,정상
4967,f1d2fec9-24d2-4179-b02f-60c22abfa198,0,정상
4968,f1d2fec9-24d2-4179-b02f-60c22abfa198,1,R005_심야대액
4969,f1d2fec9-24d2-4179-b02f-60c22abfa198,0,정상
4970,f1d2fec9-24d2-4179-b02f-60c22abfa198,0,정상
4971,f1d2fec9-24d2-4179-b02f-60c22abfa198,0,정상
4972,f1d2fec9-24d2-4179-b02f-60c22abfa198,0,정상
4973,f1d2fec9-24d2-4179-b02f-60c22abfa198,0,정상
4974,f1d2fec9-24d2-4179-b02f-60c22abfa198,0,정상
4975,f1d2fec9-24d2-4179-b02f-60c22abfa198,0,정상
4976,f1d2fec9-24d2-4179-b02f-60c22abfa198,0,정상
4977,f1d2fec9-24d2-4179-b02f-60c22abfa198,0,정상
4978,f1d2fec9-24d2-4179-b02f-60c22abfa198,0,정상
