row_no,user_id,amount,merchant_id,merchant_name,mcc_code,timestamp,latitude,longitude,country,device_id
1,054a8368-caf8-44cb-85df-12d9256a8ff2,21600,MCH-c563ceac18,맥도날드,5814,2026-05-26 11:25:00,36.478578,128.355636,KR,DEV-a104864052
2,054a8368-caf8-44cb-85df-12d9256a8ff2,261000,MCH-53b4838ce6,어도비(Adobe),5734,2026-05-27 18:17:00,36.433745,128.362597,KR,DEV-a104864052
3,054a8368-caf8-44cb-85df-12d9256a8ff2,19800,MCH-c563ceac18,맥도날드,5814,2026-05-28 14:14:00,36.449263,128.376388,KR,DEV-a104864052
4,054a8368-caf8-44cb-85df-12d9256a8ff2,17640,MCH-5df4849ce1,지하철,4111,2026-05-28 21:51:00,36.479942,128.392661,KR,DEV-a104864052
5,054a8368-caf8-44cb-85df-12d9256a8ff2,32400,MCH-e7751d42a2,올리브영,5977,2026-05-29 20:59:00,36.470101,128.356289,KR,DEV-b31a584c6e
6,054a8368-caf8-44cb-85df-12d9256a8ff2,5490,MCH-0d60345572,버스,4111,2026-05-30 11:39:00,36.47855,128.363211,KR,DEV-a104864052
7,054a8368-caf8-44cb-85df-12d9256a8ff2,99000,MCH-bed94775b8,패스트파이브,7011,2026-05-31 19:50:00,36.468861,128.384828,KR,DEV-a104864052
8,054a8368-caf8-44cb-85df-12d9256a8ff2,22500,MCH-a5c765e6ce,프리스비,5732,2026-05-31 21:22:00,36.452021,128.392583,KR,DEV-a104864052
9,054a8368-caf8-44cb-85df-12d9256a8ff2,20700,MCH-8e35d3c146,김밥천국,5812,2026-06-03 18:50:00,36.438683,128.374456,KR,DEV-a104864052
10,054a8368-caf8-44cb-85df-12d9256a8ff2,3870,MCH-5df4849ce1,지하철,4111,2026-06-04 08:22:00,36.455062,128.360032,KR,DEV-a104864052
11,054a8368-caf8-44cb-85df-12d9256a8ff2,10800,MCH-8e35d3c146,김밥천국,5812,2026-06-04 08:42:00,36.458499,128.370748,KR,DEV-a104864052
12,054a8368-caf8-44cb-85df-12d9256a8ff2,3690,MCH-5df4849ce1,지하철,4111,2026-06-05 10:39:00,36.461871,128.385983,KR,DEV-a104864052
13,054a8368-caf8-44cb-85df-12d9256a8ff2,189000,MCH-8fff18fdd2,노션,7372,2026-06-05 13:03:00,36.438632,128.39167,KR,DEV-a104864052
14,054a8368-caf8-44cb-85df-12d9256a8ff2,13410,MCH-06553b267c,카카오택시,4121,2026-06-06 10:26:00,36.452745,128.38983,KR,DEV-a104864052
15,054a8368-caf8-44cb-85df-12d9256a8ff2,50000,MCH-cf62dbb6a8,게임아이템_스토어,7994,2026-06-07 15:09:00,36.437554,128.37082,KR,DEV-a104864052
16,054a8368-caf8-44cb-85df-12d9256a8ff2,50000,MCH-cf62dbb6a8,게임아이템_스토어,7994,2026-06-07 15:10:00,36.437554,128.37082,KR,DEV-a104864052
17,054a8368-caf8-44cb-85df-12d9256a8ff2,50000,MCH-cf62dbb6a8,게임아이템_스토어,7994,2026-06-07 15:11:00,36.437554,128.37082,KR,DEV-a104864052
18,054a8368-caf8-44cb-85df-12d9256a8ff2,53100,MCH-ba944121a3,무신사,5651,2026-06-08 09:29:00,36.445934,128.374058,KR,DEV-a104864052
19,054a8368-caf8-44cb-85df-12d9256a8ff2,9270,MCH-0d60345572,버스,4111,2026-06-08 10:15:00,36.436678,128.38122,KR,DEV-a104864052
20,054a8368-caf8-44cb-85df-12d9256a8ff2,4320,MCH-06553b267c,카카오택시,4121,2026-06-08 11:13:00,36.462978,128.357986,KR,DEV-a104864052
21,054a8368-caf8-44cb-85df-12d9256a8ff2,650000,MCH-96930209b1,Amazon_US,5942,2026-06-10 00:56:00,36.478804,128.368928,UK,DEV-a104864052
22,054a8368-caf8-44cb-85df-12d9256a8ff2,13500,MCH-e7751d42a2,올리브영,5977,2026-06-13 17:21:00,36.470448,128.358051,KR,DEV-a104864052
23,054a8368-caf8-44cb-85df-12d9256a8ff2,12690,MCH-5b1162a765,KTX,4112,2026-06-13 18:22:00,36.44016,128.341806,KR,DEV-a104864052
24,054a8368-caf8-44cb-85df-12d9256a8ff2,89100,MCH-e7751d42a2,올리브영,5977,2026-06-16 13:58:00,36.471089,128.390176,KR,DEV-a104864052
25,054a8368-caf8-44cb-85df-12d9256a8ff2,8100,MCH-8e35d3c146,김밥천국,5812,2026-06-16 15:11:00,36.441623,128.362795,KR,DEV-a104864052
26,054a8368-caf8-44cb-85df-12d9256a8ff2,261000,MCH-8fff18fdd2,노션,7372,2026-06-16 19:08:00,36.479857,128.34615,KR,DEV-a104864052
27,054a8368-caf8-44cb-85df-12d9256a8ff2,11610,MCH-5b1162a765,KTX,4112,2026-06-17 12:02:00,36.459239,128.355996,KR,DEV-a104864052
28,054a8368-caf8-44cb-85df-12d9256a8ff2,8100,MCH-5df4849ce1,지하철,4111,2026-06-17 17:55:00,36.436117,128.366832,KR,DEV-a104864052
29,054a8368-caf8-44cb-85df-12d9256a8ff2,74700,MCH-e7751d42a2,올리브영,5977,2026-06-18 13:28:00,36.467984,128.387259,KR,DEV-a104864052
30,054a8368-caf8-44cb-85df-12d9256a8ff2,16380,MCH-5df4849ce1,지하철,4111,2026-06-18 17:28:00,36.443871,128.345462,KR,DEV-a104864052
31,054a8368-caf8-44cb-85df-12d9256a8ff2,17100,MCH-8e35d3c146,김밥천국,5812,2026-06-18 18:09:00,36.432286,128.381126,KR,DEV-a104864052
32,054a8368-caf8-44cb-85df-12d9256a8ff2,7200,MCH-c563ceac18,맥도날드,5814,2026-06-19 14:47:00,36.453764,128.344426,KR,DEV-a104864052
33,054a8368-caf8-44cb-85df-12d9256a8ff2,108000,MCH-8fff18fdd2,노션,7372,2026-06-19 22:28:00,36.464741,128.372813,KR,DEV-a104864052
34,054a8368-caf8-44cb-85df-12d9256a8ff2,53100,MCH-ba944121a3,무신사,5651,2026-06-20 09:51:00,36.444035,128.366588,KR,DEV-a104864052
35,054a8368-caf8-44cb-85df-12d9256a8ff2,81000,MCH-ba944121a3,무신사,5651,2026-06-20 10:48:00,36.452377,128.361801,KR,DEV-a104864052
36,054a8368-caf8-44cb-85df-12d9256a8ff2,261000,MCH-8fff18fdd2,노션,7372,2026-06-21 15:07:00,36.479485,128.349104,KR,DEV-a104864052
37,054a8368-caf8-44cb-85df-12d9256a8ff2,4500,MCH-c563ceac18,맥도날드,5814,2026-06-22 08:35:00,36.481738,128.393968,KR,DEV-a104864052
38,054a8368-caf8-44cb-85df-12d9256a8ff2,55800,MCH-493f24c455,쿠팡,5399,2026-06-22 11:09:00,36.45296,128.367856,KR,DEV-a104864052
39,054a8368-caf8-44cb-85df-12d9256a8ff2,14670,MCH-06553b267c,카카오택시,4121,2026-06-22 16:50:00,36.43803,128.382432,KR,DEV-a104864052
40,054a8368-caf8-44cb-85df-12d9256a8ff2,36900,MCH-493f24c455,쿠팡,5399,2026-06-24 08:12:00,36.47206,128.352014,KR,DEV-a104864052
41,054a8368-caf8-44cb-85df-12d9256a8ff2,135000,MCH-bed94775b8,패스트파이브,7011,2026-06-24 18:12:00,36.442735,128.384895,KR,DEV-a104864052
42,054a8368-caf8-44cb-85df-12d9256a8ff2,4500,MCH-fb4fb59d3a,스타벅스,5814,2026-06-25 15:17:00,36.429705,128.367445,KR,DEV-a104864052
43,054a8368-caf8-44cb-85df-12d9256a8ff2,252000,MCH-bed94775b8,패스트파이브,7011,2026-06-25 20:28:00,36.478818,128.354939,KR,DEV-a104864052
44,054a8368-caf8-44cb-85df-12d9256a8ff2,89100,MCH-493f24c455,쿠팡,5399,2026-06-27 15:19:00,36.452274,128.394176,KR,DEV-a104864052
45,054a8368-caf8-44cb-85df-12d9256a8ff2,243000,MCH-bed94775b8,패스트파이브,7011,2026-06-28 15:51:00,36.451815,128.387805,KR,DEV-a104864052
46,054a8368-caf8-44cb-85df-12d9256a8ff2,40500,MCH-ba944121a3,무신사,5651,2026-06-28 16:58:00,36.458472,128.344965,KR,DEV-a104864052
47,054a8368-caf8-44cb-85df-12d9256a8ff2,6660,MCH-0d60345572,버스,4111,2026-06-30 18:04:00,36.444839,128.355322,KR,DEV-a104864052
48,054a8368-caf8-44cb-85df-12d9256a8ff2,12600,MCH-c563ceac18,맥도날드,5814,2026-06-30 20:34:00,36.473257,128.364136,KR,DEV-a104864052
49,054a8368-caf8-44cb-85df-12d9256a8ff2,86400,MCH-493f24c455,쿠팡,5399,2026-07-01 10:08:00,36.439414,128.354467,KR,DEV-a104864052
50,054a8368-caf8-44cb-85df-12d9256a8ff2,72000,MCH-ca5e0a9e0b,AWS,7372,2026-07-01 13:36:00,36.440039,128.387509,KR,DEV-a104864052
51,054a8368-caf8-44cb-85df-12d9256a8ff2,23400,MCH-c563ceac18,맥도날드,5814,2026-07-01 19:00:00,36.428985,128.378274,KR,DEV-a104864052
52,054a8368-caf8-44cb-85df-12d9256a8ff2,10260,MCH-5b1162a765,KTX,4112,2026-07-02 08:18:00,36.442586,128.380188,KR,DEV-a104864052
53,054a8368-caf8-44cb-85df-12d9256a8ff2,2970,MCH-5b1162a765,KTX,4112,2026-07-02 13:53:00,36.442189,128.382701,KR,DEV-a104864052
54,054a8368-caf8-44cb-85df-12d9256a8ff2,144000,MCH-8fff18fdd2,노션,7372,2026-07-03 15:41:00,36.476425,128.362231,KR,DEV-a104864052
55,054a8368-caf8-44cb-85df-12d9256a8ff2,10170,MCH-5b1162a765,KTX,4112,2026-07-04 14:55:00,36.449806,128.36064,KR,DEV-a104864052
56,054a8368-caf8-44cb-85df-12d9256a8ff2,12870,MCH-06553b267c,카카오택시,4121,2026-07-04 18:47:00,36.480788,128.343041,KR,DEV-a104864052
57,054a8368-caf8-44cb-85df-12d9256a8ff2,8730,MCH-0d60345572,버스,4111,2026-07-04 22:11:00,36.474151,128.348058,KR,DEV-a104864052
58,054a8368-caf8-44cb-85df-12d9256a8ff2,32400,MCH-a5c765e6ce,프리스비,5732,2026-07-05 08:27:00,36.435974,128.359999,KR,DEV-a104864052
59,054a8368-caf8-44cb-85df-12d9256a8ff2,14940,MCH-5df4849ce1,지하철,4111,2026-07-05 16:32:00,36.459197,128.36955,KR,DEV-a104864052
60,054a8368-caf8-44cb-85df-12d9256a8ff2,4500,MCH-5b1162a765,KTX,4112,2026-07-06 12:26:00,36.46527,128.342384,KR,DEV-a104864052
61,054a8368-caf8-44cb-85df-12d9256a8ff2,39600,MCH-ba944121a3,무신사,5651,2026-07-06 18:33:00,36.450599,128.373336,KR,DEV-a104864052
62,054a8368-caf8-44cb-85df-12d9256a8ff2,108000,MCH-8fff18fdd2,노션,7372,2026-07-07 08:12:00,36.430235,128.349277,KR,DEV-a104864052
63,054a8368-caf8-44cb-85df-12d9256a8ff2,234000,MCH-8fff18fdd2,노션,7372,2026-07-07 08:25:00,36.434077,128.346564,KR,DEV-a104864052
64,054a8368-caf8-44cb-85df-12d9256a8ff2,108000,MCH-ca5e0a9e0b,AWS,7372,2026-07-07 21:01:00,36.46585,128.394553,KR,DEV-a104864052
65,054a8368-caf8-44cb-85df-12d9256a8ff2,53100,MCH-e7751d42a2,올리브영,5977,2026-07-08 15:45:00,36.432256,128.350933,KR,DEV-a104864052
66,054a8368-caf8-44cb-85df-12d9256a8ff2,30600,MCH-e7751d42a2,올리브영,5977,2026-07-08 17:25:00,36.455139,128.360591,KR,DEV-a104864052
67,054a8368-caf8-44cb-85df-12d9256a8ff2,225000,MCH-ca5e0a9e0b,AWS,7372,2026-07-09 16:29:00,36.478885,128.392273,KR,DEV-a104864052
68,054a8368-caf8-44cb-85df-12d9256a8ff2,89100,MCH-a5c765e6ce,프리스비,5732,2026-07-11 11:51:00,36.449694,128.363438,KR,DEV-a104864052
69,054a8368-caf8-44cb-85df-12d9256a8ff2,90000,MCH-ba944121a3,무신사,5651,2026-07-11 12:04:00,36.466701,128.371598,KR,DEV-a104864052
70,054a8368-caf8-44cb-85df-12d9256a8ff2,63000,MCH-493f24c455,쿠팡,5399,2026-07-12 10:16:00,36.465105,128.389371,KR,DEV-a104864052
71,054a8368-caf8-44cb-85df-12d9256a8ff2,74700,MCH-ba944121a3,무신사,5651,2026-07-13 12:08:00,36.450964,128.391804,KR,DEV-a104864052
72,054a8368-caf8-44cb-85df-12d9256a8ff2,5670,MCH-5b1162a765,KTX,4112,2026-07-13 14:30:00,36.474699,128.385725,KR,DEV-a104864052
73,054a8368-caf8-44cb-85df-12d9256a8ff2,56700,MCH-e7751d42a2,올리브영,5977,2026-07-16 10:52:00,36.462641,128.371434,KR,DEV-a104864052
74,054a8368-caf8-44cb-85df-12d9256a8ff2,7200,MCH-c563ceac18,맥도날드,5814,2026-07-16 20:55:00,36.479839,128.365059,KR,DEV-a104864052
75,054a8368-caf8-44cb-85df-12d9256a8ff2,27900,MCH-e7751d42a2,올리브영,5977,2026-07-16 21:00:00,36.461008,128.34365,KR,DEV-a104864052
76,054a8368-caf8-44cb-85df-12d9256a8ff2,10710,MCH-5b1162a765,KTX,4112,2026-07-17 11:40:00,36.438097,128.342435,KR,DEV-a104864052
77,054a8368-caf8-44cb-85df-12d9256a8ff2,7920,MCH-5df4849ce1,지하철,4111,2026-07-17 11:46:00,36.460732,128.393773,KR,DEV-a104864052
78,054a8368-caf8-44cb-85df-12d9256a8ff2,5400,MCH-c563ceac18,맥도날드,5814,2026-07-18 18:31:00,36.464623,128.345445,KR,DEV-a104864052
79,054a8368-caf8-44cb-85df-12d9256a8ff2,7020,MCH-5df4849ce1,지하철,4111,2026-07-19 10:32:00,36.446943,128.366879,KR,DEV-a104864052
80,054a8368-caf8-44cb-85df-12d9256a8ff2,18900,MCH-ab42b36c0b,배달의민족,5812,2026-07-19 12:12:00,36.443004,128.349136,KR,DEV-a104864052
81,054a8368-caf8-44cb-85df-12d9256a8ff2,819000,MCH-ca5e0a9e0b,AWS,7372,2026-07-20 08:58:00,36.442536,128.340719,KR,DEV-a104864052
82,054a8368-caf8-44cb-85df-12d9256a8ff2,12600,MCH-5df4849ce1,지하철,4111,2026-07-20 14:22:00,36.478407,128.381399,KR,DEV-a104864052
83,054a8368-caf8-44cb-85df-12d9256a8ff2,51300,MCH-a5c765e6ce,프리스비,5732,2026-07-20 19:44:00,36.453512,128.345708,KR,DEV-a104864052
84,054a8368-caf8-44cb-85df-12d9256a8ff2,82800,MCH-a5c765e6ce,프리스비,5732,2026-07-21 12:11:00,36.465149,128.371865,KR,DEV-a104864052
85,054a8368-caf8-44cb-85df-12d9256a8ff2,9090,MCH-5df4849ce1,지하철,4111,2026-07-21 13:19:00,36.451864,128.364498,KR,DEV-a104864052
86,054a8368-caf8-44cb-85df-12d9256a8ff2,16200,MCH-8e35d3c146,김밥천국,5812,2026-07-21 14:06:00,36.433982,128.365814,KR,DEV-a104864052
87,054a8368-caf8-44cb-85df-12d9256a8ff2,18000,MCH-c563ceac18,맥도날드,5814,2026-07-25 17:54:00,36.440244,128.353998,KR,DEV-a104864052
88,054a8368-caf8-44cb-85df-12d9256a8ff2,7920,MCH-5df4849ce1,지하철,4111,2026-07-25 20:28:00,36.480776,128.375321,KR,DEV-a104864052
89,054a8368-caf8-44cb-85df-12d9256a8ff2,10800,MCH-fb4fb59d3a,스타벅스,5814,2026-07-26 15:58:00,36.473198,128.344285,KR,DEV-a104864052
90,054a8368-caf8-44cb-85df-12d9256a8ff2,81900,MCH-e7751d42a2,올리브영,5977,2026-07-28 09:02:00,36.466385,128.386799,KR,DEV-a104864052
91,054a8368-caf8-44cb-85df-12d9256a8ff2,34200,MCH-ba944121a3,무신사,5651,2026-07-28 10:02:00,36.471566,128.345063,KR,DEV-a104864052
92,054a8368-caf8-44cb-85df-12d9256a8ff2,90000,MCH-cf62dbb6a8,게임아이템_스토어,7994,2026-07-28 21:16:00,36.43846,128.354086,KR,DEV-a104864052
93,054a8368-caf8-44cb-85df-12d9256a8ff2,90000,MCH-cf62dbb6a8,게임아이템_스토어,7994,2026-07-28 21:17:00,36.43846,128.354086,KR,DEV-a104864052
94,054a8368-caf8-44cb-85df-12d9256a8ff2,90000,MCH-cf62dbb6a8,게임아이템_스토어,7994,2026-07-28 21:18:00,36.43846,128.354086,KR,DEV-a104864052
95,054a8368-caf8-44cb-85df-12d9256a8ff2,16650,MCH-5b1162a765,KTX,4112,2026-07-28 22:05:00,36.441316,128.378174,KR,DEV-a104864052
96,054a8368-caf8-44cb-85df-12d9256a8ff2,20700,MCH-8e35d3c146,김밥천국,5812,2026-07-29 09:16:00,36.443893,128.351874,KR,DEV-a104864052
97,054a8368-caf8-44cb-85df-12d9256a8ff2,9900,MCH-ab42b36c0b,배달의민족,5812,2026-07-31 08:00:00,36.431259,128.390022,KR,DEV-a104864052
98,054a8368-caf8-44cb-85df-12d9256a8ff2,8640,MCH-5df4849ce1,지하철,4111,2026-07-31 10:29:00,36.437139,128.388572,KR,DEV-a104864052
99,054a8368-caf8-44cb-85df-12d9256a8ff2,198000,MCH-bed94775b8,패스트파이브,7011,2026-07-31 13:42:00,36.474005,128.367928,KR,DEV-a104864052
100,054a8368-caf8-44cb-85df-12d9256a8ff2,68400,MCH-493f24c455,쿠팡,5399,2026-08-02 10:35:00,36.446088,128.362264,KR,DEV-a104864052
101,054a8368-caf8-44cb-85df-12d9256a8ff2,27000,MCH-ab42b36c0b,배달의민족,5812,2026-08-02 14:40:00,36.480316,128.375871,KR,DEV-a104864052
102,054a8368-caf8-44cb-85df-12d9256a8ff2,87300,MCH-ba944121a3,무신사,5651,2026-08-02 15:59:00,36.48094,128.359,KR,DEV-a104864052
103,054a8368-caf8-44cb-85df-12d9256a8ff2,73800,MCH-ba944121a3,무신사,5651,2026-08-03 12:52:00,36.472539,128.359627,KR,DEV-a104864052
104,054a8368-caf8-44cb-85df-12d9256a8ff2,18000,MCH-ab42b36c0b,배달의민족,5812,2026-08-04 11:20:00,36.450418,128.351356,KR,DEV-a104864052
105,054a8368-caf8-44cb-85df-12d9256a8ff2,12780,MCH-06553b267c,카카오택시,4121,2026-08-04 14:36:00,36.469093,128.384704,KR,DEV-a104864052
106,054a8368-caf8-44cb-85df-12d9256a8ff2,1620,MCH-5b1162a765,KTX,4112,2026-08-05 08:50:00,36.458824,128.389866,KR,DEV-a104864052
107,054a8368-caf8-44cb-85df-12d9256a8ff2,17100,MCH-c563ceac18,맥도날드,5814,2026-08-05 19:20:00,36.478025,128.39015,KR,DEV-a104864052
108,054a8368-caf8-44cb-85df-12d9256a8ff2,12600,MCH-fb4fb59d3a,스타벅스,5814,2026-08-06 10:59:00,36.440636,128.36194,KR,DEV-a104864052
109,054a8368-caf8-44cb-85df-12d9256a8ff2,17910,MCH-0d60345572,버스,4111,2026-08-06 11:29:00,36.467799,128.358806,KR,DEV-a104864052
110,054a8368-caf8-44cb-85df-12d9256a8ff2,9000,MCH-c563ceac18,맥도날드,5814,2026-08-06 22:08:00,36.456095,128.374964,KR,DEV-a104864052
111,054a8368-caf8-44cb-85df-12d9256a8ff2,12510,MCH-5df4849ce1,지하철,4111,2026-08-07 10:11:00,36.461662,128.366014,KR,DEV-a104864052
112,054a8368-caf8-44cb-85df-12d9256a8ff2,48600,MCH-a5c765e6ce,프리스비,5732,2026-08-08 22:42:00,36.461722,128.351336,KR,DEV-a104864052
113,054a8368-caf8-44cb-85df-12d9256a8ff2,78300,MCH-e7751d42a2,올리브영,5977,2026-08-09 14:57:00,36.462696,128.342288,KR,DEV-a104864052
114,054a8368-caf8-44cb-85df-12d9256a8ff2,70200,MCH-e7751d42a2,올리브영,5977,2026-08-10 14:29:00,36.4535,128.390985,KR,DEV-a104864052
115,054a8368-caf8-44cb-85df-12d9256a8ff2,945000,MCH-e7751d42a2,올리브영,5977,2026-08-10 17:03:00,36.47174,128.377096,KR,DEV-a104864052
116,054a8368-caf8-44cb-85df-12d9256a8ff2,216000,MCH-bed94775b8,패스트파이브,7011,2026-08-12 12:44:00,36.445007,128.362088,KR,DEV-a104864052
117,054a8368-caf8-44cb-85df-12d9256a8ff2,189000,MCH-53b4838ce6,어도비(Adobe),5734,2026-08-12 13:21:00,36.475714,128.380692,KR,DEV-a104864052
118,054a8368-caf8-44cb-85df-12d9256a8ff2,9900,MCH-ab42b36c0b,배달의민족,5812,2026-08-12 16:26:00,36.451532,128.377496,KR,DEV-a104864052
119,054a8368-caf8-44cb-85df-12d9256a8ff2,56700,MCH-ba944121a3,무신사,5651,2026-08-13 17:48:00,36.451302,128.371365,KR,DEV-a104864052
120,054a8368-caf8-44cb-85df-12d9256a8ff2,25200,MCH-8e35d3c146,김밥천국,5812,2026-08-13 21:10:00,36.439602,128.389865,KR,DEV-a104864052
121,054a8368-caf8-44cb-85df-12d9256a8ff2,180000,MCH-ca5e0a9e0b,AWS,7372,2026-08-14 08:46:00,36.475886,128.390336,KR,DEV-a104864052
122,054a8368-caf8-44cb-85df-12d9256a8ff2,42300,MCH-a5c765e6ce,프리스비,5732,2026-08-14 18:16:00,36.453484,128.35091,KR,DEV-a104864052
123,054a8368-caf8-44cb-85df-12d9256a8ff2,83700,MCH-ba944121a3,무신사,5651,2026-08-15 10:17:00,36.469172,128.380844,KR,DEV-a104864052
124,054a8368-caf8-44cb-85df-12d9256a8ff2,90000,MCH-bed94775b8,패스트파이브,7011,2026-08-15 16:52:00,36.457771,128.393498,KR,DEV-a104864052
125,054a8368-caf8-44cb-85df-12d9256a8ff2,216000,MCH-8fff18fdd2,노션,7372,2026-08-15 19:47:00,36.433907,128.359613,KR,DEV-a104864052
126,054a8368-caf8-44cb-85df-12d9256a8ff2,11700,MCH-ab42b36c0b,배달의민족,5812,2026-08-16 08:54:00,36.445726,128.383751,KR,DEV-a104864052
127,054a8368-caf8-44cb-85df-12d9256a8ff2,22500,MCH-e7751d42a2,올리브영,5977,2026-08-16 16:27:00,36.468964,128.377275,KR,DEV-a104864052
128,054a8368-caf8-44cb-85df-12d9256a8ff2,7200,MCH-fb4fb59d3a,스타벅스,5814,2026-08-17 14:37:00,36.440933,128.345994,KR,DEV-a104864052
129,054a8368-caf8-44cb-85df-12d9256a8ff2,70200,MCH-a5c765e6ce,프리스비,5732,2026-08-18 15:38:00,36.459867,128.383995,KR,DEV-a104864052
130,054a8368-caf8-44cb-85df-12d9256a8ff2,23400,MCH-493f24c455,쿠팡,5399,2026-08-18 20:43:00,36.441601,128.392926,KR,DEV-a104864052
131,054a8368-caf8-44cb-85df-12d9256a8ff2,9000,MCH-ab42b36c0b,배달의민족,5812,2026-08-19 08:00:00,36.429715,128.361349,KR,DEV-a104864052
132,054a8368-caf8-44cb-85df-12d9256a8ff2,153000,MCH-ca5e0a9e0b,AWS,7372,2026-08-20 18:48:00,36.447878,128.352197,KR,DEV-a104864052
133,0ded7c85-0a4d-4c84-b917-da91d512a750,84600,MCH-a5c765e6ce,프리스비,5732,2026-05-25 11:18:00,35.546219,128.137391,KR,DEV-a9934025d3
134,0ded7c85-0a4d-4c84-b917-da91d512a750,4500,MCH-fb4fb59d3a,스타벅스,5814,2026-05-25 13:56:00,35.560811,128.124372,KR,DEV-a9934025d3
135,0ded7c85-0a4d-4c84-b917-da91d512a750,21600,MCH-c563ceac18,맥도날드,5814,2026-05-25 15:06:00,35.514494,128.123786,KR,DEV-a9934025d3
136,0ded7c85-0a4d-4c84-b917-da91d512a750,162000,MCH-8fff18fdd2,노션,7372,2026-05-26 09:39:00,35.556292,128.124899,KR,DEV-a9934025d3
137,0ded7c85-0a4d-4c84-b917-da91d512a750,30600,MCH-e7751d42a2,올리브영,5977,2026-05-27 21:44:00,35.563546,128.14011,KR,DEV-a9934025d3
138,0ded7c85-0a4d-4c84-b917-da91d512a750,198000,MCH-53b4838ce6,어도비(Adobe),5734,2026-05-29 08:32:00,35.56187,128.138536,KR,DEV-a9934025d3
139,0ded7c85-0a4d-4c84-b917-da91d512a750,252000,MCH-ca5e0a9e0b,AWS,7372,2026-05-29 12:45:00,35.543885,128.144758,KR,DEV-a9934025d3
140,0ded7c85-0a4d-4c84-b917-da91d512a750,13500,MCH-ab42b36c0b,배달의민족,5812,2026-05-29 21:08:00,35.537181,128.137281,KR,DEV-a9934025d3
141,0ded7c85-0a4d-4c84-b917-da91d512a750,13500,MCH-8e35d3c146,김밥천국,5812,2026-05-30 12:32:00,35.532308,128.139253,KR,DEV-a9934025d3
142,0ded7c85-0a4d-4c84-b917-da91d512a750,73800,MCH-a5c765e6ce,프리스비,5732,2026-05-31 14:50:00,35.550637,128.117178,KR,DEV-a9934025d3
143,0ded7c85-0a4d-4c84-b917-da91d512a750,13230,MCH-5b1162a765,KTX,4112,2026-05-31 20:43:00,35.553174,128.12003,KR,DEV-a9934025d3
144,0ded7c85-0a4d-4c84-b917-da91d512a750,162000,MCH-8fff18fdd2,노션,7372,2026-06-04 14:56:00,35.540892,128.150534,KR,DEV-a9934025d3
145,0ded7c85-0a4d-4c84-b917-da91d512a750,16560,MCH-06553b267c,카카오택시,4121,2026-06-04 22:41:00,35.551585,128.121147,KR,DEV-a9934025d3
146,0ded7c85-0a4d-4c84-b917-da91d512a750,243000,MCH-ca5e0a9e0b,AWS,7372,2026-06-05 14:28:00,35.526791,128.116287,KR,DEV-a9934025d3
147,0ded7c85-0a4d-4c84-b917-da91d512a750,53100,MCH-ba944121a3,무신사,5651,2026-06-05 22:51:00,35.557812,128.131433,KR,DEV-a9934025d3
148,0ded7c85-0a4d-4c84-b917-da91d512a750,18900,MCH-ab42b36c0b,배달의민족,5812,2026-06-06 13:48:00,35.537968,128.126916,KR,DEV-a9934025d3
149,0ded7c85-0a4d-4c84-b917-da91d512a750,18000,MCH-5b1162a765,KTX,4112,2026-06-06 19:47:00,35.557455,128.10224,KR,DEV-a9934025d3
150,0ded7c85-0a4d-4c84-b917-da91d512a750,6840,MCH-0d60345572,버스,4111,2026-06-06 21:49:00,35.511101,128.145809,KR,DEV-a9934025d3
151,0ded7c85-0a4d-4c84-b917-da91d512a750,4140,MCH-0d60345572,버스,4111,2026-06-07 08:48:00,35.515805,128.100924,KR,DEV-a9934025d3
152,0ded7c85-0a4d-4c84-b917-da91d512a750,52200,MCH-ba944121a3,무신사,5651,2026-06-07 11:51:00,35.516578,128.11379,KR,DEV-a9934025d3
153,0ded7c85-0a4d-4c84-b917-da91d512a750,144000,MCH-ca5e0a9e0b,AWS,7372,2026-06-07 12:18:00,35.541272,128.136314,KR,DEV-a9934025d3
154,0ded7c85-0a4d-4c84-b917-da91d512a750,9630,MCH-5df4849ce1,지하철,4111,2026-06-08 15:06:00,35.537925,128.11107,KR,DEV-a9934025d3
155,0ded7c85-0a4d-4c84-b917-da91d512a750,90000,MCH-bed94775b8,패스트파이브,7011,2026-06-09 10:32:00,35.5637,128.134928,KR,DEV-a9934025d3
156,0ded7c85-0a4d-4c84-b917-da91d512a750,99000,MCH-bed94775b8,패스트파이브,7011,2026-06-09 15:04:00,35.514265,128.101046,KR,DEV-a9934025d3
157,0ded7c85-0a4d-4c84-b917-da91d512a750,7380,MCH-5b1162a765,KTX,4112,2026-06-09 17:31:00,35.538281,128.129481,KR,DEV-a9934025d3
158,0ded7c85-0a4d-4c84-b917-da91d512a750,72000,MCH-bed94775b8,패스트파이브,7011,2026-06-10 09:23:00,35.560866,128.117648,KR,DEV-a9934025d3
159,0ded7c85-0a4d-4c84-b917-da91d512a750,8280,MCH-0d60345572,버스,4111,2026-06-10 12:31:00,35.512012,128.105971,KR,DEV-a9934025d3
160,0ded7c85-0a4d-4c84-b917-da91d512a750,17100,MCH-c563ceac18,맥도날드,5814,2026-06-10 15:02:00,35.547917,128.144347,KR,DEV-a9934025d3
161,0ded7c85-0a4d-4c84-b917-da91d512a750,99000,MCH-8fff18fdd2,노션,7372,2026-06-11 10:52:00,35.541707,128.100314,KR,DEV-a9934025d3
162,0ded7c85-0a4d-4c84-b917-da91d512a750,64800,MCH-ba944121a3,무신사,5651,2026-06-13 18:28:00,35.548756,128.130425,KR,DEV-a9934025d3
163,0ded7c85-0a4d-4c84-b917-da91d512a750,9090,MCH-5b1162a765,KTX,4112,2026-06-13 20:24:00,35.51225,128.123694,KR,DEV-a9934025d3
164,0ded7c85-0a4d-4c84-b917-da91d512a750,9090,MCH-5b1162a765,KTX,4112,2026-06-14 16:02:00,35.543606,128.131392,KR,DEV-a9934025d3
165,0ded7c85-0a4d-4c84-b917-da91d512a750,16200,MCH-a5c765e6ce,프리스비,5732,2026-06-14 17:40:00,35.557945,128.137463,KR,DEV-a9934025d3
166,0ded7c85-0a4d-4c84-b917-da91d512a750,15300,MCH-a5c765e6ce,프리스비,5732,2026-06-15 12:50:00,35.537005,128.098693,KR,DEV-a9934025d3
167,0ded7c85-0a4d-4c84-b917-da91d512a750,20700,MCH-fb4fb59d3a,스타벅스,5814,2026-06-15 16:12:00,35.516526,128.127919,KR,DEV-a9934025d3
168,0ded7c85-0a4d-4c84-b917-da91d512a750,3960,MCH-06553b267c,카카오택시,4121,2026-06-16 09:34:00,35.511135,128.126219,KR,DEV-a9934025d3
169,0ded7c85-0a4d-4c84-b917-da91d512a750,15300,MCH-ba944121a3,무신사,5651,2026-06-16 13:27:00,35.538675,128.115005,KR,DEV-a9934025d3
170,0ded7c85-0a4d-4c84-b917-da91d512a750,16200,MCH-ab42b36c0b,배달의민족,5812,2026-06-16 18:10:00,35.517621,128.111498,KR,DEV-a9934025d3
171,0ded7c85-0a4d-4c84-b917-da91d512a750,26100,MCH-c563ceac18,맥도날드,5814,2026-06-17 17:37:00,35.560731,128.146306,KR,DEV-a9934025d3
172,0ded7c85-0a4d-4c84-b917-da91d512a750,16200,MCH-c563ceac18,맥도날드,5814,2026-06-17 22:20:00,35.548392,128.113793,KR,DEV-a9934025d3
173,0ded7c85-0a4d-4c84-b917-da91d512a750,68400,MCH-493f24c455,쿠팡,5399,2026-06-18 08:26:00,35.524391,128.114891,KR,DEV-a9934025d3
174,0ded7c85-0a4d-4c84-b917-da91d512a750,4590,MCH-5df4849ce1,지하철,4111,2026-06-18 13:34:00,35.516623,128.1284,KR,DEV-a9934025d3
175,0ded7c85-0a4d-4c84-b917-da91d512a750,41400,MCH-493f24c455,쿠팡,5399,2026-06-18 20:35:00,35.559226,128.098691,KR,DEV-a9934025d3
176,0ded7c85-0a4d-4c84-b917-da91d512a750,11970,MCH-06553b267c,카카오택시,4121,2026-06-19 21:39:00,35.532741,128.146954,KR,DEV-a9934025d3
177,0ded7c85-0a4d-4c84-b917-da91d512a750,2280000,MCH-c3acdc127f,유흥업소,5813,2026-06-20 05:22:00,35.560295,128.123748,KR,DEV-a9934025d3
178,0ded7c85-0a4d-4c84-b917-da91d512a750,47700,MCH-493f24c455,쿠팡,5399,2026-06-21 09:25:00,35.53742,128.100143,KR,DEV-a9934025d3
179,0ded7c85-0a4d-4c84-b917-da91d512a750,23400,MCH-ab42b36c0b,배달의민족,5812,2026-06-22 13:40:00,35.563825,128.145159,KR,DEV-a9934025d3
180,0ded7c85-0a4d-4c84-b917-da91d512a750,23400,MCH-fb4fb59d3a,스타벅스,5814,2026-06-23 10:26:00,35.559687,128.130591,KR,DEV-a9934025d3
181,0ded7c85-0a4d-4c84-b917-da91d512a750,16290,MCH-06553b267c,카카오택시,4121,2026-06-23 18:04:00,35.547483,128.124115,KR,DEV-a9934025d3
182,0ded7c85-0a4d-4c84-b917-da91d512a750,4500,MCH-ab42b36c0b,배달의민족,5812,2026-06-23 22:44:00,35.545634,128.11507,KR,DEV-a9934025d3
183,0ded7c85-0a4d-4c84-b917-da91d512a750,11520,MCH-5df4849ce1,지하철,4111,2026-06-24 08:14:00,35.547512,128.09814,KR,DEV-a9934025d3
184,0ded7c85-0a4d-4c84-b917-da91d512a750,153000,MCH-8fff18fdd2,노션,7372,2026-06-24 10:53:00,35.528916,128.141618,KR,DEV-a9934025d3
185,0ded7c85-0a4d-4c84-b917-da91d512a750,23400,MCH-a5c765e6ce,프리스비,5732,2026-06-24 21:39:00,35.550831,128.134471,KR,DEV-a9934025d3
186,0ded7c85-0a4d-4c84-b917-da91d512a750,4500,MCH-c563ceac18,맥도날드,5814,2026-06-25 11:52:00,35.536527,128.117306,KR,DEV-a9934025d3
187,0ded7c85-0a4d-4c84-b917-da91d512a750,720000,MCH-ba944121a3,무신사,5651,2026-06-27 14:41:00,35.562257,128.134318,KR,DEV-a9934025d3
188,0ded7c85-0a4d-4c84-b917-da91d512a750,20700,MCH-a5c765e6ce,프리스비,5732,2026-06-27 17:08:00,35.520309,128.13762,KR,DEV-a9934025d3
189,0ded7c85-0a4d-4c84-b917-da91d512a750,99000,MCH-8fff18fdd2,노션,7372,2026-06-27 21:43:00,35.516723,128.148147,KR,DEV-a9934025d3
190,0ded7c85-0a4d-4c84-b917-da91d512a750,80000,MCH-cf62dbb6a8,게임아이템_스토어,7994,2026-06-29 13:05:00,35.557408,128.141342,KR,DEV-a9934025d3
191,0ded7c85-0a4d-4c84-b917-da91d512a750,80000,MCH-cf62dbb6a8,게임아이템_스토어,7994,2026-06-29 13:06:00,35.557408,128.141342,KR,DEV-a9934025d3
192,0ded7c85-0a4d-4c84-b917-da91d512a750,80000,MCH-cf62dbb6a8,게임아이템_스토어,7994,2026-06-29 13:07:00,35.557408,128.141342,KR,DEV-a9934025d3
193,0ded7c85-0a4d-4c84-b917-da91d512a750,70200,MCH-ba944121a3,무신사,5651,2026-06-29 13:33:00,35.563625,128.112497,KR,DEV-a9934025d3
194,0ded7c85-0a4d-4c84-b917-da91d512a750,19800,MCH-8e35d3c146,김밥천국,5812,2026-06-29 15:20:00,35.557608,128.109822,KR,DEV-a9934025d3
195,0ded7c85-0a4d-4c84-b917-da91d512a750,13500,MCH-c563ceac18,맥도날드,5814,2026-06-30 12:04:00,35.532744,128.101708,KR,DEV-a9934025d3
196,0ded7c85-0a4d-4c84-b917-da91d512a750,7020,MCH-0d60345572,버스,4111,2026-07-02 09:30:00,35.541864,128.131538,KR,DEV-a9934025d3
197,0ded7c85-0a4d-4c84-b917-da91d512a750,2970,MCH-5df4849ce1,지하철,4111,2026-07-02 20:38:00,35.528257,128.100626,KR,DEV-a9934025d3
198,0ded7c85-0a4d-4c84-b917-da91d512a750,19800,MCH-493f24c455,쿠팡,5399,2026-07-02 22:02:00,35.551138,128.131487,KR,DEV-a9934025d3
199,0ded7c85-0a4d-4c84-b917-da91d512a750,19800,MCH-fb4fb59d3a,스타벅스,5814,2026-07-05 08:18:00,35.542848,128.121027,KR,DEV-a9934025d3
200,0ded7c85-0a4d-4c84-b917-da91d512a750,11790,MCH-06553b267c,카카오택시,4121,2026-07-05 14:29:00,35.531548,128.131052,KR,DEV-a9934025d3
201,0ded7c85-0a4d-4c84-b917-da91d512a750,11790,MCH-06553b267c,카카오택시,4121,2026-07-05 16:21:00,35.557399,128.131156,KR,DEV-a9934025d3
202,0ded7c85-0a4d-4c84-b917-da91d512a750,18000,MCH-5b1162a765,KTX,4112,2026-07-08 17:28:00,35.516645,128.125192,KR,DEV-a9934025d3
203,0ded7c85-0a4d-4c84-b917-da91d512a750,8460,MCH-0d60345572,버스,4111,2026-07-09 17:56:00,35.513105,128.114531,KR,DEV-a9934025d3
204,0ded7c85-0a4d-4c84-b917-da91d512a750,13230,MCH-06553b267c,카카오택시,4121,2026-07-10 17:42:00,35.52652,128.116219,KR,DEV-a9934025d3
205,0ded7c85-0a4d-4c84-b917-da91d512a750,23400,MCH-c563ceac18,맥도날드,5814,2026-07-13 15:44:00,35.54446,128.108563,KR,DEV-a9934025d3
206,0ded7c85-0a4d-4c84-b917-da91d512a750,56700,MCH-e7751d42a2,올리브영,5977,2026-07-14 11:25:00,35.54356,128.110604,KR,DEV-a9934025d3
207,0ded7c85-0a4d-4c84-b917-da91d512a750,16020,MCH-06553b267c,카카오택시,4121,2026-07-14 11:44:00,35.557192,128.146903,KR,DEV-a9934025d3
208,0ded7c85-0a4d-4c84-b917-da91d512a750,162000,MCH-8fff18fdd2,노션,7372,2026-07-14 13:10:00,35.527735,128.128949,KR,DEV-a9934025d3
209,0ded7c85-0a4d-4c84-b917-da91d512a750,5400,MCH-5df4849ce1,지하철,4111,2026-07-18 11:01:00,35.557693,128.13654,KR,DEV-a9934025d3
210,0ded7c85-0a4d-4c84-b917-da91d512a750,9900,MCH-fb4fb59d3a,스타벅스,5814,2026-07-18 11:18:00,35.541494,128.139064,KR,DEV-a9934025d3
211,0ded7c85-0a4d-4c84-b917-da91d512a750,153000,MCH-ca5e0a9e0b,AWS,7372,2026-07-18 18:50:00,35.523986,128.103154,KR,DEV-a9934025d3
212,0ded7c85-0a4d-4c84-b917-da91d512a750,27000,MCH-c563ceac18,맥도날드,5814,2026-07-19 11:12:00,35.557315,128.101218,KR,DEV-a9934025d3
213,0ded7c85-0a4d-4c84-b917-da91d512a750,189000,MCH-ca5e0a9e0b,AWS,7372,2026-07-19 20:39:00,35.526325,128.110665,KR,DEV-a9934025d3
214,0ded7c85-0a4d-4c84-b917-da91d512a750,198000,MCH-ca5e0a9e0b,AWS,7372,2026-07-20 12:50:00,35.533053,128.13207,KR,DEV-a9934025d3
215,0ded7c85-0a4d-4c84-b917-da91d512a750,18900,MCH-c563ceac18,맥도날드,5814,2026-07-20 17:56:00,35.523196,128.131709,KR,DEV-a9934025d3
216,0ded7c85-0a4d-4c84-b917-da91d512a750,5400,MCH-5b1162a765,KTX,4112,2026-07-23 13:45:00,35.544704,128.125206,KR,DEV-a9934025d3
217,0ded7c85-0a4d-4c84-b917-da91d512a750,14670,MCH-0d60345572,버스,4111,2026-07-23 14:40:00,35.547376,128.136368,KR,DEV-a9934025d3
218,0ded7c85-0a4d-4c84-b917-da91d512a750,17100,MCH-c563ceac18,맥도날드,5814,2026-07-23 21:15:00,35.541402,128.099663,KR,DEV-a9934025d3
219,0ded7c85-0a4d-4c84-b917-da91d512a750,198000,MCH-8fff18fdd2,노션,7372,2026-07-24 09:08:00,35.530218,128.106182,KR,DEV-a9934025d3
220,0ded7c85-0a4d-4c84-b917-da91d512a750,17100,MCH-fb4fb59d3a,스타벅스,5814,2026-07-24 16:39:00,35.525784,128.125728,KR,DEV-a9934025d3
221,0ded7c85-0a4d-4c84-b917-da91d512a750,1890,MCH-5b1162a765,KTX,4112,2026-07-25 10:28:00,35.531941,128.141171,KR,DEV-a9934025d3
222,0ded7c85-0a4d-4c84-b917-da91d512a750,27000,MCH-fb4fb59d3a,스타벅스,5814,2026-07-25 12:59:00,35.544719,128.117094,KR,DEV-a9934025d3
223,0ded7c85-0a4d-4c84-b917-da91d512a750,5850,MCH-0d60345572,버스,4111,2026-07-25 18:21:00,35.516245,128.117156,KR,DEV-a9934025d3
224,0ded7c85-0a4d-4c84-b917-da91d512a750,180000,MCH-53b4838ce6,어도비(Adobe),5734,2026-07-26 18:32:00,35.528572,128.151567,KR,DEV-a9934025d3
225,0ded7c85-0a4d-4c84-b917-da91d512a750,45000,MCH-8fff18fdd2,노션,7372,2026-07-26 20:19:00,35.542485,128.105136,KR,DEV-a9934025d3
226,0ded7c85-0a4d-4c84-b917-da91d512a750,18900,MCH-c563ceac18,맥도날드,5814,2026-07-27 17:50:00,35.522137,128.136783,KR,DEV-a9934025d3
227,0ded7c85-0a4d-4c84-b917-da91d512a750,52200,MCH-e7751d42a2,올리브영,5977,2026-07-28 11:26:00,35.549716,128.1247,KR,DEV-a9934025d3
228,0ded7c85-0a4d-4c84-b917-da91d512a750,11160,MCH-5df4849ce1,지하철,4111,2026-07-28 20:44:00,35.534776,128.14049,KR,DEV-a9934025d3
229,0ded7c85-0a4d-4c84-b917-da91d512a750,20700,MCH-c563ceac18,맥도날드,5814,2026-07-28 21:08:00,35.533547,128.143789,KR,DEV-a9934025d3
230,0ded7c85-0a4d-4c84-b917-da91d512a750,28800,MCH-493f24c455,쿠팡,5399,2026-07-29 10:21:00,35.54716,128.113881,KR,DEV-a9934025d3
231,0ded7c85-0a4d-4c84-b917-da91d512a750,56700,MCH-ba944121a3,무신사,5651,2026-07-29 11:25:00,35.553032,128.147076,KR,DEV-a9934025d3
232,0ded7c85-0a4d-4c84-b917-da91d512a750,16020,MCH-5b1162a765,KTX,4112,2026-07-29 22:19:00,35.530723,128.123348,KR,DEV-a9934025d3
233,0ded7c85-0a4d-4c84-b917-da91d512a750,57600,MCH-fb4fb59d3a,스타벅스,5814,2026-07-31 12:13:00,35.629206,128.148925,KR,DEV-a9934025d3
234,0ded7c85-0a4d-4c84-b917-da91d512a750,36000,MCH-e7751d42a2,올리브영,5977,2026-08-03 08:09:00,35.541591,128.124845,KR,DEV-a9934025d3
235,0ded7c85-0a4d-4c84-b917-da91d512a750,90000,MCH-bed94775b8,패스트파이브,7011,2026-08-03 17:36:00,35.556886,128.114428,KR,DEV-a9934025d3
236,0ded7c85-0a4d-4c84-b917-da91d512a750,10260,MCH-06553b267c,카카오택시,4121,2026-08-03 22:55:00,35.563327,128.104664,KR,DEV-a9934025d3
237,0ded7c85-0a4d-4c84-b917-da91d512a750,108000,MCH-bed94775b8,패스트파이브,7011,2026-08-04 10:57:00,35.530975,128.142194,KR,DEV-a9934025d3
238,0ded7c85-0a4d-4c84-b917-da91d512a750,65700,MCH-ba944121a3,무신사,5651,2026-08-04 15:36:00,35.523178,128.115462,KR,DEV-a9934025d3
239,0ded7c85-0a4d-4c84-b917-da91d512a750,243000,MCH-8fff18fdd2,노션,7372,2026-08-04 21:45:00,35.514759,128.132619,KR,DEV-a9934025d3
240,0ded7c85-0a4d-4c84-b917-da91d512a750,55800,MCH-493f24c455,쿠팡,5399,2026-08-05 09:48:00,35.558956,128.119915,KR,DEV-a9934025d3
241,0ded7c85-0a4d-4c84-b917-da91d512a750,18000,MCH-ba944121a3,무신사,5651,2026-08-05 11:56:00,35.559069,128.1076,KR,DEV-a9934025d3
242,0ded7c85-0a4d-4c84-b917-da91d512a750,24300,MCH-fb4fb59d3a,스타벅스,5814,2026-08-05 19:46:00,35.524634,128.131634,KR,DEV-a9934025d3
243,0ded7c85-0a4d-4c84-b917-da91d512a750,10440,MCH-5df4849ce1,지하철,4111,2026-08-06 08:00:00,35.534803,128.11626,KR,DEV-a9934025d3
244,0ded7c85-0a4d-4c84-b917-da91d512a750,6300,MCH-fb4fb59d3a,스타벅스,5814,2026-08-06 18:44:00,35.518745,128.108893,KR,DEV-a9934025d3
245,0ded7c85-0a4d-4c84-b917-da91d512a750,24300,MCH-c563ceac18,맥도날드,5814,2026-08-07 15:08:00,35.550304,128.123887,KR,DEV-a9934025d3
246,0ded7c85-0a4d-4c84-b917-da91d512a750,63900,MCH-a5c765e6ce,프리스비,5732,2026-08-08 13:11:00,35.514029,128.138959,KR,DEV-a9934025d3
247,0ded7c85-0a4d-4c84-b917-da91d512a750,7200,MCH-ab42b36c0b,배달의민족,5812,2026-08-08 16:47:00,35.519056,128.098661,KR,DEV-a9934025d3
248,0ded7c85-0a4d-4c84-b917-da91d512a750,10260,MCH-06553b267c,카카오택시,4121,2026-08-10 19:19:00,35.512416,128.131997,KR,DEV-a9934025d3
249,0ded7c85-0a4d-4c84-b917-da91d512a750,8820,MCH-06553b267c,카카오택시,4121,2026-08-12 13:35:00,35.51891,128.106714,KR,DEV-a9934025d3
250,0ded7c85-0a4d-4c84-b917-da91d512a750,4500,MCH-fb4fb59d3a,스타벅스,5814,2026-08-12 14:01:00,35.560041,128.117935,KR,DEV-a9934025d3
251,0ded7c85-0a4d-4c84-b917-da91d512a750,24300,MCH-a5c765e6ce,프리스비,5732,2026-08-12 20:53:00,35.528057,128.108071,KR,DEV-a9934025d3
252,0ded7c85-0a4d-4c84-b917-da91d512a750,14400,MCH-fb4fb59d3a,스타벅스,5814,2026-08-13 13:11:00,35.53119,128.120813,KR,DEV-a9934025d3
253,0ded7c85-0a4d-4c84-b917-da91d512a750,25200,MCH-ba944121a3,무신사,5651,2026-08-14 19:34:00,35.557698,128.119905,KR,DEV-a9934025d3
254,0ded7c85-0a4d-4c84-b917-da91d512a750,450000,MCH-489f756ae2,Steam_Global,5816,2026-08-14 20:39:00,35.521336,128.109581,CN,DEV-a9934025d3
255,0ded7c85-0a4d-4c84-b917-da91d512a750,28800,MCH-ba944121a3,무신사,5651,2026-08-15 13:11:00,35.514956,128.115217,KR,DEV-a9934025d3
256,0ded7c85-0a4d-4c84-b917-da91d512a750,15300,MCH-8e35d3c146,김밥천국,5812,2026-08-16 16:40:00,35.545855,128.101333,KR,DEV-a9934025d3
257,0ded7c85-0a4d-4c84-b917-da91d512a750,21600,MCH-fb4fb59d3a,스타벅스,5814,2026-08-16 20:57:00,35.537047,128.135772,KR,DEV-a9934025d3
258,0ded7c85-0a4d-4c84-b917-da91d512a750,18000,MCH-ab42b36c0b,배달의민족,5812,2026-08-17 12:12:00,35.550767,128.131185,KR,DEV-a9934025d3
259,0ded7c85-0a4d-4c84-b917-da91d512a750,252000,MCH-bed94775b8,패스트파이브,7011,2026-08-18 22:21:00,35.522703,128.13689,KR,DEV-a9934025d3
260,0ded7c85-0a4d-4c84-b917-da91d512a750,261000,MCH-8fff18fdd2,노션,7372,2026-08-19 08:14:00,35.550943,128.125839,KR,DEV-a9934025d3
261,0ded7c85-0a4d-4c84-b917-da91d512a750,17100,MCH-5df4849ce1,지하철,4111,2026-08-19 19:46:00,35.527741,128.110779,KR,DEV-a9934025d3
262,0ded7c85-0a4d-4c84-b917-da91d512a750,6300,MCH-8e35d3c146,김밥천국,5812,2026-08-20 11:03:00,35.519756,128.131726,KR,DEV-a9934025d3
263,0ded7c85-0a4d-4c84-b917-da91d512a750,10800,MCH-c563ceac18,맥도날드,5814,2026-08-20 16:05:00,35.517485,128.108723,KR,DEV-a9934025d3
264,0ded7c85-0a4d-4c84-b917-da91d512a750,9000,MCH-8e35d3c146,김밥천국,5812,2026-08-20 17:15:00,35.535082,128.106557,KR,DEV-a9934025d3
265,0ded7c85-0a4d-4c84-b917-da91d512a750,12420,MCH-5df4849ce1,지하철,4111,2026-08-21 08:48:00,35.532683,128.130624,KR,DEV-a9934025d3
266,0ded7c85-0a4d-4c84-b917-da91d512a750,10440,MCH-0d60345572,버스,4111,2026-08-21 14:10:00,35.520722,128.144302,KR,DEV-a9934025d3
267,0ded7c85-0a4d-4c84-b917-da91d512a750,198000,MCH-ca5e0a9e0b,AWS,7372,2026-08-21 19:11:00,35.555999,128.138703,KR,DEV-a9934025d3
268,0ded7c85-0a4d-4c84-b917-da91d512a750,180000,MCH-8fff18fdd2,노션,7372,2026-08-22 14:59:00,35.559356,128.09791,KR,DEV-a9934025d3
269,0ded7c85-0a4d-4c84-b917-da91d512a750,16110,MCH-0d60345572,버스,4111,2026-08-22 17:04:00,35.531167,128.137803,KR,DEV-a9934025d3
270,0ded7c85-0a4d-4c84-b917-da91d512a750,4410,MCH-0d60345572,버스,4111,2026-08-22 19:30:00,35.525144,128.12807,KR,DEV-a9934025d3
271,131b9d96-aa5a-4938-844d-2d08b7a2df9a,102000,MCH-ba944121a3,무신사,5651,2026-05-25 19:53:00,37.013544,128.192043,KR,DEV-c49cdab935
272,131b9d96-aa5a-4938-844d-2d08b7a2df9a,10800,MCH-0d60345572,버스,4111,2026-05-26 16:18:00,36.963113,128.20586,KR,DEV-c49cdab935
273,131b9d96-aa5a-4938-844d-2d08b7a2df9a,33000,MCH-8e35d3c146,김밥천국,5812,2026-05-27 11:27:00,36.981275,128.209187,KR,DEV-c49cdab935
274,131b9d96-aa5a-4938-844d-2d08b7a2df9a,19500,MCH-06553b267c,카카오택시,4121,2026-05-27 12:22:00,37.006314,128.205335,KR,DEV-c49cdab935
275,131b9d96-aa5a-4938-844d-2d08b7a2df9a,195000,MCH-53b4838ce6,어도비(Adobe),5734,2026-05-27 20:34:00,37.003204,128.191496,KR,DEV-c49cdab935
276,131b9d96-aa5a-4938-844d-2d08b7a2df9a,150000,MCH-bed94775b8,패스트파이브,7011,2026-05-30 17:08:00,37.001316,128.201972,KR,DEV-c49cdab935
277,131b9d96-aa5a-4938-844d-2d08b7a2df9a,225000,MCH-ca5e0a9e0b,AWS,7372,2026-05-31 19:18:00,36.99226,128.193494,KR,DEV-c49cdab935
278,131b9d96-aa5a-4938-844d-2d08b7a2df9a,18000,MCH-c563ceac18,맥도날드,5814,2026-06-01 10:45:00,37.015093,128.211589,KR,DEV-c49cdab935
279,131b9d96-aa5a-4938-844d-2d08b7a2df9a,435000,MCH-ca5e0a9e0b,AWS,7372,2026-06-01 20:26:00,36.989251,128.213379,KR,DEV-c49cdab935
280,131b9d96-aa5a-4938-844d-2d08b7a2df9a,375000,MCH-8fff18fdd2,노션,7372,2026-06-02 14:24:00,36.997998,128.191179,KR,DEV-c49cdab935
281,131b9d96-aa5a-4938-844d-2d08b7a2df9a,165000,MCH-bed94775b8,패스트파이브,7011,2026-06-04 14:52:00,36.999136,128.210674,KR,DEV-c49cdab935
282,131b9d96-aa5a-4938-844d-2d08b7a2df9a,39000,MCH-493f24c455,쿠팡,5399,2026-06-04 19:29:00,37.008868,128.1893,KR,DEV-c49cdab935
283,131b9d96-aa5a-4938-844d-2d08b7a2df9a,75000,MCH-bed94775b8,패스트파이브,7011,2026-06-05 09:59:00,36.964062,128.170104,KR,DEV-c49cdab935
284,131b9d96-aa5a-4938-844d-2d08b7a2df9a,45000,MCH-8e35d3c146,김밥천국,5812,2026-06-05 13:57:00,36.976774,128.194306,KR,DEV-c49cdab935
285,131b9d96-aa5a-4938-844d-2d08b7a2df9a,375000,MCH-ca5e0a9e0b,AWS,7372,2026-06-06 12:10:00,37.015058,128.187846,KR,DEV-c49cdab935
286,131b9d96-aa5a-4938-844d-2d08b7a2df9a,270000,MCH-ca5e0a9e0b,AWS,7372,2026-06-06 18:05:00,36.964244,128.198538,KR,DEV-c49cdab935
287,131b9d96-aa5a-4938-844d-2d08b7a2df9a,93000,MCH-493f24c455,쿠팡,5399,2026-06-06 18:57:00,37.008828,128.169767,KR,DEV-c49cdab935
288,131b9d96-aa5a-4938-844d-2d08b7a2df9a,103500,MCH-493f24c455,쿠팡,5399,2026-06-09 19:08:00,36.985503,128.165158,KR,DEV-c49cdab935
289,131b9d96-aa5a-4938-844d-2d08b7a2df9a,48000,MCH-e7751d42a2,올리브영,5977,2026-06-10 14:49:00,37.000946,128.170259,KR,DEV-c49cdab935
290,131b9d96-aa5a-4938-844d-2d08b7a2df9a,285000,MCH-ca5e0a9e0b,AWS,7372,2026-06-11 13:46:00,36.998047,128.16842,KR,DEV-c49cdab935
291,131b9d96-aa5a-4938-844d-2d08b7a2df9a,7500,MCH-06553b267c,카카오택시,4121,2026-06-12 20:07:00,36.994746,128.188635,KR,DEV-c49cdab935
292,131b9d96-aa5a-4938-844d-2d08b7a2df9a,30000,MCH-c563ceac18,맥도날드,5814,2026-06-13 14:07:00,37.001869,128.180697,KR,DEV-c49cdab935
293,131b9d96-aa5a-4938-844d-2d08b7a2df9a,11700,MCH-06553b267c,카카오택시,4121,2026-06-13 16:38:00,36.984655,128.207483,KR,DEV-c49cdab935
294,131b9d96-aa5a-4938-844d-2d08b7a2df9a,165000,MCH-8fff18fdd2,노션,7372,2026-06-13 16:38:00,36.994288,128.206828,KR,DEV-c49cdab935
295,131b9d96-aa5a-4938-844d-2d08b7a2df9a,170000,MCH-96930209b1,Amazon_US,5942,2026-06-16 12:32:00,36.965095,128.178894,CN,DEV-c49cdab935
296,131b9d96-aa5a-4938-844d-2d08b7a2df9a,112500,MCH-a5c765e6ce,프리스비,5732,2026-06-16 20:04:00,37.007975,128.195445,KR,DEV-c49cdab935
297,131b9d96-aa5a-4938-844d-2d08b7a2df9a,67500,MCH-ba944121a3,무신사,5651,2026-06-17 08:15:00,36.996571,128.199487,KR,DEV-c49cdab935
298,131b9d96-aa5a-4938-844d-2d08b7a2df9a,195000,MCH-ca5e0a9e0b,AWS,7372,2026-06-17 09:19:00,36.98319,128.199346,KR,DEV-c49cdab935
299,131b9d96-aa5a-4938-844d-2d08b7a2df9a,25500,MCH-ab42b36c0b,배달의민족,5812,2026-06-17 17:40:00,37.011225,128.217388,KR,DEV-c49cdab935
300,131b9d96-aa5a-4938-844d-2d08b7a2df9a,120000,MCH-ca5e0a9e0b,AWS,7372,2026-06-18 08:45:00,36.994542,128.167696,KR,DEV-c49cdab935
301,131b9d96-aa5a-4938-844d-2d08b7a2df9a,54000,MCH-e7751d42a2,올리브영,5977,2026-06-18 13:08:00,36.962059,128.191555,KR,DEV-c49cdab935
302,131b9d96-aa5a-4938-844d-2d08b7a2df9a,22500,MCH-fb4fb59d3a,스타벅스,5814,2026-06-18 20:27:00,37.008659,128.20434,KR,DEV-c49cdab935
303,131b9d96-aa5a-4938-844d-2d08b7a2df9a,180000,MCH-53b4838ce6,어도비(Adobe),5734,2026-06-21 08:30:00,37.001487,128.164861,KR,DEV-c49cdab935
304,131b9d96-aa5a-4938-844d-2d08b7a2df9a,34500,MCH-fb4fb59d3a,스타벅스,5814,2026-06-21 18:46:00,37.007897,128.173743,KR,DEV-c49cdab935
305,131b9d96-aa5a-4938-844d-2d08b7a2df9a,180000,MCH-bed94775b8,패스트파이브,7011,2026-06-22 13:15:00,37.013355,128.166634,KR,DEV-c49cdab935
306,131b9d96-aa5a-4938-844d-2d08b7a2df9a,150000,MCH-53b4838ce6,어도비(Adobe),5734,2026-06-23 11:51:00,36.965655,128.184874,KR,DEV-c49cdab935
307,131b9d96-aa5a-4938-844d-2d08b7a2df9a,435000,MCH-8fff18fdd2,노션,7372,2026-06-23 21:19:00,36.963928,128.186394,KR,DEV-c49cdab935
308,131b9d96-aa5a-4938-844d-2d08b7a2df9a,4780000,MCH-9449f2d5d1,중고거래_송금,6051,2026-06-24 03:29:00,36.972292,128.195198,KR,DEV-c49cdab935
309,131b9d96-aa5a-4938-844d-2d08b7a2df9a,225000,MCH-53b4838ce6,어도비(Adobe),5734,2026-06-24 08:48:00,36.974039,128.183448,KR,DEV-c49cdab935
310,131b9d96-aa5a-4938-844d-2d08b7a2df9a,135000,MCH-ca5e0a9e0b,AWS,7372,2026-06-24 08:59:00,37.013978,128.218656,KR,DEV-c49cdab935
311,131b9d96-aa5a-4938-844d-2d08b7a2df9a,285000,MCH-8fff18fdd2,노션,7372,2026-06-25 19:05:00,37.011244,128.213224,KR,DEV-c49cdab935
312,131b9d96-aa5a-4938-844d-2d08b7a2df9a,49500,MCH-493f24c455,쿠팡,5399,2026-06-25 19:17:00,36.990084,128.177596,KR,DEV-c49cdab935
313,131b9d96-aa5a-4938-844d-2d08b7a2df9a,18000,MCH-c563ceac18,맥도날드,5814,2026-06-26 12:16:00,36.982761,128.196716,KR,DEV-c49cdab935
314,131b9d96-aa5a-4938-844d-2d08b7a2df9a,100500,MCH-e7751d42a2,올리브영,5977,2026-06-27 09:34:00,36.967335,128.170433,KR,DEV-c49cdab935
315,131b9d96-aa5a-4938-844d-2d08b7a2df9a,9900,MCH-06553b267c,카카오택시,4121,2026-06-27 10:49:00,37.001194,128.181914,KR,DEV-c49cdab935
316,131b9d96-aa5a-4938-844d-2d08b7a2df9a,39000,MCH-493f24c455,쿠팡,5399,2026-06-27 10:51:00,37.003085,128.18915,KR,DEV-c49cdab935
317,131b9d96-aa5a-4938-844d-2d08b7a2df9a,79500,MCH-493f24c455,쿠팡,5399,2026-06-29 12:52:00,36.999886,128.217068,KR,DEV-c49cdab935
318,131b9d96-aa5a-4938-844d-2d08b7a2df9a,40500,MCH-a5c765e6ce,프리스비,5732,2026-06-29 15:06:00,36.963125,128.186581,KR,DEV-c49cdab935
319,131b9d96-aa5a-4938-844d-2d08b7a2df9a,17550,MCH-5df4849ce1,지하철,4111,2026-06-30 13:43:00,36.964778,128.206936,KR,DEV-c49cdab935
320,131b9d96-aa5a-4938-844d-2d08b7a2df9a,45000,MCH-8e35d3c146,김밥천국,5812,2026-07-02 10:05:00,36.965498,128.218623,KR,DEV-c49cdab935
321,131b9d96-aa5a-4938-844d-2d08b7a2df9a,9000,MCH-8e35d3c146,김밥천국,5812,2026-07-02 10:59:00,37.006275,128.182644,KR,DEV-c49cdab935
322,131b9d96-aa5a-4938-844d-2d08b7a2df9a,75000,MCH-a5c765e6ce,프리스비,5732,2026-07-03 12:28:00,36.982133,128.187785,KR,DEV-c49cdab935
323,131b9d96-aa5a-4938-844d-2d08b7a2df9a,21300,MCH-0d60345572,버스,4111,2026-07-03 14:56:00,36.963318,128.198191,KR,DEV-c49cdab935
324,131b9d96-aa5a-4938-844d-2d08b7a2df9a,37500,MCH-c563ceac18,맥도날드,5814,2026-07-03 22:51:00,36.964741,128.179845,KR,DEV-c49cdab935
325,131b9d96-aa5a-4938-844d-2d08b7a2df9a,255000,MCH-8fff18fdd2,노션,7372,2026-07-05 12:11:00,37.003685,128.183318,KR,DEV-c49cdab935
326,131b9d96-aa5a-4938-844d-2d08b7a2df9a,1305000,MCH-8fff18fdd2,노션,7372,2026-07-05 20:30:00,36.993722,128.166306,KR,DEV-c49cdab935
327,131b9d96-aa5a-4938-844d-2d08b7a2df9a,10650,MCH-06553b267c,카카오택시,4121,2026-07-06 17:54:00,36.966858,128.200228,KR,DEV-c49cdab935
328,131b9d96-aa5a-4938-844d-2d08b7a2df9a,28500,MCH-ba944121a3,무신사,5651,2026-07-07 09:03:00,37.0091,128.191329,KR,DEV-c49cdab935
329,131b9d96-aa5a-4938-844d-2d08b7a2df9a,130500,MCH-a5c765e6ce,프리스비,5732,2026-07-07 11:53:00,36.993421,128.202746,KR,DEV-c49cdab935
330,131b9d96-aa5a-4938-844d-2d08b7a2df9a,45000,MCH-ab42b36c0b,배달의민족,5812,2026-07-07 19:44:00,37.006808,128.21041,KR,DEV-c49cdab935
331,131b9d96-aa5a-4938-844d-2d08b7a2df9a,350000,MCH-489f756ae2,Steam_Global,5816,2026-07-08 04:21:00,36.987282,128.182654,UK,DEV-c49cdab935
332,131b9d96-aa5a-4938-844d-2d08b7a2df9a,87000,MCH-493f24c455,쿠팡,5399,2026-07-09 12:20:00,36.981639,128.215637,KR,DEV-c49cdab935
333,131b9d96-aa5a-4938-844d-2d08b7a2df9a,31500,MCH-fb4fb59d3a,스타벅스,5814,2026-07-09 21:23:00,36.969429,128.202814,KR,DEV-c49cdab935
334,131b9d96-aa5a-4938-844d-2d08b7a2df9a,55500,MCH-e7751d42a2,올리브영,5977,2026-07-10 19:35:00,36.985059,128.199277,KR,DEV-c49cdab935
335,131b9d96-aa5a-4938-844d-2d08b7a2df9a,1160000,MCH-c3acdc127f,유흥업소,5813,2026-07-11 03:38:00,36.999391,128.195686,KR,DEV-c49cdab935
336,131b9d96-aa5a-4938-844d-2d08b7a2df9a,46500,MCH-e7751d42a2,올리브영,5977,2026-07-11 10:46:00,36.99328,128.1742,KR,DEV-c49cdab935
337,131b9d96-aa5a-4938-844d-2d08b7a2df9a,67500,MCH-493f24c455,쿠팡,5399,2026-07-12 13:20:00,36.967073,128.191543,KR,DEV-c49cdab935
338,131b9d96-aa5a-4938-844d-2d08b7a2df9a,3110000,MCH-cac2f457b6,금은방_귀금속,5944,2026-07-14 05:56:00,36.982306,128.204321,KR,DEV-c49cdab935
339,131b9d96-aa5a-4938-844d-2d08b7a2df9a,45000,MCH-ab42b36c0b,배달의민족,5812,2026-07-14 09:46:00,36.975781,128.178211,KR,DEV-c49cdab935
340,131b9d96-aa5a-4938-844d-2d08b7a2df9a,4950,MCH-06553b267c,카카오택시,4121,2026-07-15 13:10:00,36.963251,128.165807,KR,DEV-c49cdab935
341,131b9d96-aa5a-4938-844d-2d08b7a2df9a,150000,MCH-ca5e0a9e0b,AWS,7372,2026-07-15 15:04:00,36.987363,128.211427,KR,DEV-c49cdab935
342,131b9d96-aa5a-4938-844d-2d08b7a2df9a,225000,MCH-53b4838ce6,어도비(Adobe),5734,2026-07-15 17:39:00,36.970143,128.168776,KR,DEV-c49cdab935
343,131b9d96-aa5a-4938-844d-2d08b7a2df9a,100500,MCH-a5c765e6ce,프리스비,5732,2026-07-17 19:35:00,36.984915,128.167617,KR,DEV-c49cdab935
344,131b9d96-aa5a-4938-844d-2d08b7a2df9a,4070000,MCH-c3acdc127f,유흥업소,5813,2026-07-18 05:12:00,36.966182,128.209257,KR,DEV-c49cdab935
345,131b9d96-aa5a-4938-844d-2d08b7a2df9a,51000,MCH-ba944121a3,무신사,5651,2026-07-18 08:23:00,36.977521,128.169907,KR,DEV-c49cdab935
346,131b9d96-aa5a-4938-844d-2d08b7a2df9a,450000,MCH-8fff18fdd2,노션,7372,2026-07-19 14:30:00,36.977219,128.169151,KR,DEV-c49cdab935
347,131b9d96-aa5a-4938-844d-2d08b7a2df9a,150000,MCH-8fff18fdd2,노션,7372,2026-07-20 15:02:00,36.990857,128.174716,KR,DEV-c49cdab935
348,131b9d96-aa5a-4938-844d-2d08b7a2df9a,7950,MCH-06553b267c,카카오택시,4121,2026-07-20 20:44:00,36.986583,128.176951,KR,DEV-c49cdab935
349,131b9d96-aa5a-4938-844d-2d08b7a2df9a,29550,MCH-5b1162a765,KTX,4112,2026-07-22 08:32:00,36.992403,128.177459,KR,DEV-c49cdab935
350,131b9d96-aa5a-4938-844d-2d08b7a2df9a,330000,MCH-bed94775b8,패스트파이브,7011,2026-07-22 18:55:00,36.993322,128.194646,KR,DEV-c49cdab935
351,131b9d96-aa5a-4938-844d-2d08b7a2df9a,120000,MCH-ca5e0a9e0b,AWS,7372,2026-07-22 20:28:00,36.989381,128.195613,KR,DEV-c49cdab935
352,131b9d96-aa5a-4938-844d-2d08b7a2df9a,60000,MCH-ba944121a3,무신사,5651,2026-07-23 21:40:00,37.005146,128.171543,KR,DEV-c49cdab935
353,131b9d96-aa5a-4938-844d-2d08b7a2df9a,33000,MCH-8e35d3c146,김밥천국,5812,2026-07-24 13:54:00,37.000748,128.208362,KR,DEV-c49cdab935
354,131b9d96-aa5a-4938-844d-2d08b7a2df9a,120000,MCH-bed94775b8,패스트파이브,7011,2026-07-24 14:09:00,36.98621,128.211936,KR,DEV-c49cdab935
355,131b9d96-aa5a-4938-844d-2d08b7a2df9a,90000,MCH-bed94775b8,패스트파이브,7011,2026-07-27 10:17:00,36.975723,128.200116,KR,DEV-c49cdab935
356,131b9d96-aa5a-4938-844d-2d08b7a2df9a,85500,MCH-ba944121a3,무신사,5651,2026-07-27 19:15:00,36.994864,128.201523,KR,DEV-c49cdab935
357,131b9d96-aa5a-4938-844d-2d08b7a2df9a,210000,MCH-8fff18fdd2,노션,7372,2026-07-28 12:53:00,37.009933,128.165816,KR,DEV-c49cdab935
358,131b9d96-aa5a-4938-844d-2d08b7a2df9a,165000,MCH-53b4838ce6,어도비(Adobe),5734,2026-07-28 15:13:00,36.978789,128.204117,KR,DEV-c49cdab935
359,131b9d96-aa5a-4938-844d-2d08b7a2df9a,210000,MCH-ca5e0a9e0b,AWS,7372,2026-07-28 19:28:00,36.999076,128.170031,KR,DEV-c49cdab935
360,131b9d96-aa5a-4938-844d-2d08b7a2df9a,150000,MCH-53b4838ce6,어도비(Adobe),5734,2026-07-29 11:56:00,36.968777,128.210738,KR,DEV-c49cdab935
361,131b9d96-aa5a-4938-844d-2d08b7a2df9a,60000,MCH-e7751d42a2,올리브영,5977,2026-07-29 12:23:00,37.006687,128.178208,KR,DEV-c49cdab935
362,131b9d96-aa5a-4938-844d-2d08b7a2df9a,105000,MCH-ca5e0a9e0b,AWS,7372,2026-07-29 12:45:00,37.002499,128.211597,KR,DEV-c49cdab935
363,131b9d96-aa5a-4938-844d-2d08b7a2df9a,210000,MCH-53b4838ce6,어도비(Adobe),5734,2026-07-30 08:24:00,36.980351,128.173561,KR,DEV-c49cdab935
364,131b9d96-aa5a-4938-844d-2d08b7a2df9a,27000,MCH-5df4849ce1,지하철,4111,2026-07-30 11:43:00,37.007597,128.206875,KR,DEV-c49cdab935
365,131b9d96-aa5a-4938-844d-2d08b7a2df9a,55500,MCH-ba944121a3,무신사,5651,2026-07-30 21:30:00,36.968141,128.166374,KR,DEV-c49cdab935
366,131b9d96-aa5a-4938-844d-2d08b7a2df9a,111000,MCH-a5c765e6ce,프리스비,5732,2026-07-31 12:43:00,37.009849,128.210754,KR,DEV-c49cdab935
367,131b9d96-aa5a-4938-844d-2d08b7a2df9a,135000,MCH-bed94775b8,패스트파이브,7011,2026-07-31 18:11:00,37.008182,128.217,KR,DEV-c49cdab935
368,131b9d96-aa5a-4938-844d-2d08b7a2df9a,405000,MCH-8fff18fdd2,노션,7372,2026-07-31 19:41:00,36.961902,128.178365,KR,DEV-c49cdab935
369,131b9d96-aa5a-4938-844d-2d08b7a2df9a,37500,MCH-ab42b36c0b,배달의민족,5812,2026-08-01 13:55:00,36.977579,128.170565,KR,DEV-c49cdab935
370,131b9d96-aa5a-4938-844d-2d08b7a2df9a,135000,MCH-ca5e0a9e0b,AWS,7372,2026-08-01 16:48:00,36.996911,128.216192,KR,DEV-c49cdab935
371,131b9d96-aa5a-4938-844d-2d08b7a2df9a,330000,MCH-8fff18fdd2,노션,7372,2026-08-01 18:38:00,36.961842,128.218745,KR,DEV-c49cdab935
372,131b9d96-aa5a-4938-844d-2d08b7a2df9a,315000,MCH-8fff18fdd2,노션,7372,2026-08-03 12:54:00,36.990344,128.207149,KR,DEV-c49cdab935
373,131b9d96-aa5a-4938-844d-2d08b7a2df9a,225000,MCH-ca5e0a9e0b,AWS,7372,2026-08-03 19:45:00,37.001268,128.196237,KR,DEV-c49cdab935
374,131b9d96-aa5a-4938-844d-2d08b7a2df9a,195000,MCH-8fff18fdd2,노션,7372,2026-08-03 22:26:00,36.998243,128.20371,KR,DEV-c49cdab935
375,131b9d96-aa5a-4938-844d-2d08b7a2df9a,390000,MCH-ca5e0a9e0b,AWS,7372,2026-08-04 22:21:00,36.986893,128.204772,KR,DEV-c49cdab935
376,131b9d96-aa5a-4938-844d-2d08b7a2df9a,240000,MCH-8fff18fdd2,노션,7372,2026-08-05 12:37:00,37.001673,128.181321,KR,DEV-c49cdab935
377,131b9d96-aa5a-4938-844d-2d08b7a2df9a,7950,MCH-06553b267c,카카오택시,4121,2026-08-08 10:12:00,37.008337,128.185353,KR,DEV-c49cdab935
378,131b9d96-aa5a-4938-844d-2d08b7a2df9a,37500,MCH-ab42b36c0b,배달의민족,5812,2026-08-09 10:20:00,37.008061,128.174471,KR,DEV-c49cdab935
379,131b9d96-aa5a-4938-844d-2d08b7a2df9a,255000,MCH-bed94775b8,패스트파이브,7011,2026-08-09 14:30:00,37.002719,128.169481,KR,DEV-c49cdab935
380,131b9d96-aa5a-4938-844d-2d08b7a2df9a,345000,MCH-ca5e0a9e0b,AWS,7372,2026-08-09 20:10:00,36.9617,128.179507,KR,DEV-c49cdab935
381,131b9d96-aa5a-4938-844d-2d08b7a2df9a,390000,MCH-53b4838ce6,어도비(Adobe),5734,2026-08-11 08:40:00,37.009662,128.205633,KR,DEV-c49cdab935
382,131b9d96-aa5a-4938-844d-2d08b7a2df9a,96000,MCH-493f24c455,쿠팡,5399,2026-08-11 16:37:00,36.973676,128.212127,KR,DEV-c49cdab935
383,131b9d96-aa5a-4938-844d-2d08b7a2df9a,390000,MCH-bed94775b8,패스트파이브,7011,2026-08-13 10:21:00,36.98609,128.192846,KR,DEV-c49cdab935
384,131b9d96-aa5a-4938-844d-2d08b7a2df9a,7500,MCH-8e35d3c146,김밥천국,5812,2026-08-13 11:14:00,36.987941,128.205269,KR,DEV-c49cdab935
385,131b9d96-aa5a-4938-844d-2d08b7a2df9a,25500,MCH-fb4fb59d3a,스타벅스,5814,2026-08-14 22:40:00,36.962629,128.191999,KR,DEV-c49cdab935
386,131b9d96-aa5a-4938-844d-2d08b7a2df9a,13800,MCH-06553b267c,카카오택시,4121,2026-08-19 14:42:00,36.975107,128.202661,KR,DEV-c49cdab935
387,131b9d96-aa5a-4938-844d-2d08b7a2df9a,120000,MCH-bed94775b8,패스트파이브,7011,2026-08-19 16:46:00,36.98957,128.198387,KR,DEV-c49cdab935
388,131b9d96-aa5a-4938-844d-2d08b7a2df9a,72000,MCH-a5c765e6ce,프리스비,5732,2026-08-19 21:33:00,36.976726,128.207141,KR,DEV-c49cdab935
389,131b9d96-aa5a-4938-844d-2d08b7a2df9a,4420000,MCH-c3acdc127f,유흥업소,5813,2026-08-20 05:09:00,36.997749,128.213743,KR,DEV-c49cdab935
390,131b9d96-aa5a-4938-844d-2d08b7a2df9a,114000,MCH-a5c765e6ce,프리스비,5732,2026-08-20 13:15:00,36.97741,128.166852,KR,DEV-c49cdab935
391,1413b0e7-1a59-4cb3-ae7b-bf0ec6ac25ee,77000,MCH-e7751d42a2,올리브영,5977,2026-05-25 18:41:00,35.218658,126.603429,KR,DEV-59f3cd81ff
392,1413b0e7-1a59-4cb3-ae7b-bf0ec6ac25ee,15840,MCH-0d60345572,버스,4111,2026-05-25 19:10:00,35.265046,126.64362,KR,DEV-59f3cd81ff
393,1413b0e7-1a59-4cb3-ae7b-bf0ec6ac25ee,70400,MCH-e7751d42a2,올리브영,5977,2026-05-26 14:07:00,35.248703,126.606797,KR,DEV-59f3cd81ff
394,1413b0e7-1a59-4cb3-ae7b-bf0ec6ac25ee,99000,MCH-493f24c455,쿠팡,5399,2026-05-26 16:02:00,35.243637,126.626739,KR,DEV-59f3cd81ff
395,1413b0e7-1a59-4cb3-ae7b-bf0ec6ac25ee,34540,MCH-5b1162a765,KTX,4112,2026-05-26 20:59:00,35.242919,126.600861,KR,DEV-59f3cd81ff
396,1413b0e7-1a59-4cb3-ae7b-bf0ec6ac25ee,528000,MCH-ca5e0a9e0b,AWS,7372,2026-05-28 13:02:00,35.271497,126.591218,KR,DEV-59f3cd81ff
397,1413b0e7-1a59-4cb3-ae7b-bf0ec6ac25ee,10340,MCH-06553b267c,카카오택시,4121,2026-05-28 20:12:00,35.247163,126.638844,KR,DEV-59f3cd81ff
398,1413b0e7-1a59-4cb3-ae7b-bf0ec6ac25ee,145200,MCH-a5c765e6ce,프리스비,5732,2026-05-29 11:20:00,35.268848,126.607951,KR,DEV-59f3cd81ff
399,1413b0e7-1a59-4cb3-ae7b-bf0ec6ac25ee,50600,MCH-e7751d42a2,올리브영,5977,2026-05-29 13:05:00,35.220319,126.625799,KR,DEV-59f3cd81ff
400,1413b0e7-1a59-4cb3-ae7b-bf0ec6ac25ee,52800,MCH-e7751d42a2,올리브영,5977,2026-05-29 21:37:00,35.259583,126.622514,KR,DEV-59f3cd81ff
401,1413b0e7-1a59-4cb3-ae7b-bf0ec6ac25ee,52800,MCH-fb4fb59d3a,스타벅스,5814,2026-05-30 15:27:00,35.265353,126.61941,KR,DEV-59f3cd81ff
402,1413b0e7-1a59-4cb3-ae7b-bf0ec6ac25ee,28600,MCH-c563ceac18,맥도날드,5814,2026-05-30 20:55:00,35.230205,126.635905,KR,DEV-59f3cd81ff
403,1413b0e7-1a59-4cb3-ae7b-bf0ec6ac25ee,74800,MCH-e7751d42a2,올리브영,5977,2026-06-01 19:51:00,35.223248,126.605749,KR,DEV-59f3cd81ff
404,1413b0e7-1a59-4cb3-ae7b-bf0ec6ac25ee,105600,MCH-a5c765e6ce,프리스비,5732,2026-06-01 22:56:00,35.260051,126.604183,KR,DEV-59f3cd81ff
405,1413b0e7-1a59-4cb3-ae7b-bf0ec6ac25ee,660000,MCH-53b4838ce6,어도비(Adobe),5734,2026-06-06 10:57:00,35.234755,126.626765,KR,DEV-59f3cd81ff
406,1413b0e7-1a59-4cb3-ae7b-bf0ec6ac25ee,101200,MCH-e7751d42a2,올리브영,5977,2026-06-06 15:49:00,35.24861,126.605492,KR,DEV-59f3cd81ff
407,1413b0e7-1a59-4cb3-ae7b-bf0ec6ac25ee,35200,MCH-493f24c455,쿠팡,5399,2026-06-06 16:54:00,35.224372,126.631525,KR,DEV-59f3cd81ff
408,1413b0e7-1a59-4cb3-ae7b-bf0ec6ac25ee,530000,MCH-96930209b1,Amazon_US,5942,2026-06-09 01:35:00,35.230138,126.629272,UK,DEV-59f3cd81ff
409,1413b0e7-1a59-4cb3-ae7b-bf0ec6ac25ee,127600,MCH-a5c765e6ce,프리스비,5732,2026-06-09 18:33:00,35.257439,126.593371,KR,DEV-59f3cd81ff
410,1413b0e7-1a59-4cb3-ae7b-bf0ec6ac25ee,211200,MCH-a5c765e6ce,프리스비,5732,2026-06-10 09:10:00,35.256355,126.621488,KR,DEV-59f3cd81ff
411,1413b0e7-1a59-4cb3-ae7b-bf0ec6ac25ee,63800,MCH-fb4fb59d3a,스타벅스,5814,2026-06-10 11:04:00,35.250391,126.59282,KR,DEV-59f3cd81ff
412,1413b0e7-1a59-4cb3-ae7b-bf0ec6ac25ee,638000,MCH-bed94775b8,패스트파이브,7011,2026-06-10 12:09:00,35.266001,126.639722,KR,DEV-59f3cd81ff
413,1413b0e7-1a59-4cb3-ae7b-bf0ec6ac25ee,143000,MCH-a5c765e6ce,프리스비,5732,2026-06-11 20:10:00,35.257568,126.609505,KR,DEV-59f3cd81ff
414,1413b0e7-1a59-4cb3-ae7b-bf0ec6ac25ee,36960,MCH-0d60345572,버스,4111,2026-06-12 09:54:00,35.262946,126.633111,KR,DEV-59f3cd81ff
415,1413b0e7-1a59-4cb3-ae7b-bf0ec6ac25ee,15400,MCH-c563ceac18,맥도날드,5814,2026-06-12 19:53:00,35.218671,126.622046,KR,DEV-59f3cd81ff
416,1413b0e7-1a59-4cb3-ae7b-bf0ec6ac25ee,149600,MCH-493f24c455,쿠팡,5399,2026-06-13 14:22:00,35.270786,126.609896,KR,DEV-59f3cd81ff
417,1413b0e7-1a59-4cb3-ae7b-bf0ec6ac25ee,30800,MCH-fb4fb59d3a,스타벅스,5814,2026-06-13 17:39:00,35.264948,126.618455,KR,DEV-59f3cd81ff
418,1413b0e7-1a59-4cb3-ae7b-bf0ec6ac25ee,114400,MCH-ba944121a3,무신사,5651,2026-06-13 18:06:00,35.221527,126.603473,KR,DEV-59f3cd81ff
419,1413b0e7-1a59-4cb3-ae7b-bf0ec6ac25ee,85800,MCH-e7751d42a2,올리브영,5977,2026-06-14 20:56:00,35.239272,126.638096,KR,DEV-59f3cd81ff
420,1413b0e7-1a59-4cb3-ae7b-bf0ec6ac25ee,107800,MCH-a5c765e6ce,프리스비,5732,2026-06-14 22:46:00,35.225297,126.602986,KR,DEV-59f3cd81ff
421,1413b0e7-1a59-4cb3-ae7b-bf0ec6ac25ee,184800,MCH-e7751d42a2,올리브영,5977,2026-06-15 14:07:00,35.263822,126.632887,KR,DEV-59f3cd81ff
422,1413b0e7-1a59-4cb3-ae7b-bf0ec6ac25ee,57200,MCH-c563ceac18,맥도날드,5814,2026-06-15 21:36:00,35.22351,126.600837,KR,DEV-59f3cd81ff
423,1413b0e7-1a59-4cb3-ae7b-bf0ec6ac25ee,118800,MCH-a5c765e6ce,프리스비,5732,2026-06-15 22:02:00,35.219148,126.608219,KR,DEV-59f3cd81ff
424,1413b0e7-1a59-4cb3-ae7b-bf0ec6ac25ee,52800,MCH-8e35d3c146,김밥천국,5812,2026-06-16 14:23:00,35.268583,126.59752,KR,DEV-59f3cd81ff
425,1413b0e7-1a59-4cb3-ae7b-bf0ec6ac25ee,46200,MCH-8e35d3c146,김밥천국,5812,2026-06-16 16:22:00,35.262513,126.605859,KR,DEV-59f3cd81ff
426,1413b0e7-1a59-4cb3-ae7b-bf0ec6ac25ee,154000,MCH-ba944121a3,무신사,5651,2026-06-17 19:10:00,35.254336,126.623083,KR,DEV-59f3cd81ff
427,1413b0e7-1a59-4cb3-ae7b-bf0ec6ac25ee,46200,MCH-c563ceac18,맥도날드,5814,2026-06-18 08:05:00,35.258882,126.642167,KR,DEV-59f3cd81ff
428,1413b0e7-1a59-4cb3-ae7b-bf0ec6ac25ee,211200,MCH-e7751d42a2,올리브영,5977,2026-06-18 15:53:00,35.251257,126.631445,KR,DEV-59f3cd81ff
429,1413b0e7-1a59-4cb3-ae7b-bf0ec6ac25ee,66000,MCH-e7751d42a2,올리브영,5977,2026-06-18 16:13:00,35.222909,126.60017,KR,DEV-59f3cd81ff
430,1413b0e7-1a59-4cb3-ae7b-bf0ec6ac25ee,37400,MCH-e7751d42a2,올리브영,5977,2026-06-19 10:47:00,35.271031,126.613493,KR,DEV-59f3cd81ff
431,1413b0e7-1a59-4cb3-ae7b-bf0ec6ac25ee,220000,MCH-e7751d42a2,올리브영,5977,2026-06-19 11:17:00,35.259423,126.606238,KR,DEV-59f3cd81ff
432,1413b0e7-1a59-4cb3-ae7b-bf0ec6ac25ee,39600,MCH-493f24c455,쿠팡,5399,2026-06-19 19:13:00,35.266007,126.625496,KR,DEV-59f3cd81ff
433,1413b0e7-1a59-4cb3-ae7b-bf0ec6ac25ee,162800,MCH-ba944121a3,무신사,5651,2026-06-20 21:36:00,35.225114,126.619336,KR,DEV-59f3cd81ff
434,1413b0e7-1a59-4cb3-ae7b-bf0ec6ac25ee,46200,MCH-c563ceac18,맥도날드,5814,2026-06-21 12:15:00,35.254205,126.594089,KR,DEV-59f3cd81ff
435,1413b0e7-1a59-4cb3-ae7b-bf0ec6ac25ee,55000,MCH-fb4fb59d3a,스타벅스,5814,2026-06-21 16:28:00,35.264168,126.600138,KR,DEV-59f3cd81ff
436,1413b0e7-1a59-4cb3-ae7b-bf0ec6ac25ee,46200,MCH-a5c765e6ce,프리스비,5732,2026-06-21 19:59:00,35.244717,126.631017,KR,DEV-59f3cd81ff
437,1413b0e7-1a59-4cb3-ae7b-bf0ec6ac25ee,19800,MCH-ab42b36c0b,배달의민족,5812,2026-06-22 10:20:00,35.259127,126.625594,KR,DEV-59f3cd81ff
438,1413b0e7-1a59-4cb3-ae7b-bf0ec6ac25ee,158400,MCH-e7751d42a2,올리브영,5977,2026-06-22 18:21:00,35.242807,126.600573,KR,DEV-59f3cd81ff
439,1413b0e7-1a59-4cb3-ae7b-bf0ec6ac25ee,35200,MCH-c563ceac18,맥도날드,5814,2026-06-22 22:48:00,35.230643,126.624059,KR,DEV-59f3cd81ff
440,1413b0e7-1a59-4cb3-ae7b-bf0ec6ac25ee,41800,MCH-ba944121a3,무신사,5651,2026-06-24 11:45:00,35.223823,126.640795,KR,DEV-59f3cd81ff
441,1413b0e7-1a59-4cb3-ae7b-bf0ec6ac25ee,184800,MCH-ba944121a3,무신사,5651,2026-06-24 21:32:00,35.247144,126.622247,KR,DEV-59f3cd81ff
442,1413b0e7-1a59-4cb3-ae7b-bf0ec6ac25ee,125400,MCH-ba944121a3,무신사,5651,2026-06-25 22:44:00,35.219283,126.631201,KR,DEV-59f3cd81ff
443,1413b0e7-1a59-4cb3-ae7b-bf0ec6ac25ee,48400,MCH-ba944121a3,무신사,5651,2026-06-26 22:24:00,35.245615,126.622875,KR,DEV-59f3cd81ff
444,1413b0e7-1a59-4cb3-ae7b-bf0ec6ac25ee,19800,MCH-fb4fb59d3a,스타벅스,5814,2026-06-27 22:20:00,35.228031,126.60916,KR,DEV-59f3cd81ff
445,1413b0e7-1a59-4cb3-ae7b-bf0ec6ac25ee,211200,MCH-e7751d42a2,올리브영,5977,2026-06-29 13:50:00,35.230581,126.621801,KR,DEV-59f3cd81ff
446,1413b0e7-1a59-4cb3-ae7b-bf0ec6ac25ee,180400,MCH-ba944121a3,무신사,5651,2026-06-29 18:50:00,35.234093,126.631095,KR,DEV-59f3cd81ff
447,1413b0e7-1a59-4cb3-ae7b-bf0ec6ac25ee,149600,MCH-a5c765e6ce,프리스비,5732,2026-06-29 19:58:00,35.27214,126.621548,KR,DEV-59f3cd81ff
448,1413b0e7-1a59-4cb3-ae7b-bf0ec6ac25ee,57200,MCH-493f24c455,쿠팡,5399,2026-07-01 17:17:00,35.227775,126.64227,KR,DEV-59f3cd81ff
449,1413b0e7-1a59-4cb3-ae7b-bf0ec6ac25ee,46200,MCH-c563ceac18,맥도날드,5814,2026-07-01 22:50:00,35.245148,126.621626,KR,DEV-59f3cd81ff
450,1413b0e7-1a59-4cb3-ae7b-bf0ec6ac25ee,110000,MCH-ca5e0a9e0b,AWS,7372,2026-07-02 08:35:00,35.252322,126.599072,KR,DEV-59f3cd81ff
451,1413b0e7-1a59-4cb3-ae7b-bf0ec6ac25ee,506000,MCH-bed94775b8,패스트파이브,7011,2026-07-02 09:45:00,35.270316,126.641772,KR,DEV-59f3cd81ff
452,1413b0e7-1a59-4cb3-ae7b-bf0ec6ac25ee,83600,MCH-ba944121a3,무신사,5651,2026-07-05 13:05:00,35.26259,126.626862,KR,DEV-59f3cd81ff
453,1413b0e7-1a59-4cb3-ae7b-bf0ec6ac25ee,34980,MCH-06553b267c,카카오택시,4121,2026-07-05 19:25:00,35.235907,126.609153,KR,DEV-59f3cd81ff
454,1413b0e7-1a59-4cb3-ae7b-bf0ec6ac25ee,90000,MCH-cf62dbb6a8,게임아이템_스토어,7994,2026-07-07 18:22:00,35.246257,126.616912,KR,DEV-59f3cd81ff
455,1413b0e7-1a59-4cb3-ae7b-bf0ec6ac25ee,90000,MCH-cf62dbb6a8,게임아이템_스토어,7994,2026-07-07 18:23:00,35.246257,126.616912,KR,DEV-59f3cd81ff
456,1413b0e7-1a59-4cb3-ae7b-bf0ec6ac25ee,90000,MCH-cf62dbb6a8,게임아이템_스토어,7994,2026-07-07 18:24:00,35.246257,126.616912,KR,DEV-59f3cd81ff
457,1413b0e7-1a59-4cb3-ae7b-bf0ec6ac25ee,198000,MCH-e7751d42a2,올리브영,5977,2026-07-08 14:27:00,35.254047,126.616914,KR,DEV-59f3cd81ff
458,1413b0e7-1a59-4cb3-ae7b-bf0ec6ac25ee,17600,MCH-ab42b36c0b,배달의민족,5812,2026-07-09 15:07:00,35.262542,126.601487,KR,DEV-59f3cd81ff
459,1413b0e7-1a59-4cb3-ae7b-bf0ec6ac25ee,242000,MCH-8fff18fdd2,노션,7372,2026-07-10 20:15:00,35.221885,126.626036,KR,DEV-59f3cd81ff
460,1413b0e7-1a59-4cb3-ae7b-bf0ec6ac25ee,123200,MCH-ba944121a3,무신사,5651,2026-07-11 08:13:00,35.225459,126.633962,KR,DEV-59f3cd81ff
461,1413b0e7-1a59-4cb3-ae7b-bf0ec6ac25ee,103400,MCH-493f24c455,쿠팡,5399,2026-07-11 08:30:00,35.218919,126.629081,KR,DEV-59f3cd81ff
462,1413b0e7-1a59-4cb3-ae7b-bf0ec6ac25ee,103400,MCH-a5c765e6ce,프리스비,5732,2026-07-11 22:46:00,35.254942,126.627512,KR,DEV-59f3cd81ff
463,1413b0e7-1a59-4cb3-ae7b-bf0ec6ac25ee,44000,MCH-fb4fb59d3a,스타벅스,5814,2026-07-13 21:16:00,35.220041,126.633385,KR,DEV-59f3cd81ff
464,1413b0e7-1a59-4cb3-ae7b-bf0ec6ac25ee,15400,MCH-06553b267c,카카오택시,4121,2026-07-14 10:22:00,35.241303,126.626247,KR,DEV-59f3cd81ff
465,1413b0e7-1a59-4cb3-ae7b-bf0ec6ac25ee,165000,MCH-e7751d42a2,올리브영,5977,2026-07-14 10:50:00,35.271366,126.623426,KR,DEV-59f3cd81ff
466,1413b0e7-1a59-4cb3-ae7b-bf0ec6ac25ee,30800,MCH-c563ceac18,맥도날드,5814,2026-07-14 20:14:00,35.267975,126.595634,KR,DEV-59f3cd81ff
467,1413b0e7-1a59-4cb3-ae7b-bf0ec6ac25ee,123200,MCH-e7751d42a2,올리브영,5977,2026-07-15 16:28:00,35.264242,126.621727,KR,DEV-59f3cd81ff
468,1413b0e7-1a59-4cb3-ae7b-bf0ec6ac25ee,165000,MCH-493f24c455,쿠팡,5399,2026-07-15 16:48:00,35.266507,126.61723,KR,DEV-59f3cd81ff
469,1413b0e7-1a59-4cb3-ae7b-bf0ec6ac25ee,215600,MCH-a5c765e6ce,프리스비,5732,2026-07-15 17:19:00,35.221422,126.617749,KR,DEV-59f3cd81ff
470,1413b0e7-1a59-4cb3-ae7b-bf0ec6ac25ee,330000,MCH-bed94775b8,패스트파이브,7011,2026-07-16 14:44:00,35.249407,126.60028,KR,DEV-59f3cd81ff
471,1413b0e7-1a59-4cb3-ae7b-bf0ec6ac25ee,220000,MCH-53b4838ce6,어도비(Adobe),5734,2026-07-16 18:24:00,35.257672,126.631259,KR,DEV-59f3cd81ff
472,1413b0e7-1a59-4cb3-ae7b-bf0ec6ac25ee,220000,MCH-ba944121a3,무신사,5651,2026-07-16 22:15:00,35.251368,126.625305,KR,DEV-59f3cd81ff
473,1413b0e7-1a59-4cb3-ae7b-bf0ec6ac25ee,37400,MCH-ab42b36c0b,배달의민족,5812,2026-07-17 22:25:00,35.25962,126.622281,KR,DEV-59f3cd81ff
474,1413b0e7-1a59-4cb3-ae7b-bf0ec6ac25ee,132000,MCH-493f24c455,쿠팡,5399,2026-07-19 18:04:00,35.226271,126.640795,KR,DEV-59f3cd81ff
475,1413b0e7-1a59-4cb3-ae7b-bf0ec6ac25ee,165000,MCH-a5c765e6ce,프리스비,5732,2026-07-19 19:40:00,35.223315,126.630812,KR,DEV-59f3cd81ff
476,1413b0e7-1a59-4cb3-ae7b-bf0ec6ac25ee,308000,MCH-53b4838ce6,어도비(Adobe),5734,2026-07-19 21:58:00,35.221481,126.618354,KR,DEV-59f3cd81ff
477,1413b0e7-1a59-4cb3-ae7b-bf0ec6ac25ee,638000,MCH-ca5e0a9e0b,AWS,7372,2026-07-20 20:38:00,35.238152,126.599418,KR,DEV-59f3cd81ff
478,1413b0e7-1a59-4cb3-ae7b-bf0ec6ac25ee,165000,MCH-493f24c455,쿠팡,5399,2026-07-21 09:11:00,35.243769,126.594071,KR,DEV-59f3cd81ff
479,1413b0e7-1a59-4cb3-ae7b-bf0ec6ac25ee,50600,MCH-c563ceac18,맥도날드,5814,2026-07-21 11:13:00,35.271074,126.641617,KR,DEV-59f3cd81ff
480,1413b0e7-1a59-4cb3-ae7b-bf0ec6ac25ee,123200,MCH-493f24c455,쿠팡,5399,2026-07-21 12:45:00,35.268154,126.61153,KR,DEV-59f3cd81ff
481,1413b0e7-1a59-4cb3-ae7b-bf0ec6ac25ee,12100,MCH-06553b267c,카카오택시,4121,2026-07-23 09:15:00,35.249343,126.616222,KR,DEV-59f3cd81ff
482,1413b0e7-1a59-4cb3-ae7b-bf0ec6ac25ee,46200,MCH-fb4fb59d3a,스타벅스,5814,2026-07-24 12:11:00,35.24544,126.595282,KR,DEV-59f3cd81ff
483,1413b0e7-1a59-4cb3-ae7b-bf0ec6ac25ee,55000,MCH-ba944121a3,무신사,5651,2026-07-24 15:27:00,35.253355,126.594176,KR,DEV-59f3cd81ff
484,1413b0e7-1a59-4cb3-ae7b-bf0ec6ac25ee,242000,MCH-bed94775b8,패스트파이브,7011,2026-07-25 08:50:00,35.244928,126.59216,KR,DEV-59f3cd81ff
485,1413b0e7-1a59-4cb3-ae7b-bf0ec6ac25ee,68200,MCH-e7751d42a2,올리브영,5977,2026-07-25 19:34:00,35.250862,126.59915,KR,DEV-59f3cd81ff
486,1413b0e7-1a59-4cb3-ae7b-bf0ec6ac25ee,352000,MCH-ca5e0a9e0b,AWS,7372,2026-07-26 10:34:00,35.265443,126.60035,KR,DEV-59f3cd81ff
487,1413b0e7-1a59-4cb3-ae7b-bf0ec6ac25ee,116600,MCH-ba944121a3,무신사,5651,2026-07-27 15:10:00,35.257682,126.601244,KR,DEV-59f3cd81ff
488,1413b0e7-1a59-4cb3-ae7b-bf0ec6ac25ee,110000,MCH-ba944121a3,무신사,5651,2026-07-27 18:23:00,35.25433,126.636737,KR,DEV-59f3cd81ff
489,1413b0e7-1a59-4cb3-ae7b-bf0ec6ac25ee,35200,MCH-493f24c455,쿠팡,5399,2026-07-27 22:07:00,35.243015,126.59892,KR,DEV-59f3cd81ff
490,1413b0e7-1a59-4cb3-ae7b-bf0ec6ac25ee,48400,MCH-ab42b36c0b,배달의민족,5812,2026-07-28 09:41:00,35.268998,126.609716,KR,DEV-59f3cd81ff
491,1413b0e7-1a59-4cb3-ae7b-bf0ec6ac25ee,330000,MCH-bed94775b8,패스트파이브,7011,2026-07-28 14:47:00,35.221092,126.620295,KR,DEV-59f3cd81ff
492,1413b0e7-1a59-4cb3-ae7b-bf0ec6ac25ee,16280,MCH-5df4849ce1,지하철,4111,2026-07-30 12:52:00,35.234411,126.631996,KR,DEV-59f3cd81ff
493,1413b0e7-1a59-4cb3-ae7b-bf0ec6ac25ee,7700,MCH-5b1162a765,KTX,4112,2026-07-30 17:13:00,35.245013,126.642991,KR,DEV-59f3cd81ff
494,1413b0e7-1a59-4cb3-ae7b-bf0ec6ac25ee,242000,MCH-bed94775b8,패스트파이브,7011,2026-07-30 21:24:00,35.262283,126.630217,KR,DEV-59f3cd81ff
495,1413b0e7-1a59-4cb3-ae7b-bf0ec6ac25ee,129800,MCH-493f24c455,쿠팡,5399,2026-07-31 08:11:00,35.241693,126.639009,KR,DEV-59f3cd81ff
496,1413b0e7-1a59-4cb3-ae7b-bf0ec6ac25ee,198000,MCH-ca5e0a9e0b,AWS,7372,2026-07-31 20:55:00,35.240505,126.603135,KR,DEV-59f3cd81ff
497,1413b0e7-1a59-4cb3-ae7b-bf0ec6ac25ee,165000,MCH-e7751d42a2,올리브영,5977,2026-08-01 10:48:00,35.234092,126.608034,KR,DEV-59f3cd81ff
498,1413b0e7-1a59-4cb3-ae7b-bf0ec6ac25ee,5940,MCH-0d60345572,버스,4111,2026-08-01 13:10:00,35.266324,126.617723,KR,DEV-59f3cd81ff
499,1413b0e7-1a59-4cb3-ae7b-bf0ec6ac25ee,50600,MCH-ab42b36c0b,배달의민족,5812,2026-08-02 09:38:00,35.271212,126.612909,KR,DEV-59f3cd81ff
500,1413b0e7-1a59-4cb3-ae7b-bf0ec6ac25ee,374000,MCH-ca5e0a9e0b,AWS,7372,2026-08-02 14:23:00,35.242162,126.606874,KR,DEV-59f3cd81ff
501,1413b0e7-1a59-4cb3-ae7b-bf0ec6ac25ee,132000,MCH-e7751d42a2,올리브영,5977,2026-08-02 17:31:00,35.253109,126.613849,KR,DEV-59f3cd81ff
502,1413b0e7-1a59-4cb3-ae7b-bf0ec6ac25ee,105600,MCH-e7751d42a2,올리브영,5977,2026-08-03 12:50:00,35.231657,126.633996,KR,DEV-59f3cd81ff
503,1413b0e7-1a59-4cb3-ae7b-bf0ec6ac25ee,83600,MCH-e7751d42a2,올리브영,5977,2026-08-03 13:30:00,35.268845,126.594252,KR,DEV-59f3cd81ff
504,1413b0e7-1a59-4cb3-ae7b-bf0ec6ac25ee,215600,MCH-e7751d42a2,올리브영,5977,2026-08-03 21:23:00,35.246923,126.619087,KR,DEV-59f3cd81ff
505,1413b0e7-1a59-4cb3-ae7b-bf0ec6ac25ee,46200,MCH-c563ceac18,맥도날드,5814,2026-08-04 12:32:00,35.231239,126.62537,KR,DEV-59f3cd81ff
506,1413b0e7-1a59-4cb3-ae7b-bf0ec6ac25ee,68200,MCH-a5c765e6ce,프리스비,5732,2026-08-04 19:11:00,35.243783,126.610943,KR,DEV-59f3cd81ff
507,1413b0e7-1a59-4cb3-ae7b-bf0ec6ac25ee,48400,MCH-fb4fb59d3a,스타벅스,5814,2026-08-04 20:36:00,35.238384,126.639546,KR,DEV-59f3cd81ff
508,1413b0e7-1a59-4cb3-ae7b-bf0ec6ac25ee,28600,MCH-c563ceac18,맥도날드,5814,2026-08-07 12:59:00,35.22018,126.630189,KR,DEV-59f3cd81ff
509,1413b0e7-1a59-4cb3-ae7b-bf0ec6ac25ee,37400,MCH-c563ceac18,맥도날드,5814,2026-08-07 13:35:00,35.235708,126.60972,KR,DEV-59f3cd81ff
510,1413b0e7-1a59-4cb3-ae7b-bf0ec6ac25ee,330000,MCH-bed94775b8,패스트파이브,7011,2026-08-08 11:12:00,35.266176,126.593754,KR,DEV-59f3cd81ff
511,1413b0e7-1a59-4cb3-ae7b-bf0ec6ac25ee,24200,MCH-c563ceac18,맥도날드,5814,2026-08-08 17:14:00,35.25398,126.637776,KR,DEV-59f3cd81ff
512,1413b0e7-1a59-4cb3-ae7b-bf0ec6ac25ee,121000,MCH-ba944121a3,무신사,5651,2026-08-08 22:58:00,35.261208,126.638158,KR,DEV-59f3cd81ff
513,1413b0e7-1a59-4cb3-ae7b-bf0ec6ac25ee,140800,MCH-ba944121a3,무신사,5651,2026-08-10 14:01:00,35.249836,126.634707,KR,DEV-59f3cd81ff
514,1413b0e7-1a59-4cb3-ae7b-bf0ec6ac25ee,484000,MCH-bed94775b8,패스트파이브,7011,2026-08-10 15:48:00,35.256478,126.622894,KR,DEV-59f3cd81ff
515,1413b0e7-1a59-4cb3-ae7b-bf0ec6ac25ee,638000,MCH-ca5e0a9e0b,AWS,7372,2026-08-10 19:50:00,35.252638,126.618021,KR,DEV-59f3cd81ff
516,1413b0e7-1a59-4cb3-ae7b-bf0ec6ac25ee,198000,MCH-493f24c455,쿠팡,5399,2026-08-10 22:30:00,35.228717,126.636815,KR,DEV-59f3cd81ff
517,1413b0e7-1a59-4cb3-ae7b-bf0ec6ac25ee,220000,MCH-e7751d42a2,올리브영,5977,2026-08-11 09:47:00,35.234085,126.603607,KR,DEV-59f3cd81ff
518,1413b0e7-1a59-4cb3-ae7b-bf0ec6ac25ee,213400,MCH-493f24c455,쿠팡,5399,2026-08-11 12:17:00,35.268695,126.643525,KR,DEV-59f3cd81ff
519,1413b0e7-1a59-4cb3-ae7b-bf0ec6ac25ee,19800,MCH-ab42b36c0b,배달의민족,5812,2026-08-11 15:33:00,35.256843,126.628047,KR,DEV-59f3cd81ff
520,1413b0e7-1a59-4cb3-ae7b-bf0ec6ac25ee,195800,MCH-a5c765e6ce,프리스비,5732,2026-08-11 16:53:00,35.245448,126.594423,KR,DEV-59f3cd81ff
521,1413b0e7-1a59-4cb3-ae7b-bf0ec6ac25ee,22000,MCH-8e35d3c146,김밥천국,5812,2026-08-11 17:57:00,35.254199,126.614747,KR,DEV-59f3cd81ff
522,1413b0e7-1a59-4cb3-ae7b-bf0ec6ac25ee,11000,MCH-fb4fb59d3a,스타벅스,5814,2026-08-11 22:28:00,35.271919,126.632569,KR,DEV-59f3cd81ff
523,1413b0e7-1a59-4cb3-ae7b-bf0ec6ac25ee,220000,MCH-ba944121a3,무신사,5651,2026-08-12 08:32:00,35.252888,126.620689,KR,DEV-59f3cd81ff
524,1413b0e7-1a59-4cb3-ae7b-bf0ec6ac25ee,129800,MCH-493f24c455,쿠팡,5399,2026-08-12 09:51:00,35.269539,126.592561,KR,DEV-59f3cd81ff
525,1413b0e7-1a59-4cb3-ae7b-bf0ec6ac25ee,154000,MCH-a5c765e6ce,프리스비,5732,2026-08-12 16:13:00,35.258517,126.609074,KR,DEV-59f3cd81ff
526,1413b0e7-1a59-4cb3-ae7b-bf0ec6ac25ee,187000,MCH-a5c765e6ce,프리스비,5732,2026-08-12 20:00:00,35.234869,126.617512,KR,DEV-59f3cd81ff
527,1413b0e7-1a59-4cb3-ae7b-bf0ec6ac25ee,33000,MCH-fb4fb59d3a,스타벅스,5814,2026-08-13 14:35:00,35.242668,126.594268,KR,DEV-59f3cd81ff
528,1413b0e7-1a59-4cb3-ae7b-bf0ec6ac25ee,462000,MCH-bed94775b8,패스트파이브,7011,2026-08-13 22:21:00,35.242747,126.592283,KR,DEV-59f3cd81ff
529,1413b0e7-1a59-4cb3-ae7b-bf0ec6ac25ee,165000,MCH-a5c765e6ce,프리스비,5732,2026-08-14 09:30:00,35.270341,126.621764,KR,DEV-59f3cd81ff
530,1413b0e7-1a59-4cb3-ae7b-bf0ec6ac25ee,46200,MCH-fb4fb59d3a,스타벅스,5814,2026-08-14 13:33:00,35.265498,126.613797,KR,DEV-59f3cd81ff
531,1413b0e7-1a59-4cb3-ae7b-bf0ec6ac25ee,3260000,MCH-c3acdc127f,유흥업소,5813,2026-08-15 05:57:00,35.269425,126.631695,KR,DEV-59f3cd81ff
532,1413b0e7-1a59-4cb3-ae7b-bf0ec6ac25ee,114400,MCH-e7751d42a2,올리브영,5977,2026-08-15 09:51:00,35.237341,126.609992,KR,DEV-59f3cd81ff
533,1413b0e7-1a59-4cb3-ae7b-bf0ec6ac25ee,396000,MCH-53b4838ce6,어도비(Adobe),5734,2026-08-15 15:10:00,35.26823,126.601801,KR,DEV-59f3cd81ff
534,1413b0e7-1a59-4cb3-ae7b-bf0ec6ac25ee,165000,MCH-ba944121a3,무신사,5651,2026-08-15 15:23:00,35.239761,126.608925,KR,DEV-59f3cd81ff
535,1413b0e7-1a59-4cb3-ae7b-bf0ec6ac25ee,209000,MCH-493f24c455,쿠팡,5399,2026-08-15 16:58:00,35.253616,126.630623,KR,DEV-59f3cd81ff
536,1413b0e7-1a59-4cb3-ae7b-bf0ec6ac25ee,59400,MCH-ab42b36c0b,배달의민족,5812,2026-08-15 21:51:00,35.237552,126.591409,KR,DEV-59f3cd81ff
537,1413b0e7-1a59-4cb3-ae7b-bf0ec6ac25ee,240000,MCH-489f756ae2,Steam_Global,5816,2026-08-16 02:21:00,35.254705,126.613906,UK,DEV-59f3cd81ff
538,1413b0e7-1a59-4cb3-ae7b-bf0ec6ac25ee,15400,MCH-ab42b36c0b,배달의민족,5812,2026-08-16 13:03:00,35.219578,126.606339,KR,DEV-59f3cd81ff
539,1413b0e7-1a59-4cb3-ae7b-bf0ec6ac25ee,63800,MCH-a5c765e6ce,프리스비,5732,2026-08-16 14:24:00,35.258165,126.641376,KR,DEV-59f3cd81ff
540,1413b0e7-1a59-4cb3-ae7b-bf0ec6ac25ee,29700,MCH-0d60345572,버스,4111,2026-08-16 18:09:00,35.229846,126.616949,KR,DEV-59f3cd81ff
541,1413b0e7-1a59-4cb3-ae7b-bf0ec6ac25ee,4180,MCH-0d60345572,버스,4111,2026-08-16 19:17:00,35.239099,126.614371,KR,DEV-59f3cd81ff
542,1413b0e7-1a59-4cb3-ae7b-bf0ec6ac25ee,550000,MCH-53b4838ce6,어도비(Adobe),5734,2026-08-17 14:19:00,35.252276,126.592013,KR,DEV-59f3cd81ff
543,1413b0e7-1a59-4cb3-ae7b-bf0ec6ac25ee,213400,MCH-493f24c455,쿠팡,5399,2026-08-17 16:37:00,35.265546,126.607623,KR,DEV-59f3cd81ff
544,1413b0e7-1a59-4cb3-ae7b-bf0ec6ac25ee,215600,MCH-e7751d42a2,올리브영,5977,2026-08-17 21:32:00,35.235063,126.603845,KR,DEV-59f3cd81ff
545,1413b0e7-1a59-4cb3-ae7b-bf0ec6ac25ee,26400,MCH-c563ceac18,맥도날드,5814,2026-08-18 13:04:00,35.267958,126.596022,KR,DEV-59f3cd81ff
546,1413b0e7-1a59-4cb3-ae7b-bf0ec6ac25ee,116600,MCH-a5c765e6ce,프리스비,5732,2026-08-18 13:20:00,35.248829,126.612572,KR,DEV-59f3cd81ff
547,1413b0e7-1a59-4cb3-ae7b-bf0ec6ac25ee,220000,MCH-a5c765e6ce,프리스비,5732,2026-08-18 17:02:00,35.25154,126.635618,KR,DEV-59f3cd81ff
548,1413b0e7-1a59-4cb3-ae7b-bf0ec6ac25ee,107800,MCH-e7751d42a2,올리브영,5977,2026-08-18 18:40:00,35.260201,126.637855,KR,DEV-59f3cd81ff
549,1413b0e7-1a59-4cb3-ae7b-bf0ec6ac25ee,17600,MCH-ab42b36c0b,배달의민족,5812,2026-08-19 12:00:00,35.258247,126.617565,KR,DEV-59f3cd81ff
550,1413b0e7-1a59-4cb3-ae7b-bf0ec6ac25ee,187000,MCH-e7751d42a2,올리브영,5977,2026-08-19 21:48:00,35.250412,126.642014,KR,DEV-59f3cd81ff
551,1413b0e7-1a59-4cb3-ae7b-bf0ec6ac25ee,33000,MCH-ab42b36c0b,배달의민족,5812,2026-08-20 12:59:00,35.248132,126.610485,KR,DEV-59f3cd81ff
552,1413b0e7-1a59-4cb3-ae7b-bf0ec6ac25ee,154000,MCH-ca5e0a9e0b,AWS,7372,2026-08-20 15:52:00,35.221181,126.622091,KR,DEV-59f3cd81ff
553,1413b0e7-1a59-4cb3-ae7b-bf0ec6ac25ee,138600,MCH-e7751d42a2,올리브영,5977,2026-08-20 17:06:00,35.266715,126.603187,KR,DEV-59f3cd81ff
554,1413b0e7-1a59-4cb3-ae7b-bf0ec6ac25ee,620000,MCH-fa2d4c28ac,AliExpress_CN,5399,2026-08-20 17:58:00,35.250319,126.643121,UK,DEV-59f3cd81ff
555,1413b0e7-1a59-4cb3-ae7b-bf0ec6ac25ee,10340,MCH-06553b267c,카카오택시,4121,2026-08-21 15:25:00,35.224466,126.637579,KR,DEV-59f3cd81ff
556,1413b0e7-1a59-4cb3-ae7b-bf0ec6ac25ee,209000,MCH-493f24c455,쿠팡,5399,2026-08-21 17:41:00,35.269337,126.617158,KR,DEV-59f3cd81ff
557,1413b0e7-1a59-4cb3-ae7b-bf0ec6ac25ee,440000,MCH-8fff18fdd2,노션,7372,2026-08-21 20:47:00,35.242884,126.600073,KR,DEV-59f3cd81ff
558,1413b0e7-1a59-4cb3-ae7b-bf0ec6ac25ee,105600,MCH-e7751d42a2,올리브영,5977,2026-08-22 20:06:00,35.242633,126.639232,KR,DEV-59f3cd81ff
559,1413b0e7-1a59-4cb3-ae7b-bf0ec6ac25ee,105600,MCH-53b4838ce6,어도비(Adobe),5734,2026-08-22 21:58:00,35.233441,126.611448,KR,DEV-86553523d7
560,1413b0e7-1a59-4cb3-ae7b-bf0ec6ac25ee,59400,MCH-ba944121a3,무신사,5651,2026-08-22 22:27:00,35.230944,126.602681,KR,DEV-59f3cd81ff
561,1413b0e7-1a59-4cb3-ae7b-bf0ec6ac25ee,200200,MCH-a5c765e6ce,프리스비,5732,2026-08-22 22:50:00,35.241679,126.606111,KR,DEV-59f3cd81ff
562,2fb2d148-4fdf-4fad-98a8-64f7a0d4b9ab,63900,MCH-a5c765e6ce,프리스비,5732,2026-05-26 08:52:00,37.368064,127.424635,KR,DEV-a8c2332c96
563,2fb2d148-4fdf-4fad-98a8-64f7a0d4b9ab,234000,MCH-53b4838ce6,어도비(Adobe),5734,2026-05-26 09:20:00,37.396689,127.422674,KR,DEV-a8c2332c96
564,2fb2d148-4fdf-4fad-98a8-64f7a0d4b9ab,13500,MCH-493f24c455,쿠팡,5399,2026-05-27 15:16:00,37.388686,127.420826,KR,DEV-a8c2332c96
565,2fb2d148-4fdf-4fad-98a8-64f7a0d4b9ab,144000,MCH-bed94775b8,패스트파이브,7011,2026-05-29 10:38:00,37.395752,127.408039,KR,DEV-a8c2332c96
566,2fb2d148-4fdf-4fad-98a8-64f7a0d4b9ab,270000,MCH-ca5e0a9e0b,AWS,7372,2026-05-29 17:33:00,37.381381,127.392901,KR,DEV-a8c2332c96
567,2fb2d148-4fdf-4fad-98a8-64f7a0d4b9ab,34200,MCH-a5c765e6ce,프리스비,5732,2026-05-30 09:29:00,37.382709,127.407411,KR,DEV-a8c2332c96
568,2fb2d148-4fdf-4fad-98a8-64f7a0d4b9ab,180000,MCH-ca5e0a9e0b,AWS,7372,2026-05-30 11:51:00,37.38604,127.416667,KR,DEV-a8c2332c96
569,2fb2d148-4fdf-4fad-98a8-64f7a0d4b9ab,17100,MCH-493f24c455,쿠팡,5399,2026-05-30 12:21:00,37.392797,127.388586,KR,DEV-a8c2332c96
570,2fb2d148-4fdf-4fad-98a8-64f7a0d4b9ab,9090,MCH-5df4849ce1,지하철,4111,2026-05-31 21:58:00,37.406054,127.416432,KR,DEV-a8c2332c96
571,2fb2d148-4fdf-4fad-98a8-64f7a0d4b9ab,17820,MCH-5df4849ce1,지하철,4111,2026-06-02 12:57:00,37.387229,127.417349,KR,DEV-a8c2332c96
572,2fb2d148-4fdf-4fad-98a8-64f7a0d4b9ab,8640,MCH-5df4849ce1,지하철,4111,2026-06-02 20:14:00,37.392987,127.387614,KR,DEV-a8c2332c96
573,2fb2d148-4fdf-4fad-98a8-64f7a0d4b9ab,9720,MCH-06553b267c,카카오택시,4121,2026-06-03 14:10:00,37.384962,127.40133,KR,DEV-a8c2332c96
574,2fb2d148-4fdf-4fad-98a8-64f7a0d4b9ab,11520,MCH-5b1162a765,KTX,4112,2026-06-03 22:17:00,37.371147,127.379625,KR,DEV-a8c2332c96
575,2fb2d148-4fdf-4fad-98a8-64f7a0d4b9ab,72000,MCH-8fff18fdd2,노션,7372,2026-06-04 08:31:00,37.364219,127.3789,KR,DEV-a8c2332c96
576,2fb2d148-4fdf-4fad-98a8-64f7a0d4b9ab,63000,MCH-53b4838ce6,어도비(Adobe),5734,2026-06-05 09:29:00,37.399697,127.409498,KR,DEV-a8c2332c96
577,2fb2d148-4fdf-4fad-98a8-64f7a0d4b9ab,81000,MCH-53b4838ce6,어도비(Adobe),5734,2026-06-05 13:51:00,37.41458,127.382183,KR,DEV-a8c2332c96
578,2fb2d148-4fdf-4fad-98a8-64f7a0d4b9ab,54000,MCH-8fff18fdd2,노션,7372,2026-06-06 08:10:00,37.39974,127.386912,KR,DEV-a8c2332c96
579,2fb2d148-4fdf-4fad-98a8-64f7a0d4b9ab,234000,MCH-53b4838ce6,어도비(Adobe),5734,2026-06-06 10:00:00,37.376331,127.421254,KR,DEV-a8c2332c96
580,2fb2d148-4fdf-4fad-98a8-64f7a0d4b9ab,15300,MCH-fb4fb59d3a,스타벅스,5814,2026-06-06 19:39:00,37.366611,127.415045,KR,DEV-a8c2332c96
581,2fb2d148-4fdf-4fad-98a8-64f7a0d4b9ab,63900,MCH-e7751d42a2,올리브영,5977,2026-06-09 18:56:00,37.382451,127.420193,KR,DEV-a8c2332c96
582,2fb2d148-4fdf-4fad-98a8-64f7a0d4b9ab,5400,MCH-fb4fb59d3a,스타벅스,5814,2026-06-12 08:25:00,37.383485,127.378577,KR,DEV-a8c2332c96
583,2fb2d148-4fdf-4fad-98a8-64f7a0d4b9ab,14400,MCH-fb4fb59d3a,스타벅스,5814,2026-06-12 19:47:00,37.387636,127.3874,KR,DEV-a8c2332c96
584,2fb2d148-4fdf-4fad-98a8-64f7a0d4b9ab,6030,MCH-06553b267c,카카오택시,4121,2026-06-12 19:57:00,37.400317,127.388749,KR,DEV-a8c2332c96
585,2fb2d148-4fdf-4fad-98a8-64f7a0d4b9ab,2790,MCH-0d60345572,버스,4111,2026-06-14 09:34:00,37.411168,127.400218,KR,DEV-a8c2332c96
586,2fb2d148-4fdf-4fad-98a8-64f7a0d4b9ab,2700,MCH-06553b267c,카카오택시,4121,2026-06-16 14:31:00,37.382097,127.379531,KR,DEV-a8c2332c96
587,2fb2d148-4fdf-4fad-98a8-64f7a0d4b9ab,6930,MCH-0d60345572,버스,4111,2026-06-16 22:23:00,37.397023,127.386481,KR,DEV-a8c2332c96
588,2fb2d148-4fdf-4fad-98a8-64f7a0d4b9ab,189000,MCH-bed94775b8,패스트파이브,7011,2026-06-18 12:44:00,37.377897,127.419131,KR,DEV-a8c2332c96
589,2fb2d148-4fdf-4fad-98a8-64f7a0d4b9ab,13860,MCH-06553b267c,카카오택시,4121,2026-06-18 14:45:00,37.414661,127.426187,KR,DEV-a8c2332c96
590,2fb2d148-4fdf-4fad-98a8-64f7a0d4b9ab,48600,MCH-e7751d42a2,올리브영,5977,2026-06-18 17:44:00,37.402431,127.428759,KR,DEV-a8c2332c96
591,2fb2d148-4fdf-4fad-98a8-64f7a0d4b9ab,9000,MCH-5df4849ce1,지하철,4111,2026-06-19 13:00:00,37.364802,127.398284,KR,DEV-a8c2332c96
592,2fb2d148-4fdf-4fad-98a8-64f7a0d4b9ab,15300,MCH-c563ceac18,맥도날드,5814,2026-06-19 13:16:00,37.397903,127.421842,KR,DEV-a8c2332c96
593,2fb2d148-4fdf-4fad-98a8-64f7a0d4b9ab,23400,MCH-8e35d3c146,김밥천국,5812,2026-06-20 08:22:00,37.403543,127.378788,KR,DEV-a8c2332c96
594,2fb2d148-4fdf-4fad-98a8-64f7a0d4b9ab,22500,MCH-fb4fb59d3a,스타벅스,5814,2026-06-20 10:42:00,37.36941,127.406101,KR,DEV-a8c2332c96
595,2fb2d148-4fdf-4fad-98a8-64f7a0d4b9ab,51300,MCH-e7751d42a2,올리브영,5977,2026-06-20 21:06:00,37.401664,127.385139,KR,DEV-a8c2332c96
596,2fb2d148-4fdf-4fad-98a8-64f7a0d4b9ab,17100,MCH-ab42b36c0b,배달의민족,5812,2026-06-21 13:48:00,37.371049,127.427197,KR,DEV-a8c2332c96
597,2fb2d148-4fdf-4fad-98a8-64f7a0d4b9ab,153000,MCH-53b4838ce6,어도비(Adobe),5734,2026-06-21 14:28:00,37.376827,127.385248,KR,DEV-a8c2332c96
598,2fb2d148-4fdf-4fad-98a8-64f7a0d4b9ab,14310,MCH-0d60345572,버스,4111,2026-06-21 21:11:00,37.394102,127.419761,KR,DEV-a8c2332c96
599,2fb2d148-4fdf-4fad-98a8-64f7a0d4b9ab,13320,MCH-0d60345572,버스,4111,2026-06-22 10:04:00,37.364151,127.414586,KR,DEV-a8c2332c96
600,2fb2d148-4fdf-4fad-98a8-64f7a0d4b9ab,234000,MCH-bed94775b8,패스트파이브,7011,2026-06-22 20:56:00,37.385057,127.389544,KR,DEV-a8c2332c96
601,2fb2d148-4fdf-4fad-98a8-64f7a0d4b9ab,13500,MCH-a5c765e6ce,프리스비,5732,2026-06-22 22:28:00,37.416845,127.425165,KR,DEV-a8c2332c96
602,2fb2d148-4fdf-4fad-98a8-64f7a0d4b9ab,16200,MCH-c563ceac18,맥도날드,5814,2026-06-23 19:10:00,37.37589,127.417706,KR,DEV-a8c2332c96
603,2fb2d148-4fdf-4fad-98a8-64f7a0d4b9ab,18900,MCH-ab42b36c0b,배달의민족,5812,2026-06-23 20:07:00,37.40668,127.41628,KR,DEV-a8c2332c96
604,2fb2d148-4fdf-4fad-98a8-64f7a0d4b9ab,24300,MCH-fb4fb59d3a,스타벅스,5814,2026-06-24 08:48:00,37.389122,127.415114,KR,DEV-a8c2332c96
605,2fb2d148-4fdf-4fad-98a8-64f7a0d4b9ab,12870,MCH-06553b267c,카카오택시,4121,2026-06-24 14:13:00,37.400795,127.407631,KR,DEV-a8c2332c96
606,2fb2d148-4fdf-4fad-98a8-64f7a0d4b9ab,78300,MCH-e7751d42a2,올리브영,5977,2026-06-24 19:29:00,37.381656,127.406823,KR,DEV-a8c2332c96
607,2fb2d148-4fdf-4fad-98a8-64f7a0d4b9ab,13050,MCH-5df4849ce1,지하철,4111,2026-06-25 12:21:00,37.372048,127.426175,KR,DEV-a8c2332c96
608,2fb2d148-4fdf-4fad-98a8-64f7a0d4b9ab,20700,MCH-a5c765e6ce,프리스비,5732,2026-06-25 16:24:00,37.389571,127.418444,KR,DEV-a8c2332c96
609,2fb2d148-4fdf-4fad-98a8-64f7a0d4b9ab,9000,MCH-8e35d3c146,김밥천국,5812,2026-06-26 08:03:00,37.399226,127.430868,KR,DEV-a8c2332c96
610,2fb2d148-4fdf-4fad-98a8-64f7a0d4b9ab,8100,MCH-c563ceac18,맥도날드,5814,2026-06-26 18:09:00,37.375247,127.392982,KR,DEV-a8c2332c96
611,2fb2d148-4fdf-4fad-98a8-64f7a0d4b9ab,27900,MCH-493f24c455,쿠팡,5399,2026-06-28 08:40:00,37.402101,127.414958,KR,DEV-a8c2332c96
612,2fb2d148-4fdf-4fad-98a8-64f7a0d4b9ab,27900,MCH-a5c765e6ce,프리스비,5732,2026-06-28 10:45:00,37.366434,127.427715,KR,DEV-a8c2332c96
613,2fb2d148-4fdf-4fad-98a8-64f7a0d4b9ab,63000,MCH-53b4838ce6,어도비(Adobe),5734,2026-06-28 14:23:00,37.399089,127.416582,KR,DEV-a8c2332c96
614,2fb2d148-4fdf-4fad-98a8-64f7a0d4b9ab,50000,MCH-cf62dbb6a8,게임아이템_스토어,7994,2026-06-29 13:45:00,37.40656,127.389537,KR,DEV-a8c2332c96
615,2fb2d148-4fdf-4fad-98a8-64f7a0d4b9ab,50000,MCH-cf62dbb6a8,게임아이템_스토어,7994,2026-06-29 13:46:00,37.40656,127.389537,KR,DEV-a8c2332c96
616,2fb2d148-4fdf-4fad-98a8-64f7a0d4b9ab,50000,MCH-cf62dbb6a8,게임아이템_스토어,7994,2026-06-29 13:47:00,37.40656,127.389537,KR,DEV-a8c2332c96
617,2fb2d148-4fdf-4fad-98a8-64f7a0d4b9ab,117000,MCH-bed94775b8,패스트파이브,7011,2026-06-29 14:12:00,37.3909,127.399652,KR,DEV-a8c2332c96
618,2fb2d148-4fdf-4fad-98a8-64f7a0d4b9ab,5400,MCH-c563ceac18,맥도날드,5814,2026-06-29 22:49:00,37.370568,127.424402,KR,DEV-a8c2332c96
619,2fb2d148-4fdf-4fad-98a8-64f7a0d4b9ab,18000,MCH-fb4fb59d3a,스타벅스,5814,2026-06-30 12:24:00,37.398923,127.430611,KR,DEV-a8c2332c96
620,2fb2d148-4fdf-4fad-98a8-64f7a0d4b9ab,27000,MCH-a5c765e6ce,프리스비,5732,2026-06-30 20:01:00,37.365903,127.428136,KR,DEV-a8c2332c96
621,2fb2d148-4fdf-4fad-98a8-64f7a0d4b9ab,8100,MCH-c563ceac18,맥도날드,5814,2026-06-30 20:04:00,37.382929,127.425877,KR,DEV-a8c2332c96
622,2fb2d148-4fdf-4fad-98a8-64f7a0d4b9ab,630000,MCH-fa2d4c28ac,AliExpress_CN,5399,2026-07-01 12:29:00,37.366713,127.399,US,DEV-a8c2332c96
623,2fb2d148-4fdf-4fad-98a8-64f7a0d4b9ab,27000,MCH-a5c765e6ce,프리스비,5732,2026-07-01 14:31:00,37.384617,127.385829,KR,DEV-a8c2332c96
624,2fb2d148-4fdf-4fad-98a8-64f7a0d4b9ab,14400,MCH-8e35d3c146,김밥천국,5812,2026-07-02 08:19:00,37.396377,127.387254,KR,DEV-a8c2332c96
625,2fb2d148-4fdf-4fad-98a8-64f7a0d4b9ab,2700,MCH-0d60345572,버스,4111,2026-07-02 12:37:00,37.36824,127.404744,KR,DEV-a8c2332c96
626,2fb2d148-4fdf-4fad-98a8-64f7a0d4b9ab,63000,MCH-ba944121a3,무신사,5651,2026-07-02 14:12:00,37.40494,127.39083,KR,DEV-a8c2332c96
627,2fb2d148-4fdf-4fad-98a8-64f7a0d4b9ab,4050,MCH-5b1162a765,KTX,4112,2026-07-03 09:18:00,37.373951,127.422818,KR,DEV-a8c2332c96
628,2fb2d148-4fdf-4fad-98a8-64f7a0d4b9ab,88200,MCH-e7751d42a2,올리브영,5977,2026-07-03 16:44:00,37.377516,127.419538,KR,DEV-a8c2332c96
629,2fb2d148-4fdf-4fad-98a8-64f7a0d4b9ab,13590,MCH-06553b267c,카카오택시,4121,2026-07-03 19:31:00,37.400099,127.382543,KR,DEV-a8c2332c96
630,2fb2d148-4fdf-4fad-98a8-64f7a0d4b9ab,9720,MCH-06553b267c,카카오택시,4121,2026-07-05 16:15:00,37.416347,127.387151,KR,DEV-a8c2332c96
631,2fb2d148-4fdf-4fad-98a8-64f7a0d4b9ab,234000,MCH-53b4838ce6,어도비(Adobe),5734,2026-07-05 17:36:00,37.376671,127.393879,KR,DEV-a8c2332c96
632,2fb2d148-4fdf-4fad-98a8-64f7a0d4b9ab,4410,MCH-5df4849ce1,지하철,4111,2026-07-05 19:18:00,37.377945,127.387927,KR,DEV-a8c2332c96
633,2fb2d148-4fdf-4fad-98a8-64f7a0d4b9ab,22500,MCH-493f24c455,쿠팡,5399,2026-07-06 19:53:00,37.41501,127.378939,KR,DEV-a8c2332c96
634,2fb2d148-4fdf-4fad-98a8-64f7a0d4b9ab,14400,MCH-ab42b36c0b,배달의민족,5812,2026-07-06 21:29:00,37.399826,127.404061,KR,DEV-a8c2332c96
635,2fb2d148-4fdf-4fad-98a8-64f7a0d4b9ab,36000,MCH-e7751d42a2,올리브영,5977,2026-07-07 13:15:00,37.4068,127.391561,KR,DEV-a8c2332c96
636,2fb2d148-4fdf-4fad-98a8-64f7a0d4b9ab,10530,MCH-5b1162a765,KTX,4112,2026-07-07 17:45:00,37.394164,127.391578,KR,DEV-a8c2332c96
637,2fb2d148-4fdf-4fad-98a8-64f7a0d4b9ab,25200,MCH-8e35d3c146,김밥천국,5812,2026-07-07 17:49:00,37.394197,127.430635,KR,DEV-a8c2332c96
638,2fb2d148-4fdf-4fad-98a8-64f7a0d4b9ab,20700,MCH-fb4fb59d3a,스타벅스,5814,2026-07-09 13:59:00,37.373265,127.392496,KR,DEV-a8c2332c96
639,2fb2d148-4fdf-4fad-98a8-64f7a0d4b9ab,5580,MCH-0d60345572,버스,4111,2026-07-09 20:25:00,37.397116,127.427866,KR,DEV-a8c2332c96
640,2fb2d148-4fdf-4fad-98a8-64f7a0d4b9ab,5490,MCH-5b1162a765,KTX,4112,2026-07-10 09:54:00,37.383759,127.397671,KR,DEV-a8c2332c96
641,2fb2d148-4fdf-4fad-98a8-64f7a0d4b9ab,14400,MCH-c563ceac18,맥도날드,5814,2026-07-10 20:45:00,37.364425,127.424094,KR,DEV-a8c2332c96
642,2fb2d148-4fdf-4fad-98a8-64f7a0d4b9ab,88200,MCH-e7751d42a2,올리브영,5977,2026-07-12 16:37:00,37.407673,127.379906,KR,DEV-a8c2332c96
643,2fb2d148-4fdf-4fad-98a8-64f7a0d4b9ab,6390,MCH-5b1162a765,KTX,4112,2026-07-12 18:49:00,37.375233,127.420823,KR,DEV-a8c2332c96
644,2fb2d148-4fdf-4fad-98a8-64f7a0d4b9ab,8280,MCH-06553b267c,카카오택시,4121,2026-07-12 20:20:00,37.406538,127.38557,KR,DEV-a8c2332c96
645,2fb2d148-4fdf-4fad-98a8-64f7a0d4b9ab,252000,MCH-8fff18fdd2,노션,7372,2026-07-16 22:11:00,37.3809,127.388365,KR,DEV-a8c2332c96
646,2fb2d148-4fdf-4fad-98a8-64f7a0d4b9ab,3420,MCH-5b1162a765,KTX,4112,2026-07-16 22:59:00,37.371373,127.383561,KR,DEV-a8c2332c96
647,2fb2d148-4fdf-4fad-98a8-64f7a0d4b9ab,17100,MCH-8e35d3c146,김밥천국,5812,2026-07-17 15:08:00,37.411007,127.421405,KR,DEV-a8c2332c96
648,2fb2d148-4fdf-4fad-98a8-64f7a0d4b9ab,26100,MCH-493f24c455,쿠팡,5399,2026-07-17 15:12:00,37.409322,127.412222,KR,DEV-a8c2332c96
649,2fb2d148-4fdf-4fad-98a8-64f7a0d4b9ab,243000,MCH-53b4838ce6,어도비(Adobe),5734,2026-07-17 16:26:00,37.372536,127.412094,KR,DEV-a8c2332c96
650,2fb2d148-4fdf-4fad-98a8-64f7a0d4b9ab,17100,MCH-493f24c455,쿠팡,5399,2026-07-18 08:58:00,37.383557,127.412146,KR,DEV-a8c2332c96
651,2fb2d148-4fdf-4fad-98a8-64f7a0d4b9ab,198000,MCH-bed94775b8,패스트파이브,7011,2026-07-18 09:01:00,37.404947,127.414913,KR,DEV-a8c2332c96
652,2fb2d148-4fdf-4fad-98a8-64f7a0d4b9ab,5400,MCH-ab42b36c0b,배달의민족,5812,2026-07-18 18:52:00,37.385679,127.3876,KR,DEV-a8c2332c96
653,2fb2d148-4fdf-4fad-98a8-64f7a0d4b9ab,4050,MCH-5df4849ce1,지하철,4111,2026-07-19 14:01:00,37.367245,127.387132,KR,DEV-a8c2332c96
654,2fb2d148-4fdf-4fad-98a8-64f7a0d4b9ab,189000,MCH-bed94775b8,패스트파이브,7011,2026-07-20 20:40:00,37.401115,127.383732,KR,DEV-a8c2332c96
655,2fb2d148-4fdf-4fad-98a8-64f7a0d4b9ab,89100,MCH-e7751d42a2,올리브영,5977,2026-07-21 18:13:00,37.406076,127.395654,KR,DEV-a8c2332c96
656,2fb2d148-4fdf-4fad-98a8-64f7a0d4b9ab,14400,MCH-ab42b36c0b,배달의민족,5812,2026-07-21 19:09:00,37.412797,127.387789,KR,DEV-a8c2332c96
657,2fb2d148-4fdf-4fad-98a8-64f7a0d4b9ab,20700,MCH-c563ceac18,맥도날드,5814,2026-07-21 19:40:00,37.384815,127.42606,KR,DEV-a8c2332c96
658,2fb2d148-4fdf-4fad-98a8-64f7a0d4b9ab,13320,MCH-5df4849ce1,지하철,4111,2026-07-22 17:38:00,37.398284,127.418729,KR,DEV-a8c2332c96
659,2fb2d148-4fdf-4fad-98a8-64f7a0d4b9ab,270000,MCH-ca5e0a9e0b,AWS,7372,2026-07-23 13:14:00,37.389297,127.414547,KR,DEV-a8c2332c96
660,2fb2d148-4fdf-4fad-98a8-64f7a0d4b9ab,12150,MCH-06553b267c,카카오택시,4121,2026-07-23 14:05:00,37.38657,127.381769,KR,DEV-a8c2332c96
661,2fb2d148-4fdf-4fad-98a8-64f7a0d4b9ab,8100,MCH-fb4fb59d3a,스타벅스,5814,2026-07-24 14:06:00,37.374499,127.379146,KR,DEV-a8c2332c96
662,2fb2d148-4fdf-4fad-98a8-64f7a0d4b9ab,71100,MCH-493f24c455,쿠팡,5399,2026-07-24 20:10:00,37.373825,127.409879,KR,DEV-a8c2332c96
663,2fb2d148-4fdf-4fad-98a8-64f7a0d4b9ab,23400,MCH-a5c765e6ce,프리스비,5732,2026-07-24 21:31:00,37.409386,127.421581,KR,DEV-a8c2332c96
664,2fb2d148-4fdf-4fad-98a8-64f7a0d4b9ab,243000,MCH-ca5e0a9e0b,AWS,7372,2026-07-25 10:09:00,37.377891,127.384907,KR,DEV-a8c2332c96
665,2fb2d148-4fdf-4fad-98a8-64f7a0d4b9ab,42300,MCH-e7751d42a2,올리브영,5977,2026-07-25 10:22:00,37.413403,127.40454,KR,DEV-a8c2332c96
666,2fb2d148-4fdf-4fad-98a8-64f7a0d4b9ab,18000,MCH-8e35d3c146,김밥천국,5812,2026-07-25 11:20:00,37.404885,127.405933,KR,DEV-a8c2332c96
667,2fb2d148-4fdf-4fad-98a8-64f7a0d4b9ab,252000,MCH-ca5e0a9e0b,AWS,7372,2026-07-26 13:25:00,37.399639,127.414106,KR,DEV-a8c2332c96
668,2fb2d148-4fdf-4fad-98a8-64f7a0d4b9ab,15300,MCH-fb4fb59d3a,스타벅스,5814,2026-07-27 11:53:00,37.397095,127.43074,KR,DEV-a8c2332c96
669,2fb2d148-4fdf-4fad-98a8-64f7a0d4b9ab,16470,MCH-06553b267c,카카오택시,4121,2026-07-28 09:14:00,37.405432,127.412369,KR,DEV-a8c2332c96
670,2fb2d148-4fdf-4fad-98a8-64f7a0d4b9ab,11700,MCH-fb4fb59d3a,스타벅스,5814,2026-07-28 14:43:00,37.376917,127.423282,KR,DEV-a8c2332c96
671,2fb2d148-4fdf-4fad-98a8-64f7a0d4b9ab,10800,MCH-ab42b36c0b,배달의민족,5812,2026-07-28 21:35:00,37.3786,127.4218,KR,DEV-a8c2332c96
672,2fb2d148-4fdf-4fad-98a8-64f7a0d4b9ab,79200,MCH-a5c765e6ce,프리스비,5732,2026-07-29 21:46:00,37.366792,127.419469,KR,DEV-a8c2332c96
673,2fb2d148-4fdf-4fad-98a8-64f7a0d4b9ab,8640,MCH-0d60345572,버스,4111,2026-07-30 12:36:00,37.380657,127.392026,KR,DEV-a8c2332c96
674,2fb2d148-4fdf-4fad-98a8-64f7a0d4b9ab,16200,MCH-fb4fb59d3a,스타벅스,5814,2026-07-30 19:17:00,37.373114,127.41091,KR,DEV-a8c2332c96
675,2fb2d148-4fdf-4fad-98a8-64f7a0d4b9ab,27000,MCH-8e35d3c146,김밥천국,5812,2026-07-31 08:51:00,37.393267,127.396399,KR,DEV-a8c2332c96
676,2fb2d148-4fdf-4fad-98a8-64f7a0d4b9ab,81000,MCH-ba944121a3,무신사,5651,2026-07-31 11:37:00,37.378375,127.407849,KR,DEV-a8c2332c96
677,2fb2d148-4fdf-4fad-98a8-64f7a0d4b9ab,7200,MCH-8e35d3c146,김밥천국,5812,2026-08-01 10:46:00,37.416471,127.413097,KR,DEV-a8c2332c96
678,2fb2d148-4fdf-4fad-98a8-64f7a0d4b9ab,26100,MCH-c563ceac18,맥도날드,5814,2026-08-01 19:27:00,37.371783,127.381023,KR,DEV-a8c2332c96
679,2fb2d148-4fdf-4fad-98a8-64f7a0d4b9ab,9900,MCH-8e35d3c146,김밥천국,5812,2026-08-02 09:10:00,37.394316,127.401596,KR,DEV-a8c2332c96
680,2fb2d148-4fdf-4fad-98a8-64f7a0d4b9ab,27900,MCH-a5c765e6ce,프리스비,5732,2026-08-02 15:41:00,37.411974,127.389565,KR,DEV-a8c2332c96
681,2fb2d148-4fdf-4fad-98a8-64f7a0d4b9ab,16290,MCH-5b1162a765,KTX,4112,2026-08-02 16:26:00,37.405025,127.401947,KR,DEV-a8c2332c96
682,2fb2d148-4fdf-4fad-98a8-64f7a0d4b9ab,36000,MCH-e7751d42a2,올리브영,5977,2026-08-03 09:38:00,37.400717,127.425716,KR,DEV-a8c2332c96
683,2fb2d148-4fdf-4fad-98a8-64f7a0d4b9ab,12330,MCH-0d60345572,버스,4111,2026-08-04 08:45:00,37.417379,127.407496,KR,DEV-a8c2332c96
684,2fb2d148-4fdf-4fad-98a8-64f7a0d4b9ab,34200,MCH-e7751d42a2,올리브영,5977,2026-08-04 11:07:00,37.373875,127.428618,KR,DEV-a8c2332c96
685,2fb2d148-4fdf-4fad-98a8-64f7a0d4b9ab,9360,MCH-06553b267c,카카오택시,4121,2026-08-04 15:51:00,37.372263,127.408742,KR,DEV-a8c2332c96
686,2fb2d148-4fdf-4fad-98a8-64f7a0d4b9ab,12780,MCH-5b1162a765,KTX,4112,2026-08-05 14:19:00,37.394031,127.398447,KR,DEV-a8c2332c96
687,2fb2d148-4fdf-4fad-98a8-64f7a0d4b9ab,14400,MCH-c563ceac18,맥도날드,5814,2026-08-06 13:44:00,37.377581,127.394933,KR,DEV-a8c2332c96
688,2fb2d148-4fdf-4fad-98a8-64f7a0d4b9ab,14310,MCH-0d60345572,버스,4111,2026-08-06 14:39:00,37.374459,127.408891,KR,DEV-a8c2332c96
689,2fb2d148-4fdf-4fad-98a8-64f7a0d4b9ab,144000,MCH-bed94775b8,패스트파이브,7011,2026-08-06 14:44:00,37.411521,127.381873,KR,DEV-a8c2332c96
690,2fb2d148-4fdf-4fad-98a8-64f7a0d4b9ab,47700,MCH-ba944121a3,무신사,5651,2026-08-07 11:05:00,37.392288,127.40207,KR,DEV-a8c2332c96
691,2fb2d148-4fdf-4fad-98a8-64f7a0d4b9ab,33300,MCH-493f24c455,쿠팡,5399,2026-08-07 13:22:00,37.374822,127.414613,KR,DEV-a8c2332c96
692,2fb2d148-4fdf-4fad-98a8-64f7a0d4b9ab,78300,MCH-a5c765e6ce,프리스비,5732,2026-08-07 19:24:00,37.369634,127.411385,KR,DEV-a8c2332c96
693,2fb2d148-4fdf-4fad-98a8-64f7a0d4b9ab,26100,MCH-ab42b36c0b,배달의민족,5812,2026-08-08 12:55:00,37.386069,127.400554,KR,DEV-a8c2332c96
694,2fb2d148-4fdf-4fad-98a8-64f7a0d4b9ab,83700,MCH-e7751d42a2,올리브영,5977,2026-08-08 14:22:00,37.397248,127.407309,KR,DEV-a8c2332c96
695,2fb2d148-4fdf-4fad-98a8-64f7a0d4b9ab,21600,MCH-ab42b36c0b,배달의민족,5812,2026-08-09 09:25:00,37.380309,127.390974,KR,DEV-a8c2332c96
696,2fb2d148-4fdf-4fad-98a8-64f7a0d4b9ab,45000,MCH-e7751d42a2,올리브영,5977,2026-08-09 17:28:00,37.396314,127.390282,KR,DEV-a8c2332c96
697,2fb2d148-4fdf-4fad-98a8-64f7a0d4b9ab,29700,MCH-a5c765e6ce,프리스비,5732,2026-08-10 11:03:00,37.377952,127.405484,KR,DEV-a8c2332c96
698,2fb2d148-4fdf-4fad-98a8-64f7a0d4b9ab,79200,MCH-a5c765e6ce,프리스비,5732,2026-08-10 18:52:00,37.390747,127.383996,KR,DEV-a8c2332c96
699,2fb2d148-4fdf-4fad-98a8-64f7a0d4b9ab,81000,MCH-bed94775b8,패스트파이브,7011,2026-08-11 08:44:00,37.372217,127.42935,KR,DEV-a8c2332c96
700,2fb2d148-4fdf-4fad-98a8-64f7a0d4b9ab,13230,MCH-0d60345572,버스,4111,2026-08-11 13:12:00,37.410202,127.418233,KR,DEV-a8c2332c96
701,2fb2d148-4fdf-4fad-98a8-64f7a0d4b9ab,72000,MCH-8fff18fdd2,노션,7372,2026-08-12 10:49:00,37.366645,127.378541,KR,DEV-a8c2332c96
702,2fb2d148-4fdf-4fad-98a8-64f7a0d4b9ab,54000,MCH-ca5e0a9e0b,AWS,7372,2026-08-12 11:00:00,37.38924,127.408715,KR,DEV-a8c2332c96
703,2fb2d148-4fdf-4fad-98a8-64f7a0d4b9ab,4680,MCH-06553b267c,카카오택시,4121,2026-08-12 19:39:00,37.378727,127.400458,KR,DEV-a8c2332c96
704,2fb2d148-4fdf-4fad-98a8-64f7a0d4b9ab,27000,MCH-8e35d3c146,김밥천국,5812,2026-08-13 09:59:00,37.400317,127.40254,KR,DEV-a8c2332c96
705,2fb2d148-4fdf-4fad-98a8-64f7a0d4b9ab,35100,MCH-e7751d42a2,올리브영,5977,2026-08-13 12:44:00,37.375498,127.380779,KR,DEV-a8c2332c96
706,2fb2d148-4fdf-4fad-98a8-64f7a0d4b9ab,35100,MCH-ba944121a3,무신사,5651,2026-08-13 13:37:00,37.384962,127.396317,KR,DEV-a8c2332c96
707,2fb2d148-4fdf-4fad-98a8-64f7a0d4b9ab,1710,MCH-06553b267c,카카오택시,4121,2026-08-14 12:14:00,37.388424,127.386959,KR,DEV-a8c2332c96
708,2fb2d148-4fdf-4fad-98a8-64f7a0d4b9ab,36900,MCH-493f24c455,쿠팡,5399,2026-08-14 12:56:00,37.367611,127.427577,KR,DEV-a8c2332c96
709,2fb2d148-4fdf-4fad-98a8-64f7a0d4b9ab,17100,MCH-a5c765e6ce,프리스비,5732,2026-08-14 21:15:00,37.408494,127.385578,KR,DEV-a8c2332c96
710,2fb2d148-4fdf-4fad-98a8-64f7a0d4b9ab,2070,MCH-06553b267c,카카오택시,4121,2026-08-15 16:50:00,37.40116,127.420358,KR,DEV-a8c2332c96
711,2fb2d148-4fdf-4fad-98a8-64f7a0d4b9ab,225000,MCH-53b4838ce6,어도비(Adobe),5734,2026-08-15 18:31:00,37.395183,127.37977,KR,DEV-a8c2332c96
712,2fb2d148-4fdf-4fad-98a8-64f7a0d4b9ab,78300,MCH-a5c765e6ce,프리스비,5732,2026-08-15 21:17:00,37.41502,127.394023,KR,DEV-a8c2332c96
713,2fb2d148-4fdf-4fad-98a8-64f7a0d4b9ab,2610,MCH-0d60345572,버스,4111,2026-08-16 10:14:00,37.377936,127.430766,KR,DEV-a8c2332c96
714,2fb2d148-4fdf-4fad-98a8-64f7a0d4b9ab,19800,MCH-c563ceac18,맥도날드,5814,2026-08-16 17:17:00,37.40647,127.396878,KR,DEV-a8c2332c96
715,2fb2d148-4fdf-4fad-98a8-64f7a0d4b9ab,36000,MCH-a5c765e6ce,프리스비,5732,2026-08-17 11:08:00,37.40432,127.416511,KR,DEV-a8c2332c96
716,2fb2d148-4fdf-4fad-98a8-64f7a0d4b9ab,8100,MCH-fb4fb59d3a,스타벅스,5814,2026-08-17 13:25:00,37.37198,127.419937,KR,DEV-a8c2332c96
717,2fb2d148-4fdf-4fad-98a8-64f7a0d4b9ab,90000,MCH-493f24c455,쿠팡,5399,2026-08-20 22:27:00,37.385763,127.400897,KR,DEV-a8c2332c96
718,2fb2d148-4fdf-4fad-98a8-64f7a0d4b9ab,22500,MCH-ab42b36c0b,배달의민족,5812,2026-08-21 13:13:00,37.38073,127.425636,KR,DEV-a8c2332c96
719,2fb2d148-4fdf-4fad-98a8-64f7a0d4b9ab,21600,MCH-8e35d3c146,김밥천국,5812,2026-08-21 17:22:00,37.364272,127.423326,KR,DEV-a8c2332c96
720,2fb2d148-4fdf-4fad-98a8-64f7a0d4b9ab,9000,MCH-8e35d3c146,김밥천국,5812,2026-08-22 11:01:00,37.403407,127.407122,KR,DEV-a8c2332c96
721,3625e102-c65f-4cc7-a761-622b3c3c1e68,104000,MCH-8fff18fdd2,노션,7372,2026-05-25 15:51:00,35.422491,127.470843,KR,DEV-842bd7ddc9
722,3625e102-c65f-4cc7-a761-622b3c3c1e68,260000,MCH-8fff18fdd2,노션,7372,2026-05-26 21:26:00,35.461759,127.425221,KR,DEV-842bd7ddc9
723,3625e102-c65f-4cc7-a761-622b3c3c1e68,156000,MCH-bed94775b8,패스트파이브,7011,2026-05-28 17:38:00,35.436096,127.423629,KR,DEV-842bd7ddc9
724,3625e102-c65f-4cc7-a761-622b3c3c1e68,5070,MCH-5df4849ce1,지하철,4111,2026-05-29 13:24:00,35.425398,127.463372,KR,DEV-842bd7ddc9
725,3625e102-c65f-4cc7-a761-622b3c3c1e68,312000,MCH-bed94775b8,패스트파이브,7011,2026-05-29 14:33:00,35.41701,127.434713,KR,DEV-842bd7ddc9
726,3625e102-c65f-4cc7-a761-622b3c3c1e68,286000,MCH-53b4838ce6,어도비(Adobe),5734,2026-05-30 19:39:00,35.439285,127.455646,KR,DEV-842bd7ddc9
727,3625e102-c65f-4cc7-a761-622b3c3c1e68,79300,MCH-e7751d42a2,올리브영,5977,2026-05-30 22:50:00,35.447769,127.45678,KR,DEV-842bd7ddc9
728,3625e102-c65f-4cc7-a761-622b3c3c1e68,325000,MCH-8fff18fdd2,노션,7372,2026-05-31 20:59:00,35.439074,127.455993,KR,DEV-842bd7ddc9
729,3625e102-c65f-4cc7-a761-622b3c3c1e68,67600,MCH-a5c765e6ce,프리스비,5732,2026-06-01 08:45:00,35.44001,127.428968,KR,DEV-842bd7ddc9
730,3625e102-c65f-4cc7-a761-622b3c3c1e68,104000,MCH-8fff18fdd2,노션,7372,2026-06-01 19:39:00,35.430681,127.456772,KR,DEV-842bd7ddc9
731,3625e102-c65f-4cc7-a761-622b3c3c1e68,143000,MCH-bed94775b8,패스트파이브,7011,2026-06-01 22:27:00,35.417757,127.432758,KR,DEV-842bd7ddc9
732,3625e102-c65f-4cc7-a761-622b3c3c1e68,23400,MCH-c563ceac18,맥도날드,5814,2026-06-02 13:19:00,35.417475,127.458029,KR,DEV-842bd7ddc9
733,3625e102-c65f-4cc7-a761-622b3c3c1e68,44200,MCH-e7751d42a2,올리브영,5977,2026-06-05 18:42:00,35.423252,127.462735,KR,DEV-842bd7ddc9
734,3625e102-c65f-4cc7-a761-622b3c3c1e68,19500,MCH-8fff18fdd2,노션,7372,2026-06-05 19:38:00,35.830656,127.528382,KR,DEV-842bd7ddc9
735,3625e102-c65f-4cc7-a761-622b3c3c1e68,24700,MCH-c563ceac18,맥도날드,5814,2026-06-07 08:20:00,35.447727,127.455128,KR,DEV-842bd7ddc9
736,3625e102-c65f-4cc7-a761-622b3c3c1e68,5330,MCH-0d60345572,버스,4111,2026-06-07 12:31:00,35.467126,127.444127,KR,DEV-842bd7ddc9
737,3625e102-c65f-4cc7-a761-622b3c3c1e68,24700,MCH-06553b267c,카카오택시,4121,2026-06-07 18:39:00,35.448554,127.437833,KR,DEV-842bd7ddc9
738,3625e102-c65f-4cc7-a761-622b3c3c1e68,325000,MCH-53b4838ce6,어도비(Adobe),5734,2026-06-08 11:20:00,35.418273,127.470359,KR,DEV-842bd7ddc9
739,3625e102-c65f-4cc7-a761-622b3c3c1e68,377000,MCH-ca5e0a9e0b,AWS,7372,2026-06-09 10:36:00,35.437554,127.457502,KR,DEV-842bd7ddc9
740,3625e102-c65f-4cc7-a761-622b3c3c1e68,15600,MCH-c563ceac18,맥도날드,5814,2026-06-09 15:24:00,35.445398,127.47513,KR,DEV-842bd7ddc9
741,3625e102-c65f-4cc7-a761-622b3c3c1e68,312000,MCH-ca5e0a9e0b,AWS,7372,2026-06-10 18:01:00,35.419202,127.435128,KR,DEV-842bd7ddc9
742,3625e102-c65f-4cc7-a761-622b3c3c1e68,182000,MCH-ca5e0a9e0b,AWS,7372,2026-06-11 08:24:00,35.430676,127.436771,KR,DEV-842bd7ddc9
743,3625e102-c65f-4cc7-a761-622b3c3c1e68,33800,MCH-ab42b36c0b,배달의민족,5812,2026-06-12 16:34:00,35.424312,127.44378,KR,DEV-842bd7ddc9
744,3625e102-c65f-4cc7-a761-622b3c3c1e68,234000,MCH-bed94775b8,패스트파이브,7011,2026-06-13 22:39:00,35.439708,127.427154,KR,DEV-842bd7ddc9
745,3625e102-c65f-4cc7-a761-622b3c3c1e68,122200,MCH-ba944121a3,무신사,5651,2026-06-15 10:35:00,35.423659,127.435076,KR,DEV-842bd7ddc9
746,3625e102-c65f-4cc7-a761-622b3c3c1e68,21060,MCH-06553b267c,카카오택시,4121,2026-06-15 21:22:00,35.415286,127.436152,KR,DEV-842bd7ddc9
747,3625e102-c65f-4cc7-a761-622b3c3c1e68,12610,MCH-5df4849ce1,지하철,4111,2026-06-16 17:06:00,35.446865,127.473513,KR,DEV-842bd7ddc9
748,3625e102-c65f-4cc7-a761-622b3c3c1e68,156000,MCH-53b4838ce6,어도비(Adobe),5734,2026-06-16 17:27:00,35.461681,127.471405,KR,DEV-842bd7ddc9
749,3625e102-c65f-4cc7-a761-622b3c3c1e68,65000,MCH-ca5e0a9e0b,AWS,7372,2026-06-17 08:48:00,35.416582,127.446364,KR,DEV-842bd7ddc9
750,3625e102-c65f-4cc7-a761-622b3c3c1e68,105300,MCH-ba944121a3,무신사,5651,2026-06-17 14:27:00,35.454137,127.454613,KR,DEV-842bd7ddc9
751,3625e102-c65f-4cc7-a761-622b3c3c1e68,54600,MCH-ba944121a3,무신사,5651,2026-06-17 22:17:00,35.445982,127.436421,KR,DEV-842bd7ddc9
752,3625e102-c65f-4cc7-a761-622b3c3c1e68,37700,MCH-fb4fb59d3a,스타벅스,5814,2026-06-18 11:51:00,35.428261,127.445413,KR,DEV-842bd7ddc9
753,3625e102-c65f-4cc7-a761-622b3c3c1e68,234000,MCH-53b4838ce6,어도비(Adobe),5734,2026-06-18 17:03:00,35.436246,127.427368,KR,DEV-842bd7ddc9
754,3625e102-c65f-4cc7-a761-622b3c3c1e68,35100,MCH-ab42b36c0b,배달의민족,5812,2026-06-19 11:23:00,35.444591,127.460704,KR,DEV-842bd7ddc9
755,3625e102-c65f-4cc7-a761-622b3c3c1e68,22100,MCH-fb4fb59d3a,스타벅스,5814,2026-06-19 15:42:00,35.45351,127.444443,KR,DEV-842bd7ddc9
756,3625e102-c65f-4cc7-a761-622b3c3c1e68,19500,MCH-e7751d42a2,올리브영,5977,2026-06-19 18:21:00,35.435359,127.466437,KR,DEV-842bd7ddc9
757,3625e102-c65f-4cc7-a761-622b3c3c1e68,830000,MCH-489f756ae2,Steam_Global,5816,2026-06-20 07:31:00,35.432275,127.443718,CN,DEV-842bd7ddc9
758,3625e102-c65f-4cc7-a761-622b3c3c1e68,390000,MCH-ca5e0a9e0b,AWS,7372,2026-06-20 16:27:00,35.421496,127.460095,KR,DEV-842bd7ddc9
759,3625e102-c65f-4cc7-a761-622b3c3c1e68,195000,MCH-8fff18fdd2,노션,7372,2026-06-20 20:58:00,35.431872,127.469339,KR,DEV-842bd7ddc9
760,3625e102-c65f-4cc7-a761-622b3c3c1e68,195000,MCH-ca5e0a9e0b,AWS,7372,2026-06-21 08:55:00,35.457486,127.428335,KR,DEV-842bd7ddc9
761,3625e102-c65f-4cc7-a761-622b3c3c1e68,81900,MCH-a5c765e6ce,프리스비,5732,2026-06-22 21:53:00,35.461257,127.475612,KR,DEV-842bd7ddc9
762,3625e102-c65f-4cc7-a761-622b3c3c1e68,338000,MCH-53b4838ce6,어도비(Adobe),5734,2026-06-24 14:12:00,35.429702,127.434828,KR,DEV-842bd7ddc9
763,3625e102-c65f-4cc7-a761-622b3c3c1e68,247000,MCH-ca5e0a9e0b,AWS,7372,2026-06-25 16:36:00,35.453084,127.426184,KR,DEV-842bd7ddc9
764,3625e102-c65f-4cc7-a761-622b3c3c1e68,65000,MCH-ca5e0a9e0b,AWS,7372,2026-06-25 20:18:00,35.432185,127.473873,KR,DEV-842bd7ddc9
765,3625e102-c65f-4cc7-a761-622b3c3c1e68,97500,MCH-ba944121a3,무신사,5651,2026-06-26 08:57:00,35.461091,127.459888,KR,DEV-842bd7ddc9
766,3625e102-c65f-4cc7-a761-622b3c3c1e68,143000,MCH-bed94775b8,패스트파이브,7011,2026-06-26 12:19:00,35.431865,127.429541,KR,DEV-842bd7ddc9
767,3625e102-c65f-4cc7-a761-622b3c3c1e68,57200,MCH-a5c765e6ce,프리스비,5732,2026-06-27 09:34:00,35.428115,127.449108,KR,DEV-842bd7ddc9
768,3625e102-c65f-4cc7-a761-622b3c3c1e68,24700,MCH-fb4fb59d3a,스타벅스,5814,2026-06-28 22:14:00,35.434202,127.458349,KR,DEV-842bd7ddc9
769,3625e102-c65f-4cc7-a761-622b3c3c1e68,338000,MCH-ca5e0a9e0b,AWS,7372,2026-06-29 14:56:00,35.460992,127.44653,KR,DEV-842bd7ddc9
770,3625e102-c65f-4cc7-a761-622b3c3c1e68,390000,MCH-8fff18fdd2,노션,7372,2026-06-29 15:49:00,35.46361,127.454339,KR,DEV-842bd7ddc9
771,3625e102-c65f-4cc7-a761-622b3c3c1e68,104000,MCH-493f24c455,쿠팡,5399,2026-06-29 17:57:00,35.427403,127.442824,KR,DEV-842bd7ddc9
772,3625e102-c65f-4cc7-a761-622b3c3c1e68,9880,MCH-06553b267c,카카오택시,4121,2026-06-30 15:24:00,35.438275,127.44646,KR,DEV-842bd7ddc9
773,3625e102-c65f-4cc7-a761-622b3c3c1e68,117000,MCH-8fff18fdd2,노션,7372,2026-06-30 17:22:00,35.449299,127.472474,KR,DEV-842bd7ddc9
774,3625e102-c65f-4cc7-a761-622b3c3c1e68,390000,MCH-53b4838ce6,어도비(Adobe),5734,2026-07-01 08:41:00,35.449389,127.432853,KR,DEV-842bd7ddc9
775,3625e102-c65f-4cc7-a761-622b3c3c1e68,234000,MCH-bed94775b8,패스트파이브,7011,2026-07-01 15:22:00,35.428492,127.429736,KR,DEV-842bd7ddc9
776,3625e102-c65f-4cc7-a761-622b3c3c1e68,12480,MCH-06553b267c,카카오택시,4121,2026-07-01 20:30:00,35.446418,127.44057,KR,DEV-842bd7ddc9
777,3625e102-c65f-4cc7-a761-622b3c3c1e68,325000,MCH-8fff18fdd2,노션,7372,2026-07-02 18:27:00,35.432722,127.450008,KR,DEV-842bd7ddc9
778,3625e102-c65f-4cc7-a761-622b3c3c1e68,9880,MCH-5df4849ce1,지하철,4111,2026-07-02 19:18:00,35.457204,127.441753,KR,DEV-842bd7ddc9
779,3625e102-c65f-4cc7-a761-622b3c3c1e68,23400,MCH-8e35d3c146,김밥천국,5812,2026-07-03 08:40:00,35.463554,127.468364,KR,DEV-842bd7ddc9
780,3625e102-c65f-4cc7-a761-622b3c3c1e68,169000,MCH-53b4838ce6,어도비(Adobe),5734,2026-07-03 15:01:00,35.463644,127.462839,KR,DEV-842bd7ddc9
781,3625e102-c65f-4cc7-a761-622b3c3c1e68,4420,MCH-5b1162a765,KTX,4112,2026-07-05 09:38:00,35.445777,127.46234,KR,DEV-842bd7ddc9
782,3625e102-c65f-4cc7-a761-622b3c3c1e68,338000,MCH-bed94775b8,패스트파이브,7011,2026-07-06 08:17:00,35.419188,127.45636,KR,DEV-842bd7ddc9
783,3625e102-c65f-4cc7-a761-622b3c3c1e68,27300,MCH-ab42b36c0b,배달의민족,5812,2026-07-06 11:47:00,35.467869,127.426302,KR,DEV-842bd7ddc9
784,3625e102-c65f-4cc7-a761-622b3c3c1e68,70200,MCH-e7751d42a2,올리브영,5977,2026-07-06 15:28:00,35.456731,127.436568,KR,DEV-842bd7ddc9
785,3625e102-c65f-4cc7-a761-622b3c3c1e68,2470,MCH-0d60345572,버스,4111,2026-07-07 16:41:00,35.452647,127.44155,KR,DEV-842bd7ddc9
786,3625e102-c65f-4cc7-a761-622b3c3c1e68,25480,MCH-5df4849ce1,지하철,4111,2026-07-07 17:01:00,35.449344,127.463881,KR,DEV-842bd7ddc9
787,3625e102-c65f-4cc7-a761-622b3c3c1e68,6500,MCH-c563ceac18,맥도날드,5814,2026-07-07 19:11:00,35.429091,127.430481,KR,DEV-842bd7ddc9
788,3625e102-c65f-4cc7-a761-622b3c3c1e68,24570,MCH-5b1162a765,KTX,4112,2026-07-08 11:39:00,35.463256,127.467848,KR,DEV-842bd7ddc9
789,3625e102-c65f-4cc7-a761-622b3c3c1e68,28600,MCH-fb4fb59d3a,스타벅스,5814,2026-07-09 14:24:00,35.417786,127.424574,KR,DEV-842bd7ddc9
790,3625e102-c65f-4cc7-a761-622b3c3c1e68,6110,MCH-0d60345572,버스,4111,2026-07-10 08:12:00,35.432516,127.435728,KR,DEV-842bd7ddc9
791,3625e102-c65f-4cc7-a761-622b3c3c1e68,364000,MCH-ca5e0a9e0b,AWS,7372,2026-07-10 11:50:00,35.428347,127.427186,KR,DEV-842bd7ddc9
792,3625e102-c65f-4cc7-a761-622b3c3c1e68,61100,MCH-493f24c455,쿠팡,5399,2026-07-10 15:46:00,35.461058,127.433137,KR,DEV-842bd7ddc9
793,3625e102-c65f-4cc7-a761-622b3c3c1e68,234000,MCH-bed94775b8,패스트파이브,7011,2026-07-11 12:59:00,35.467788,127.450654,KR,DEV-842bd7ddc9
794,3625e102-c65f-4cc7-a761-622b3c3c1e68,325000,MCH-8fff18fdd2,노션,7372,2026-07-12 10:44:00,35.433039,127.47301,KR,DEV-842bd7ddc9
795,3625e102-c65f-4cc7-a761-622b3c3c1e68,37700,MCH-8e35d3c146,김밥천국,5812,2026-07-12 13:34:00,35.421801,127.449402,KR,DEV-842bd7ddc9
796,3625e102-c65f-4cc7-a761-622b3c3c1e68,9100,MCH-ab42b36c0b,배달의민족,5812,2026-07-12 16:43:00,35.419323,127.426486,KR,DEV-842bd7ddc9
797,3625e102-c65f-4cc7-a761-622b3c3c1e68,195000,MCH-bed94775b8,패스트파이브,7011,2026-07-13 13:51:00,35.418267,127.430845,KR,DEV-842bd7ddc9
798,3625e102-c65f-4cc7-a761-622b3c3c1e68,351000,MCH-8fff18fdd2,노션,7372,2026-07-13 22:43:00,35.447815,127.455119,KR,DEV-842bd7ddc9
799,3625e102-c65f-4cc7-a761-622b3c3c1e68,364000,MCH-53b4838ce6,어도비(Adobe),5734,2026-07-15 08:12:00,35.46576,127.426569,KR,DEV-842bd7ddc9
800,3625e102-c65f-4cc7-a761-622b3c3c1e68,299000,MCH-53b4838ce6,어도비(Adobe),5734,2026-07-15 11:19:00,35.423772,127.450695,KR,DEV-842bd7ddc9
801,3625e102-c65f-4cc7-a761-622b3c3c1e68,67600,MCH-a5c765e6ce,프리스비,5732,2026-07-17 09:05:00,35.417582,127.438606,KR,DEV-842bd7ddc9
802,3625e102-c65f-4cc7-a761-622b3c3c1e68,130000,MCH-8fff18fdd2,노션,7372,2026-07-17 09:44:00,35.421032,127.454407,KR,DEV-842bd7ddc9
803,3625e102-c65f-4cc7-a761-622b3c3c1e68,299000,MCH-53b4838ce6,어도비(Adobe),5734,2026-07-17 19:59:00,35.434159,127.446656,KR,DEV-842bd7ddc9
804,3625e102-c65f-4cc7-a761-622b3c3c1e68,18200,MCH-ab42b36c0b,배달의민족,5812,2026-07-18 08:28:00,35.431497,127.42372,KR,DEV-842bd7ddc9
805,3625e102-c65f-4cc7-a761-622b3c3c1e68,208000,MCH-bed94775b8,패스트파이브,7011,2026-07-18 17:35:00,35.418914,127.46011,KR,DEV-842bd7ddc9
806,3625e102-c65f-4cc7-a761-622b3c3c1e68,143000,MCH-8fff18fdd2,노션,7372,2026-07-18 21:03:00,35.427644,127.439576,KR,DEV-842bd7ddc9
807,3625e102-c65f-4cc7-a761-622b3c3c1e68,42900,MCH-493f24c455,쿠팡,5399,2026-07-19 14:39:00,35.444342,127.474247,KR,DEV-842bd7ddc9
808,3625e102-c65f-4cc7-a761-622b3c3c1e68,72800,MCH-e7751d42a2,올리브영,5977,2026-07-19 22:19:00,35.436148,127.466985,KR,DEV-842bd7ddc9
809,3625e102-c65f-4cc7-a761-622b3c3c1e68,2470,MCH-06553b267c,카카오택시,4121,2026-07-20 08:57:00,35.454604,127.474704,KR,DEV-842bd7ddc9
810,3625e102-c65f-4cc7-a761-622b3c3c1e68,6500,MCH-fb4fb59d3a,스타벅스,5814,2026-07-20 14:06:00,35.417137,127.438195,KR,DEV-842bd7ddc9
811,3625e102-c65f-4cc7-a761-622b3c3c1e68,23400,MCH-c563ceac18,맥도날드,5814,2026-07-21 21:32:00,35.427677,127.464859,KR,DEV-842bd7ddc9
812,3625e102-c65f-4cc7-a761-622b3c3c1e68,130000,MCH-bed94775b8,패스트파이브,7011,2026-07-22 18:50:00,35.448366,127.448597,KR,DEV-842bd7ddc9
813,3625e102-c65f-4cc7-a761-622b3c3c1e68,1950,MCH-06553b267c,카카오택시,4121,2026-07-23 08:22:00,35.415807,127.432074,KR,DEV-842bd7ddc9
814,3625e102-c65f-4cc7-a761-622b3c3c1e68,6500,MCH-c563ceac18,맥도날드,5814,2026-07-23 08:41:00,35.448068,127.424269,KR,DEV-842bd7ddc9
815,3625e102-c65f-4cc7-a761-622b3c3c1e68,260000,MCH-8fff18fdd2,노션,7372,2026-07-23 10:48:00,35.421682,127.464836,KR,DEV-842bd7ddc9
816,3625e102-c65f-4cc7-a761-622b3c3c1e68,20410,MCH-5df4849ce1,지하철,4111,2026-07-24 15:07:00,35.44744,127.461343,KR,DEV-842bd7ddc9
817,3625e102-c65f-4cc7-a761-622b3c3c1e68,19500,MCH-fb4fb59d3a,스타벅스,5814,2026-07-24 18:32:00,35.43306,127.437571,KR,DEV-842bd7ddc9
818,3625e102-c65f-4cc7-a761-622b3c3c1e68,182000,MCH-53b4838ce6,어도비(Adobe),5734,2026-07-26 16:01:00,35.465388,127.443203,KR,DEV-842bd7ddc9
819,3625e102-c65f-4cc7-a761-622b3c3c1e68,10660,MCH-5b1162a765,KTX,4112,2026-07-27 15:51:00,35.436782,127.440996,KR,DEV-842bd7ddc9
820,3625e102-c65f-4cc7-a761-622b3c3c1e68,23400,MCH-ab42b36c0b,배달의민족,5812,2026-07-28 14:44:00,35.445488,127.435513,KR,DEV-842bd7ddc9
821,3625e102-c65f-4cc7-a761-622b3c3c1e68,16250,MCH-0d60345572,버스,4111,2026-07-28 20:08:00,35.416067,127.470292,KR,DEV-842bd7ddc9
822,3625e102-c65f-4cc7-a761-622b3c3c1e68,23400,MCH-fb4fb59d3a,스타벅스,5814,2026-07-29 18:08:00,35.447859,127.434458,KR,DEV-842bd7ddc9
823,3625e102-c65f-4cc7-a761-622b3c3c1e68,390000,MCH-53b4838ce6,어도비(Adobe),5734,2026-07-29 19:55:00,35.421622,127.453589,KR,DEV-842bd7ddc9
824,3625e102-c65f-4cc7-a761-622b3c3c1e68,234000,MCH-8fff18fdd2,노션,7372,2026-07-29 19:58:00,35.464254,127.445547,KR,DEV-842bd7ddc9
825,3625e102-c65f-4cc7-a761-622b3c3c1e68,4400000,MCH-9449f2d5d1,중고거래_송금,6051,2026-07-30 05:57:00,35.429265,127.466515,KR,DEV-842bd7ddc9
826,3625e102-c65f-4cc7-a761-622b3c3c1e68,14300,MCH-fb4fb59d3a,스타벅스,5814,2026-07-30 13:07:00,35.454899,127.454877,KR,DEV-842bd7ddc9
827,3625e102-c65f-4cc7-a761-622b3c3c1e68,59800,MCH-e7751d42a2,올리브영,5977,2026-07-30 16:10:00,35.453634,127.467928,KR,DEV-842bd7ddc9
828,3625e102-c65f-4cc7-a761-622b3c3c1e68,13910,MCH-06553b267c,카카오택시,4121,2026-07-31 11:19:00,35.446004,127.462341,KR,DEV-842bd7ddc9
829,3625e102-c65f-4cc7-a761-622b3c3c1e68,260000,MCH-bed94775b8,패스트파이브,7011,2026-07-31 11:40:00,35.444473,127.453424,KR,DEV-842bd7ddc9
830,3625e102-c65f-4cc7-a761-622b3c3c1e68,81900,MCH-e7751d42a2,올리브영,5977,2026-08-01 19:42:00,35.44804,127.462056,KR,DEV-842bd7ddc9
831,3625e102-c65f-4cc7-a761-622b3c3c1e68,104000,MCH-e7751d42a2,올리브영,5977,2026-08-01 20:33:00,35.420976,127.46108,KR,DEV-842bd7ddc9
832,3625e102-c65f-4cc7-a761-622b3c3c1e68,273000,MCH-ca5e0a9e0b,AWS,7372,2026-08-02 22:10:00,35.450027,127.457419,KR,DEV-842bd7ddc9
833,3625e102-c65f-4cc7-a761-622b3c3c1e68,89700,MCH-e7751d42a2,올리브영,5977,2026-08-05 16:46:00,35.425493,127.445222,KR,DEV-842bd7ddc9
834,3625e102-c65f-4cc7-a761-622b3c3c1e68,16900,MCH-8e35d3c146,김밥천국,5812,2026-08-06 13:51:00,35.436295,127.44838,KR,DEV-842bd7ddc9
835,3625e102-c65f-4cc7-a761-622b3c3c1e68,21060,MCH-0d60345572,버스,4111,2026-08-06 15:21:00,35.440086,127.436142,KR,DEV-842bd7ddc9
836,3625e102-c65f-4cc7-a761-622b3c3c1e68,19500,MCH-8e35d3c146,김밥천국,5812,2026-08-06 22:22:00,35.426649,127.456,KR,DEV-842bd7ddc9
837,3625e102-c65f-4cc7-a761-622b3c3c1e68,273000,MCH-8fff18fdd2,노션,7372,2026-08-07 14:43:00,35.418862,127.458684,KR,DEV-842bd7ddc9
838,3625e102-c65f-4cc7-a761-622b3c3c1e68,286000,MCH-8fff18fdd2,노션,7372,2026-08-07 19:29:00,35.422735,127.448798,KR,DEV-842bd7ddc9
839,3625e102-c65f-4cc7-a761-622b3c3c1e68,390000,MCH-53b4838ce6,어도비(Adobe),5734,2026-08-08 17:39:00,35.431632,127.428115,KR,DEV-842bd7ddc9
840,3625e102-c65f-4cc7-a761-622b3c3c1e68,377000,MCH-53b4838ce6,어도비(Adobe),5734,2026-08-09 13:49:00,35.428658,127.443572,KR,DEV-842bd7ddc9
841,3625e102-c65f-4cc7-a761-622b3c3c1e68,58500,MCH-ba944121a3,무신사,5651,2026-08-09 22:46:00,35.430954,127.427644,KR,DEV-842bd7ddc9
842,3625e102-c65f-4cc7-a761-622b3c3c1e68,390000,MCH-bed94775b8,패스트파이브,7011,2026-08-11 11:53:00,35.44142,127.431541,KR,DEV-842bd7ddc9
843,3625e102-c65f-4cc7-a761-622b3c3c1e68,260000,MCH-ca5e0a9e0b,AWS,7372,2026-08-12 14:26:00,35.456964,127.433232,KR,DEV-842bd7ddc9
844,3625e102-c65f-4cc7-a761-622b3c3c1e68,117000,MCH-ca5e0a9e0b,AWS,7372,2026-08-12 16:17:00,35.449414,127.430003,KR,DEV-842bd7ddc9
845,3625e102-c65f-4cc7-a761-622b3c3c1e68,169000,MCH-53b4838ce6,어도비(Adobe),5734,2026-08-13 08:50:00,35.451682,127.473229,KR,DEV-842bd7ddc9
846,3625e102-c65f-4cc7-a761-622b3c3c1e68,15600,MCH-ab42b36c0b,배달의민족,5812,2026-08-13 15:47:00,35.463349,127.451534,KR,DEV-842bd7ddc9
847,3625e102-c65f-4cc7-a761-622b3c3c1e68,260000,MCH-ca5e0a9e0b,AWS,7372,2026-08-14 10:03:00,35.42861,127.46203,KR,DEV-842bd7ddc9
848,3625e102-c65f-4cc7-a761-622b3c3c1e68,10920,MCH-0d60345572,버스,4111,2026-08-14 14:56:00,35.454531,127.427251,KR,DEV-842bd7ddc9
849,3625e102-c65f-4cc7-a761-622b3c3c1e68,150000,MCH-fa2d4c28ac,AliExpress_CN,5399,2026-08-14 19:56:00,35.427406,127.429949,CN,DEV-842bd7ddc9
850,3625e102-c65f-4cc7-a761-622b3c3c1e68,104000,MCH-53b4838ce6,어도비(Adobe),5734,2026-08-15 17:44:00,35.451823,127.464494,KR,DEV-842bd7ddc9
851,3625e102-c65f-4cc7-a761-622b3c3c1e68,36400,MCH-ab42b36c0b,배달의민족,5812,2026-08-16 08:10:00,35.4541,127.471638,KR,DEV-842bd7ddc9
852,3625e102-c65f-4cc7-a761-622b3c3c1e68,286000,MCH-ca5e0a9e0b,AWS,7372,2026-08-16 11:55:00,35.461699,127.472923,KR,DEV-842bd7ddc9
853,3625e102-c65f-4cc7-a761-622b3c3c1e68,3460000,MCH-cac2f457b6,금은방_귀금속,5944,2026-08-17 04:05:00,35.444494,127.463599,KR,DEV-842bd7ddc9
854,3625e102-c65f-4cc7-a761-622b3c3c1e68,22100,MCH-c563ceac18,맥도날드,5814,2026-08-17 10:26:00,35.461444,127.451289,KR,DEV-842bd7ddc9
855,3625e102-c65f-4cc7-a761-622b3c3c1e68,66300,MCH-e7751d42a2,올리브영,5977,2026-08-17 19:25:00,35.4651,127.441654,KR,DEV-842bd7ddc9
856,3625e102-c65f-4cc7-a761-622b3c3c1e68,12090,MCH-06553b267c,카카오택시,4121,2026-08-20 17:49:00,35.42244,127.458238,KR,DEV-842bd7ddc9
857,3625e102-c65f-4cc7-a761-622b3c3c1e68,273000,MCH-ca5e0a9e0b,AWS,7372,2026-08-20 20:43:00,35.425296,127.427034,KR,DEV-842bd7ddc9
858,3625e102-c65f-4cc7-a761-622b3c3c1e68,71500,MCH-ba944121a3,무신사,5651,2026-08-21 17:57:00,35.439883,127.445394,KR,DEV-842bd7ddc9
859,3625e102-c65f-4cc7-a761-622b3c3c1e68,127400,MCH-8fff18fdd2,노션,7372,2026-08-21 20:45:00,35.415173,127.439241,KR,DEV-769e227177
860,3625e102-c65f-4cc7-a761-622b3c3c1e68,37700,MCH-ab42b36c0b,배달의민족,5812,2026-08-22 17:54:00,35.423604,127.429226,KR,DEV-842bd7ddc9
861,3625e102-c65f-4cc7-a761-622b3c3c1e68,195000,MCH-53b4838ce6,어도비(Adobe),5734,2026-08-22 21:26:00,35.455556,127.450641,KR,DEV-842bd7ddc9
862,407ee6bd-810d-46f3-b54c-266f64526290,189000,MCH-8fff18fdd2,노션,7372,2026-05-27 19:31:00,36.129261,127.609794,KR,DEV-abf78ce2d0
863,407ee6bd-810d-46f3-b54c-266f64526290,68400,MCH-a5c765e6ce,프리스비,5732,2026-05-28 08:58:00,36.140861,127.646078,KR,DEV-abf78ce2d0
864,407ee6bd-810d-46f3-b54c-266f64526290,43200,MCH-a5c765e6ce,프리스비,5732,2026-05-28 17:29:00,36.139783,127.63256,KR,DEV-abf78ce2d0
865,407ee6bd-810d-46f3-b54c-266f64526290,72000,MCH-53b4838ce6,어도비(Adobe),5734,2026-05-29 20:05:00,36.138226,127.647443,KR,DEV-abf78ce2d0
866,407ee6bd-810d-46f3-b54c-266f64526290,11070,MCH-5df4849ce1,지하철,4111,2026-05-30 10:53:00,36.137361,127.644698,KR,DEV-abf78ce2d0
867,407ee6bd-810d-46f3-b54c-266f64526290,14850,MCH-5b1162a765,KTX,4112,2026-05-30 12:46:00,36.143074,127.623058,KR,DEV-abf78ce2d0
868,407ee6bd-810d-46f3-b54c-266f64526290,8100,MCH-ab42b36c0b,배달의민족,5812,2026-05-30 12:47:00,36.15305,127.635329,KR,DEV-abf78ce2d0
869,407ee6bd-810d-46f3-b54c-266f64526290,9900,MCH-5df4849ce1,지하철,4111,2026-05-31 10:45:00,36.128209,127.611582,KR,DEV-abf78ce2d0
870,407ee6bd-810d-46f3-b54c-266f64526290,9000,MCH-c563ceac18,맥도날드,5814,2026-05-31 11:03:00,36.131973,127.623164,KR,DEV-abf78ce2d0
871,407ee6bd-810d-46f3-b54c-266f64526290,2880,MCH-06553b267c,카카오택시,4121,2026-05-31 20:44:00,36.106024,127.605099,KR,DEV-abf78ce2d0
872,407ee6bd-810d-46f3-b54c-266f64526290,86400,MCH-493f24c455,쿠팡,5399,2026-06-01 10:05:00,36.154449,127.618093,KR,DEV-abf78ce2d0
873,407ee6bd-810d-46f3-b54c-266f64526290,3980000,MCH-c3acdc127f,유흥업소,5813,2026-06-02 02:06:00,36.12006,127.647629,KR,DEV-abf78ce2d0
874,407ee6bd-810d-46f3-b54c-266f64526290,12510,MCH-0d60345572,버스,4111,2026-06-02 15:48:00,36.148476,127.616302,KR,DEV-abf78ce2d0
875,407ee6bd-810d-46f3-b54c-266f64526290,23400,MCH-8e35d3c146,김밥천국,5812,2026-06-02 20:06:00,36.109151,127.5976,KR,DEV-abf78ce2d0
876,407ee6bd-810d-46f3-b54c-266f64526290,18900,MCH-fb4fb59d3a,스타벅스,5814,2026-06-03 12:44:00,36.144878,127.643994,KR,DEV-abf78ce2d0
877,407ee6bd-810d-46f3-b54c-266f64526290,1350,MCH-06553b267c,카카오택시,4121,2026-06-03 15:55:00,36.108771,127.615241,KR,DEV-abf78ce2d0
878,407ee6bd-810d-46f3-b54c-266f64526290,9630,MCH-5df4849ce1,지하철,4111,2026-06-03 18:25:00,36.142534,127.614541,KR,DEV-abf78ce2d0
879,407ee6bd-810d-46f3-b54c-266f64526290,16560,MCH-5b1162a765,KTX,4112,2026-06-04 11:00:00,36.139101,127.631611,KR,DEV-abf78ce2d0
880,407ee6bd-810d-46f3-b54c-266f64526290,18000,MCH-8e35d3c146,김밥천국,5812,2026-06-05 18:54:00,36.127308,127.629109,KR,DEV-abf78ce2d0
881,407ee6bd-810d-46f3-b54c-266f64526290,510000,MCH-489f756ae2,Steam_Global,5816,2026-06-05 21:28:00,36.125148,127.598469,US,DEV-abf78ce2d0
882,407ee6bd-810d-46f3-b54c-266f64526290,81000,MCH-53b4838ce6,어도비(Adobe),5734,2026-06-07 15:50:00,36.14416,127.643015,KR,DEV-abf78ce2d0
883,407ee6bd-810d-46f3-b54c-266f64526290,90000,MCH-bed94775b8,패스트파이브,7011,2026-06-07 22:28:00,36.150669,127.64985,KR,DEV-abf78ce2d0
884,407ee6bd-810d-46f3-b54c-266f64526290,25200,MCH-493f24c455,쿠팡,5399,2026-06-08 14:45:00,36.118699,127.607436,KR,DEV-abf78ce2d0
885,407ee6bd-810d-46f3-b54c-266f64526290,972000,MCH-0d60345572,버스,4111,2026-06-08 19:16:00,36.155893,127.613645,KR,DEV-abf78ce2d0
886,407ee6bd-810d-46f3-b54c-266f64526290,23400,MCH-ba944121a3,무신사,5651,2026-06-08 20:44:00,36.15711,127.632245,KR,DEV-abf78ce2d0
887,407ee6bd-810d-46f3-b54c-266f64526290,56700,MCH-ba944121a3,무신사,5651,2026-06-09 18:41:00,36.147101,127.628465,KR,DEV-abf78ce2d0
888,407ee6bd-810d-46f3-b54c-266f64526290,3160000,MCH-9449f2d5d1,중고거래_송금,6051,2026-06-10 04:49:00,36.109022,127.624947,KR,DEV-abf78ce2d0
889,407ee6bd-810d-46f3-b54c-266f64526290,10080,MCH-0d60345572,버스,4111,2026-06-10 17:47:00,36.145927,127.602272,KR,DEV-abf78ce2d0
890,407ee6bd-810d-46f3-b54c-266f64526290,13500,MCH-fb4fb59d3a,스타벅스,5814,2026-06-10 19:37:00,36.117761,127.602249,KR,DEV-abf78ce2d0
891,407ee6bd-810d-46f3-b54c-266f64526290,8550,MCH-5b1162a765,KTX,4112,2026-06-11 10:52:00,36.138197,127.608004,KR,DEV-abf78ce2d0
892,407ee6bd-810d-46f3-b54c-266f64526290,21600,MCH-fb4fb59d3a,스타벅스,5814,2026-06-12 13:19:00,36.130314,127.628508,KR,DEV-abf78ce2d0
893,407ee6bd-810d-46f3-b54c-266f64526290,261000,MCH-53b4838ce6,어도비(Adobe),5734,2026-06-14 10:54:00,36.117061,127.635599,KR,DEV-abf78ce2d0
894,407ee6bd-810d-46f3-b54c-266f64526290,270000,MCH-53b4838ce6,어도비(Adobe),5734,2026-06-14 13:09:00,36.117337,127.611752,KR,DEV-abf78ce2d0
895,407ee6bd-810d-46f3-b54c-266f64526290,15300,MCH-a5c765e6ce,프리스비,5732,2026-06-14 16:25:00,36.126856,127.649206,KR,DEV-abf78ce2d0
896,407ee6bd-810d-46f3-b54c-266f64526290,6120,MCH-5df4849ce1,지하철,4111,2026-06-15 11:51:00,36.136875,127.619882,KR,DEV-abf78ce2d0
897,407ee6bd-810d-46f3-b54c-266f64526290,24300,MCH-fb4fb59d3a,스타벅스,5814,2026-06-15 12:29:00,36.151961,127.617281,KR,DEV-abf78ce2d0
898,407ee6bd-810d-46f3-b54c-266f64526290,7830,MCH-0d60345572,버스,4111,2026-06-15 19:59:00,36.146634,127.617135,KR,DEV-abf78ce2d0
899,407ee6bd-810d-46f3-b54c-266f64526290,7200,MCH-fb4fb59d3a,스타벅스,5814,2026-06-18 13:30:00,36.158796,127.632723,KR,DEV-abf78ce2d0
900,407ee6bd-810d-46f3-b54c-266f64526290,4050,MCH-06553b267c,카카오택시,4121,2026-06-20 11:25:00,36.158095,127.629886,KR,DEV-abf78ce2d0
901,407ee6bd-810d-46f3-b54c-266f64526290,90000,MCH-ba944121a3,무신사,5651,2026-06-20 18:05:00,36.142865,127.647594,KR,DEV-abf78ce2d0
902,407ee6bd-810d-46f3-b54c-266f64526290,7200,MCH-fb4fb59d3a,스타벅스,5814,2026-06-21 15:41:00,36.140985,127.615851,KR,DEV-abf78ce2d0
903,407ee6bd-810d-46f3-b54c-266f64526290,126000,MCH-bed94775b8,패스트파이브,7011,2026-06-21 17:08:00,36.137724,127.616751,KR,DEV-abf78ce2d0
904,407ee6bd-810d-46f3-b54c-266f64526290,45000,MCH-ba944121a3,무신사,5651,2026-06-21 19:47:00,36.133231,127.597241,KR,DEV-abf78ce2d0
905,407ee6bd-810d-46f3-b54c-266f64526290,63000,MCH-bed94775b8,패스트파이브,7011,2026-06-23 16:53:00,36.143555,127.617282,KR,DEV-abf78ce2d0
906,407ee6bd-810d-46f3-b54c-266f64526290,13500,MCH-a5c765e6ce,프리스비,5732,2026-06-25 16:28:00,36.154196,127.605762,KR,DEV-abf78ce2d0
907,407ee6bd-810d-46f3-b54c-266f64526290,27000,MCH-493f24c455,쿠팡,5399,2026-06-27 16:19:00,36.110424,127.609875,KR,DEV-abf78ce2d0
908,407ee6bd-810d-46f3-b54c-266f64526290,16470,MCH-0d60345572,버스,4111,2026-06-28 16:28:00,36.15677,127.596001,KR,DEV-abf78ce2d0
909,407ee6bd-810d-46f3-b54c-266f64526290,17190,MCH-5df4849ce1,지하철,4111,2026-06-29 09:42:00,36.133929,127.649294,KR,DEV-abf78ce2d0
910,407ee6bd-810d-46f3-b54c-266f64526290,76500,MCH-493f24c455,쿠팡,5399,2026-06-29 12:16:00,36.125086,127.602941,KR,DEV-abf78ce2d0
911,407ee6bd-810d-46f3-b54c-266f64526290,8100,MCH-c563ceac18,맥도날드,5814,2026-06-29 17:35:00,36.118493,127.606162,KR,DEV-abf78ce2d0
912,407ee6bd-810d-46f3-b54c-266f64526290,13680,MCH-5df4849ce1,지하철,4111,2026-06-30 11:04:00,36.110177,127.609735,KR,DEV-abf78ce2d0
913,407ee6bd-810d-46f3-b54c-266f64526290,63000,MCH-ca5e0a9e0b,AWS,7372,2026-07-01 12:07:00,36.14826,127.616479,KR,DEV-abf78ce2d0
914,407ee6bd-810d-46f3-b54c-266f64526290,10980,MCH-5df4849ce1,지하철,4111,2026-07-01 21:09:00,36.143342,127.606408,KR,DEV-abf78ce2d0
915,407ee6bd-810d-46f3-b54c-266f64526290,24300,MCH-ba944121a3,무신사,5651,2026-07-02 16:22:00,36.134135,127.643321,KR,DEV-abf78ce2d0
916,407ee6bd-810d-46f3-b54c-266f64526290,72000,MCH-bed94775b8,패스트파이브,7011,2026-07-02 20:59:00,36.10621,127.616383,KR,DEV-abf78ce2d0
917,407ee6bd-810d-46f3-b54c-266f64526290,4680,MCH-0d60345572,버스,4111,2026-07-02 21:51:00,36.140281,127.615608,KR,DEV-abf78ce2d0
918,407ee6bd-810d-46f3-b54c-266f64526290,9000,MCH-8e35d3c146,김밥천국,5812,2026-07-03 13:51:00,36.138513,127.644459,KR,DEV-abf78ce2d0
919,407ee6bd-810d-46f3-b54c-266f64526290,68400,MCH-ba944121a3,무신사,5651,2026-07-03 17:08:00,36.158001,127.624736,KR,DEV-abf78ce2d0
920,407ee6bd-810d-46f3-b54c-266f64526290,24300,MCH-ab42b36c0b,배달의민족,5812,2026-07-04 20:15:00,36.113389,127.626675,KR,DEV-abf78ce2d0
921,407ee6bd-810d-46f3-b54c-266f64526290,45000,MCH-e7751d42a2,올리브영,5977,2026-07-05 14:33:00,36.115575,127.649307,KR,DEV-abf78ce2d0
922,407ee6bd-810d-46f3-b54c-266f64526290,8370,MCH-06553b267c,카카오택시,4121,2026-07-05 14:49:00,36.15332,127.639997,KR,DEV-abf78ce2d0
923,407ee6bd-810d-46f3-b54c-266f64526290,32400,MCH-493f24c455,쿠팡,5399,2026-07-05 17:03:00,36.110549,127.600292,KR,DEV-abf78ce2d0
924,407ee6bd-810d-46f3-b54c-266f64526290,153000,MCH-53b4838ce6,어도비(Adobe),5734,2026-07-06 08:39:00,36.131604,127.623834,KR,DEV-abf78ce2d0
925,407ee6bd-810d-46f3-b54c-266f64526290,234000,MCH-bed94775b8,패스트파이브,7011,2026-07-06 16:59:00,36.132318,127.643258,KR,DEV-abf78ce2d0
926,407ee6bd-810d-46f3-b54c-266f64526290,216000,MCH-53b4838ce6,어도비(Adobe),5734,2026-07-08 15:10:00,36.145622,127.647394,KR,DEV-abf78ce2d0
927,407ee6bd-810d-46f3-b54c-266f64526290,14400,MCH-fb4fb59d3a,스타벅스,5814,2026-07-08 21:08:00,36.153349,127.624294,KR,DEV-abf78ce2d0
928,407ee6bd-810d-46f3-b54c-266f64526290,46800,MCH-493f24c455,쿠팡,5399,2026-07-10 12:30:00,36.158095,127.614264,KR,DEV-abf78ce2d0
929,407ee6bd-810d-46f3-b54c-266f64526290,54000,MCH-bed94775b8,패스트파이브,7011,2026-07-10 13:00:00,36.133543,127.644289,KR,DEV-abf78ce2d0
930,407ee6bd-810d-46f3-b54c-266f64526290,48600,MCH-a5c765e6ce,프리스비,5732,2026-07-10 22:59:00,36.117194,127.635889,KR,DEV-abf78ce2d0
931,407ee6bd-810d-46f3-b54c-266f64526290,54000,MCH-ba944121a3,무신사,5651,2026-07-11 08:06:00,36.11147,127.6149,KR,DEV-abf78ce2d0
932,407ee6bd-810d-46f3-b54c-266f64526290,72000,MCH-bed94775b8,패스트파이브,7011,2026-07-11 22:31:00,36.116355,127.624596,KR,DEV-abf78ce2d0
933,407ee6bd-810d-46f3-b54c-266f64526290,25200,MCH-ab42b36c0b,배달의민족,5812,2026-07-12 14:00:00,36.129384,127.641367,KR,DEV-abf78ce2d0
934,407ee6bd-810d-46f3-b54c-266f64526290,13680,MCH-5df4849ce1,지하철,4111,2026-07-12 20:17:00,36.127048,127.612174,KR,DEV-abf78ce2d0
935,407ee6bd-810d-46f3-b54c-266f64526290,2070,MCH-0d60345572,버스,4111,2026-07-13 10:42:00,36.121077,127.603222,KR,DEV-abf78ce2d0
936,407ee6bd-810d-46f3-b54c-266f64526290,4320,MCH-5b1162a765,KTX,4112,2026-07-14 09:06:00,36.146995,127.643659,KR,DEV-abf78ce2d0
937,407ee6bd-810d-46f3-b54c-266f64526290,5400,MCH-c563ceac18,맥도날드,5814,2026-07-14 18:53:00,36.112494,127.614597,KR,DEV-abf78ce2d0
938,407ee6bd-810d-46f3-b54c-266f64526290,17010,MCH-5b1162a765,KTX,4112,2026-07-14 19:08:00,36.158808,127.602417,KR,DEV-abf78ce2d0
939,407ee6bd-810d-46f3-b54c-266f64526290,41400,MCH-a5c765e6ce,프리스비,5732,2026-07-16 12:49:00,36.110143,127.619183,KR,DEV-abf78ce2d0
940,407ee6bd-810d-46f3-b54c-266f64526290,36000,MCH-ba944121a3,무신사,5651,2026-07-16 15:45:00,36.119922,127.633885,KR,DEV-abf78ce2d0
941,407ee6bd-810d-46f3-b54c-266f64526290,8100,MCH-fb4fb59d3a,스타벅스,5814,2026-07-18 14:02:00,36.151886,127.629991,KR,DEV-abf78ce2d0
942,407ee6bd-810d-46f3-b54c-266f64526290,15300,MCH-fb4fb59d3a,스타벅스,5814,2026-07-19 14:33:00,36.12872,127.629319,KR,DEV-abf78ce2d0
943,407ee6bd-810d-46f3-b54c-266f64526290,8280,MCH-06553b267c,카카오택시,4121,2026-07-20 09:17:00,36.128708,127.599312,KR,DEV-abf78ce2d0
944,407ee6bd-810d-46f3-b54c-266f64526290,34200,MCH-ba944121a3,무신사,5651,2026-07-21 12:31:00,36.1211,127.61114,KR,DEV-abf78ce2d0
945,407ee6bd-810d-46f3-b54c-266f64526290,5400,MCH-fb4fb59d3a,스타벅스,5814,2026-07-21 18:47:00,36.119027,127.64438,KR,DEV-abf78ce2d0
946,407ee6bd-810d-46f3-b54c-266f64526290,88200,MCH-a5c765e6ce,프리스비,5732,2026-07-22 12:13:00,36.145835,127.627829,KR,DEV-abf78ce2d0
947,407ee6bd-810d-46f3-b54c-266f64526290,51300,MCH-a5c765e6ce,프리스비,5732,2026-07-22 13:47:00,36.141836,127.632913,KR,DEV-abf78ce2d0
948,407ee6bd-810d-46f3-b54c-266f64526290,99000,MCH-ca5e0a9e0b,AWS,7372,2026-07-24 19:28:00,36.138209,127.598214,KR,DEV-abf78ce2d0
949,407ee6bd-810d-46f3-b54c-266f64526290,2340,MCH-5df4849ce1,지하철,4111,2026-07-26 10:12:00,36.131309,127.63713,KR,DEV-abf78ce2d0
950,407ee6bd-810d-46f3-b54c-266f64526290,54900,MCH-e7751d42a2,올리브영,5977,2026-07-26 15:40:00,36.144142,127.64419,KR,DEV-abf78ce2d0
951,407ee6bd-810d-46f3-b54c-266f64526290,58500,MCH-a5c765e6ce,프리스비,5732,2026-07-27 15:43:00,36.112646,127.598452,KR,DEV-abf78ce2d0
952,407ee6bd-810d-46f3-b54c-266f64526290,5130,MCH-06553b267c,카카오택시,4121,2026-07-27 17:17:00,36.128326,127.646338,KR,DEV-abf78ce2d0
953,407ee6bd-810d-46f3-b54c-266f64526290,14220,MCH-5b1162a765,KTX,4112,2026-07-27 20:24:00,36.133433,127.600049,KR,DEV-abf78ce2d0
954,407ee6bd-810d-46f3-b54c-266f64526290,19800,MCH-ab42b36c0b,배달의민족,5812,2026-07-28 09:10:00,36.134059,127.612397,KR,DEV-abf78ce2d0
955,407ee6bd-810d-46f3-b54c-266f64526290,72000,MCH-493f24c455,쿠팡,5399,2026-07-28 15:32:00,36.105872,127.626909,KR,DEV-abf78ce2d0
956,407ee6bd-810d-46f3-b54c-266f64526290,11700,MCH-c563ceac18,맥도날드,5814,2026-07-29 21:50:00,36.140251,127.646917,KR,DEV-abf78ce2d0
957,407ee6bd-810d-46f3-b54c-266f64526290,50400,MCH-e7751d42a2,올리브영,5977,2026-07-30 09:45:00,36.117027,127.602276,KR,DEV-abf78ce2d0
958,407ee6bd-810d-46f3-b54c-266f64526290,19800,MCH-fb4fb59d3a,스타벅스,5814,2026-07-31 18:55:00,36.11753,127.64817,KR,DEV-abf78ce2d0
959,407ee6bd-810d-46f3-b54c-266f64526290,15750,MCH-06553b267c,카카오택시,4121,2026-07-31 21:00:00,36.12775,127.629049,KR,DEV-abf78ce2d0
960,407ee6bd-810d-46f3-b54c-266f64526290,17100,MCH-c563ceac18,맥도날드,5814,2026-08-02 10:52:00,36.125603,127.644762,KR,DEV-abf78ce2d0
961,407ee6bd-810d-46f3-b54c-266f64526290,63900,MCH-a5c765e6ce,프리스비,5732,2026-08-02 11:20:00,36.119588,127.629846,KR,DEV-abf78ce2d0
962,407ee6bd-810d-46f3-b54c-266f64526290,64800,MCH-a5c765e6ce,프리스비,5732,2026-08-02 11:46:00,36.137118,127.639657,KR,DEV-abf78ce2d0
963,407ee6bd-810d-46f3-b54c-266f64526290,9000,MCH-ab42b36c0b,배달의민족,5812,2026-08-03 22:11:00,36.156669,127.605748,KR,DEV-abf78ce2d0
964,407ee6bd-810d-46f3-b54c-266f64526290,72000,MCH-bed94775b8,패스트파이브,7011,2026-08-04 19:33:00,36.109571,127.609253,KR,DEV-abf78ce2d0
965,407ee6bd-810d-46f3-b54c-266f64526290,27000,MCH-fb4fb59d3a,스타벅스,5814,2026-08-06 09:34:00,36.113387,127.629909,KR,DEV-abf78ce2d0
966,407ee6bd-810d-46f3-b54c-266f64526290,81000,MCH-53b4838ce6,어도비(Adobe),5734,2026-08-06 11:49:00,36.111625,127.596729,KR,DEV-abf78ce2d0
967,407ee6bd-810d-46f3-b54c-266f64526290,26100,MCH-8e35d3c146,김밥천국,5812,2026-08-06 17:57:00,36.123968,127.634237,KR,DEV-abf78ce2d0
968,407ee6bd-810d-46f3-b54c-266f64526290,15750,MCH-0d60345572,버스,4111,2026-08-07 16:07:00,36.131564,127.609175,KR,DEV-abf78ce2d0
969,407ee6bd-810d-46f3-b54c-266f64526290,4500,MCH-c563ceac18,맥도날드,5814,2026-08-09 11:27:00,36.153594,127.618444,KR,DEV-abf78ce2d0
970,407ee6bd-810d-46f3-b54c-266f64526290,234000,MCH-bed94775b8,패스트파이브,7011,2026-08-09 22:45:00,36.124775,127.611501,KR,DEV-abf78ce2d0
971,407ee6bd-810d-46f3-b54c-266f64526290,54000,MCH-53b4838ce6,어도비(Adobe),5734,2026-08-12 17:09:00,36.138958,127.602393,KR,DEV-abf78ce2d0
972,407ee6bd-810d-46f3-b54c-266f64526290,90000,MCH-a5c765e6ce,프리스비,5732,2026-08-12 18:19:00,36.134352,127.628407,KR,DEV-abf78ce2d0
973,407ee6bd-810d-46f3-b54c-266f64526290,15300,MCH-c563ceac18,맥도날드,5814,2026-08-13 15:46:00,36.158545,127.638038,KR,DEV-abf78ce2d0
974,407ee6bd-810d-46f3-b54c-266f64526290,21600,MCH-e7751d42a2,올리브영,5977,2026-08-13 20:00:00,36.111294,127.645522,KR,DEV-abf78ce2d0
975,407ee6bd-810d-46f3-b54c-266f64526290,23400,MCH-a5c765e6ce,프리스비,5732,2026-08-14 13:08:00,36.111794,127.619102,KR,DEV-abf78ce2d0
976,407ee6bd-810d-46f3-b54c-266f64526290,19800,MCH-8e35d3c146,김밥천국,5812,2026-08-14 15:34:00,36.149036,127.631345,KR,DEV-abf78ce2d0
977,407ee6bd-810d-46f3-b54c-266f64526290,15210,MCH-5b1162a765,KTX,4112,2026-08-14 20:40:00,36.126489,127.613256,KR,DEV-abf78ce2d0
978,407ee6bd-810d-46f3-b54c-266f64526290,23400,MCH-a5c765e6ce,프리스비,5732,2026-08-15 11:23:00,36.13708,127.618798,KR,DEV-abf78ce2d0
979,407ee6bd-810d-46f3-b54c-266f64526290,50000,MCH-cf62dbb6a8,게임아이템_스토어,7994,2026-08-15 13:35:00,36.131295,127.603217,KR,DEV-abf78ce2d0
980,407ee6bd-810d-46f3-b54c-266f64526290,50000,MCH-cf62dbb6a8,게임아이템_스토어,7994,2026-08-15 13:36:00,36.131295,127.603217,KR,DEV-abf78ce2d0
981,407ee6bd-810d-46f3-b54c-266f64526290,50000,MCH-cf62dbb6a8,게임아이템_스토어,7994,2026-08-15 13:37:00,36.131295,127.603217,KR,DEV-abf78ce2d0
982,407ee6bd-810d-46f3-b54c-266f64526290,5400,MCH-c563ceac18,맥도날드,5814,2026-08-17 19:08:00,36.15602,127.618757,KR,DEV-abf78ce2d0
983,407ee6bd-810d-46f3-b54c-266f64526290,8100,MCH-8e35d3c146,김밥천국,5812,2026-08-17 21:54:00,36.151587,127.638085,KR,DEV-abf78ce2d0
984,407ee6bd-810d-46f3-b54c-266f64526290,16560,MCH-06553b267c,카카오택시,4121,2026-08-18 17:04:00,36.107101,127.648153,KR,DEV-abf78ce2d0
985,407ee6bd-810d-46f3-b54c-266f64526290,30600,MCH-8e35d3c146,김밥천국,5812,2026-08-19 20:11:00,36.268365,126.850281,KR,DEV-abf78ce2d0
986,407ee6bd-810d-46f3-b54c-266f64526290,45900,MCH-493f24c455,쿠팡,5399,2026-08-20 09:09:00,36.144734,127.619995,KR,DEV-abf78ce2d0
987,407ee6bd-810d-46f3-b54c-266f64526290,4500,MCH-c563ceac18,맥도날드,5814,2026-08-20 14:53:00,36.140404,127.628654,KR,DEV-abf78ce2d0
988,407ee6bd-810d-46f3-b54c-266f64526290,66600,MCH-493f24c455,쿠팡,5399,2026-08-21 15:20:00,36.115606,127.63632,KR,DEV-abf78ce2d0
989,407ee6bd-810d-46f3-b54c-266f64526290,153000,MCH-ca5e0a9e0b,AWS,7372,2026-08-21 17:03:00,36.110647,127.616405,KR,DEV-abf78ce2d0
990,407ee6bd-810d-46f3-b54c-266f64526290,11070,MCH-5df4849ce1,지하철,4111,2026-08-21 22:10:00,36.150516,127.64568,KR,DEV-abf78ce2d0
991,407ee6bd-810d-46f3-b54c-266f64526290,44100,MCH-a5c765e6ce,프리스비,5732,2026-08-22 09:06:00,36.114586,127.63942,KR,DEV-abf78ce2d0
992,407ee6bd-810d-46f3-b54c-266f64526290,9000,MCH-ab42b36c0b,배달의민족,5812,2026-08-22 16:06:00,36.138282,127.641759,KR,DEV-abf78ce2d0
993,407ee6bd-810d-46f3-b54c-266f64526290,16020,MCH-5df4849ce1,지하철,4111,2026-08-22 22:02:00,36.137953,127.636889,KR,DEV-abf78ce2d0
994,42412794-2164-415d-9f8e-49325b148cb9,208000,MCH-8fff18fdd2,노션,7372,2026-05-26 10:41:00,35.607155,127.997782,KR,DEV-7d43fd5c15
995,42412794-2164-415d-9f8e-49325b148cb9,15600,MCH-ab42b36c0b,배달의민족,5812,2026-05-26 16:07:00,35.604779,128.016363,KR,DEV-7d43fd5c15
996,42412794-2164-415d-9f8e-49325b148cb9,169000,MCH-bed94775b8,패스트파이브,7011,2026-05-27 08:04:00,35.642286,127.995342,KR,DEV-7d43fd5c15
997,42412794-2164-415d-9f8e-49325b148cb9,5460,MCH-06553b267c,카카오택시,4121,2026-05-28 10:17:00,35.605491,128.026558,KR,DEV-7d43fd5c15
998,42412794-2164-415d-9f8e-49325b148cb9,247000,MCH-8fff18fdd2,노션,7372,2026-05-28 17:23:00,35.629626,127.984653,KR,DEV-7d43fd5c15
999,42412794-2164-415d-9f8e-49325b148cb9,143000,MCH-53b4838ce6,어도비(Adobe),5734,2026-05-28 22:56:00,35.652258,128.021739,KR,DEV-7d43fd5c15
1000,42412794-2164-415d-9f8e-49325b148cb9,234000,MCH-8fff18fdd2,노션,7372,2026-05-29 18:34:00,35.648454,128.006165,KR,DEV-7d43fd5c15
1001,42412794-2164-415d-9f8e-49325b148cb9,247000,MCH-bed94775b8,패스트파이브,7011,2026-05-30 12:36:00,35.63323,128.015688,KR,DEV-7d43fd5c15
1002,42412794-2164-415d-9f8e-49325b148cb9,127400,MCH-e7751d42a2,올리브영,5977,2026-05-30 18:50:00,35.65237,128.012867,KR,DEV-7d43fd5c15
1003,42412794-2164-415d-9f8e-49325b148cb9,2600,MCH-06553b267c,카카오택시,4121,2026-05-30 21:51:00,35.625149,128.012868,KR,DEV-7d43fd5c15
1004,42412794-2164-415d-9f8e-49325b148cb9,130000,MCH-8fff18fdd2,노션,7372,2026-05-31 10:53:00,35.61015,128.027973,KR,DEV-7d43fd5c15
1005,42412794-2164-415d-9f8e-49325b148cb9,117000,MCH-53b4838ce6,어도비(Adobe),5734,2026-05-31 13:18:00,35.615211,128.004195,KR,DEV-7d43fd5c15
1006,42412794-2164-415d-9f8e-49325b148cb9,62400,MCH-ba944121a3,무신사,5651,2026-06-01 13:11:00,35.607477,128.031737,KR,DEV-7d43fd5c15
1007,42412794-2164-415d-9f8e-49325b148cb9,23400,MCH-493f24c455,쿠팡,5399,2026-06-03 14:59:00,35.625396,128.030748,KR,DEV-7d43fd5c15
1008,42412794-2164-415d-9f8e-49325b148cb9,20020,MCH-06553b267c,카카오택시,4121,2026-06-03 16:21:00,35.609016,128.002779,KR,DEV-7d43fd5c15
1009,42412794-2164-415d-9f8e-49325b148cb9,390000,MCH-ca5e0a9e0b,AWS,7372,2026-06-04 17:46:00,35.616823,128.029048,KR,DEV-7d43fd5c15
1010,42412794-2164-415d-9f8e-49325b148cb9,117000,MCH-53b4838ce6,어도비(Adobe),5734,2026-06-04 18:35:00,35.625055,128.015271,KR,DEV-7d43fd5c15
1011,42412794-2164-415d-9f8e-49325b148cb9,390000,MCH-ca5e0a9e0b,AWS,7372,2026-06-06 22:49:00,35.606156,127.980995,KR,DEV-7d43fd5c15
1012,42412794-2164-415d-9f8e-49325b148cb9,810000,MCH-fa2d4c28ac,AliExpress_CN,5399,2026-06-08 02:13:00,35.619801,127.994673,UK,DEV-7d43fd5c15
1013,42412794-2164-415d-9f8e-49325b148cb9,14170,MCH-5b1162a765,KTX,4112,2026-06-08 14:23:00,35.604187,128.014061,KR,DEV-7d43fd5c15
1014,42412794-2164-415d-9f8e-49325b148cb9,12480,MCH-5b1162a765,KTX,4112,2026-06-08 17:38:00,35.65292,128.030768,KR,DEV-7d43fd5c15
1015,42412794-2164-415d-9f8e-49325b148cb9,23400,MCH-ab42b36c0b,배달의민족,5812,2026-06-09 10:35:00,35.633086,127.998332,KR,DEV-7d43fd5c15
1016,42412794-2164-415d-9f8e-49325b148cb9,27300,MCH-8e35d3c146,김밥천국,5812,2026-06-09 13:04:00,35.632896,127.982673,KR,DEV-7d43fd5c15
1017,42412794-2164-415d-9f8e-49325b148cb9,364000,MCH-bed94775b8,패스트파이브,7011,2026-06-09 22:26:00,35.616759,128.02157,KR,DEV-7d43fd5c15
1018,42412794-2164-415d-9f8e-49325b148cb9,115700,MCH-e7751d42a2,올리브영,5977,2026-06-10 12:31:00,35.646145,127.993667,KR,DEV-7d43fd5c15
1019,42412794-2164-415d-9f8e-49325b148cb9,65000,MCH-ca5e0a9e0b,AWS,7372,2026-06-11 09:48:00,35.623706,128.004608,KR,DEV-7d43fd5c15
1020,42412794-2164-415d-9f8e-49325b148cb9,299000,MCH-bed94775b8,패스트파이브,7011,2026-06-11 14:55:00,35.654905,127.981627,KR,DEV-7d43fd5c15
1021,42412794-2164-415d-9f8e-49325b148cb9,5980,MCH-5b1162a765,KTX,4112,2026-06-11 18:42:00,35.643926,127.986346,KR,DEV-7d43fd5c15
1022,42412794-2164-415d-9f8e-49325b148cb9,169000,MCH-53b4838ce6,어도비(Adobe),5734,2026-06-12 10:37:00,35.645388,127.998193,KR,DEV-7d43fd5c15
1023,42412794-2164-415d-9f8e-49325b148cb9,18980,MCH-06553b267c,카카오택시,4121,2026-06-12 11:49:00,35.65046,127.997262,KR,DEV-7d43fd5c15
1024,42412794-2164-415d-9f8e-49325b148cb9,7800,MCH-c563ceac18,맥도날드,5814,2026-06-12 12:23:00,35.618437,128.025497,KR,DEV-7d43fd5c15
1025,42412794-2164-415d-9f8e-49325b148cb9,169000,MCH-8fff18fdd2,노션,7372,2026-06-14 18:44:00,35.648316,128.022713,KR,DEV-7d43fd5c15
1026,42412794-2164-415d-9f8e-49325b148cb9,15600,MCH-5b1162a765,KTX,4112,2026-06-16 13:58:00,35.601854,128.006029,KR,DEV-7d43fd5c15
1027,42412794-2164-415d-9f8e-49325b148cb9,39000,MCH-c563ceac18,맥도날드,5814,2026-06-16 22:35:00,35.606693,127.986374,KR,DEV-7d43fd5c15
1028,42412794-2164-415d-9f8e-49325b148cb9,21710,MCH-5b1162a765,KTX,4112,2026-06-19 16:48:00,35.627077,127.994862,KR,DEV-7d43fd5c15
1029,42412794-2164-415d-9f8e-49325b148cb9,35100,MCH-c563ceac18,맥도날드,5814,2026-06-20 11:19:00,35.602712,128.022051,KR,DEV-7d43fd5c15
1030,42412794-2164-415d-9f8e-49325b148cb9,37700,MCH-fb4fb59d3a,스타벅스,5814,2026-06-21 15:48:00,35.624119,128.019264,KR,DEV-7d43fd5c15
1031,42412794-2164-415d-9f8e-49325b148cb9,16900,MCH-fb4fb59d3a,스타벅스,5814,2026-06-22 08:04:00,35.644025,128.005776,KR,DEV-7d43fd5c15
1032,42412794-2164-415d-9f8e-49325b148cb9,36400,MCH-c563ceac18,맥도날드,5814,2026-06-25 12:37:00,35.611969,128.014269,KR,DEV-7d43fd5c15
1033,42412794-2164-415d-9f8e-49325b148cb9,35100,MCH-493f24c455,쿠팡,5399,2026-06-26 21:37:00,35.643362,128.011153,KR,DEV-7d43fd5c15
1034,42412794-2164-415d-9f8e-49325b148cb9,364000,MCH-53b4838ce6,어도비(Adobe),5734,2026-06-27 09:59:00,35.653279,127.987305,KR,DEV-7d43fd5c15
1035,42412794-2164-415d-9f8e-49325b148cb9,247000,MCH-53b4838ce6,어도비(Adobe),5734,2026-06-28 09:33:00,35.613457,127.98412,KR,DEV-7d43fd5c15
1036,42412794-2164-415d-9f8e-49325b148cb9,32500,MCH-493f24c455,쿠팡,5399,2026-06-28 13:31:00,35.642361,128.016114,KR,DEV-7d43fd5c15
1037,42412794-2164-415d-9f8e-49325b148cb9,208000,MCH-ca5e0a9e0b,AWS,7372,2026-06-28 14:27:00,35.633015,128.001786,KR,DEV-7d43fd5c15
1038,42412794-2164-415d-9f8e-49325b148cb9,338000,MCH-bed94775b8,패스트파이브,7011,2026-06-29 13:11:00,35.62429,128.024332,KR,DEV-7d43fd5c15
1039,42412794-2164-415d-9f8e-49325b148cb9,286000,MCH-ca5e0a9e0b,AWS,7372,2026-06-29 14:18:00,35.64095,128.015158,KR,DEV-7d43fd5c15
1040,42412794-2164-415d-9f8e-49325b148cb9,91000,MCH-ca5e0a9e0b,AWS,7372,2026-06-30 13:12:00,35.653999,128.018097,KR,DEV-7d43fd5c15
1041,42412794-2164-415d-9f8e-49325b148cb9,117000,MCH-53b4838ce6,어도비(Adobe),5734,2026-06-30 14:25:00,35.622582,128.006272,KR,DEV-7d43fd5c15
1042,42412794-2164-415d-9f8e-49325b148cb9,36400,MCH-8e35d3c146,김밥천국,5812,2026-06-30 15:17:00,35.633317,128.031569,KR,DEV-7d43fd5c15
1043,42412794-2164-415d-9f8e-49325b148cb9,123500,MCH-a5c765e6ce,프리스비,5732,2026-07-01 10:01:00,35.625732,127.984625,KR,DEV-7d43fd5c15
1044,42412794-2164-415d-9f8e-49325b148cb9,18070,MCH-5b1162a765,KTX,4112,2026-07-01 16:17:00,35.644453,128.029005,KR,DEV-7d43fd5c15
1045,42412794-2164-415d-9f8e-49325b148cb9,377000,MCH-53b4838ce6,어도비(Adobe),5734,2026-07-03 08:27:00,35.628443,128.007341,KR,DEV-7d43fd5c15
1046,42412794-2164-415d-9f8e-49325b148cb9,143000,MCH-bed94775b8,패스트파이브,7011,2026-07-03 12:42:00,35.605293,128.018648,KR,DEV-7d43fd5c15
1047,42412794-2164-415d-9f8e-49325b148cb9,182000,MCH-ca5e0a9e0b,AWS,7372,2026-07-03 17:39:00,35.653701,127.998703,KR,DEV-7d43fd5c15
1048,42412794-2164-415d-9f8e-49325b148cb9,35100,MCH-ab42b36c0b,배달의민족,5812,2026-07-05 10:31:00,35.625079,127.979965,KR,DEV-7d43fd5c15
1049,42412794-2164-415d-9f8e-49325b148cb9,338000,MCH-bed94775b8,패스트파이브,7011,2026-07-05 16:43:00,35.618047,127.999051,KR,DEV-7d43fd5c15
1050,42412794-2164-415d-9f8e-49325b148cb9,221000,MCH-8fff18fdd2,노션,7372,2026-07-06 09:27:00,35.641268,127.979474,KR,DEV-7d43fd5c15
1051,42412794-2164-415d-9f8e-49325b148cb9,21580,MCH-5b1162a765,KTX,4112,2026-07-06 14:39:00,35.647338,128.005408,KR,DEV-7d43fd5c15
1052,42412794-2164-415d-9f8e-49325b148cb9,11700,MCH-fb4fb59d3a,스타벅스,5814,2026-07-06 21:23:00,35.642588,127.993395,KR,DEV-7d43fd5c15
1053,42412794-2164-415d-9f8e-49325b148cb9,29900,MCH-ab42b36c0b,배달의민족,5812,2026-07-07 09:58:00,35.604208,127.991222,KR,DEV-7d43fd5c15
1054,42412794-2164-415d-9f8e-49325b148cb9,7800,MCH-ab42b36c0b,배달의민족,5812,2026-07-07 15:42:00,35.648127,127.984208,KR,DEV-7d43fd5c15
1055,42412794-2164-415d-9f8e-49325b148cb9,299000,MCH-bed94775b8,패스트파이브,7011,2026-07-08 14:20:00,35.638776,128.009803,KR,DEV-7d43fd5c15
1056,42412794-2164-415d-9f8e-49325b148cb9,8580,MCH-5b1162a765,KTX,4112,2026-07-08 15:40:00,35.61951,128.011254,KR,DEV-7d43fd5c15
1057,42412794-2164-415d-9f8e-49325b148cb9,260000,MCH-8fff18fdd2,노션,7372,2026-07-08 16:51:00,35.64485,127.983428,KR,DEV-7d43fd5c15
1058,42412794-2164-415d-9f8e-49325b148cb9,122200,MCH-a5c765e6ce,프리스비,5732,2026-07-10 19:05:00,35.603726,128.03187,KR,DEV-7d43fd5c15
1059,42412794-2164-415d-9f8e-49325b148cb9,15210,MCH-5b1162a765,KTX,4112,2026-07-12 12:39:00,35.617368,128.013882,KR,DEV-7d43fd5c15
1060,42412794-2164-415d-9f8e-49325b148cb9,32500,MCH-fb4fb59d3a,스타벅스,5814,2026-07-12 21:19:00,35.644464,128.00371,KR,DEV-7d43fd5c15
1061,42412794-2164-415d-9f8e-49325b148cb9,14300,MCH-8e35d3c146,김밥천국,5812,2026-07-13 18:52:00,35.635094,128.005924,KR,DEV-7d43fd5c15
1062,42412794-2164-415d-9f8e-49325b148cb9,23400,MCH-ab42b36c0b,배달의민족,5812,2026-07-14 14:20:00,35.612003,128.003019,KR,DEV-7d43fd5c15
1063,42412794-2164-415d-9f8e-49325b148cb9,182000,MCH-8fff18fdd2,노션,7372,2026-07-14 18:10:00,35.650408,128.012286,KR,DEV-7d43fd5c15
1064,42412794-2164-415d-9f8e-49325b148cb9,299000,MCH-bed94775b8,패스트파이브,7011,2026-07-14 19:40:00,35.635639,128.021746,KR,DEV-7d43fd5c15
1065,42412794-2164-415d-9f8e-49325b148cb9,24700,MCH-ab42b36c0b,배달의민족,5812,2026-07-15 15:35:00,35.607295,127.988394,KR,DEV-7d43fd5c15
1066,42412794-2164-415d-9f8e-49325b148cb9,390000,MCH-bed94775b8,패스트파이브,7011,2026-07-16 08:03:00,35.61067,128.024102,KR,DEV-7d43fd5c15
1067,42412794-2164-415d-9f8e-49325b148cb9,208000,MCH-bed94775b8,패스트파이브,7011,2026-07-16 18:42:00,35.605694,128.010539,KR,DEV-7d43fd5c15
1068,42412794-2164-415d-9f8e-49325b148cb9,39000,MCH-ab42b36c0b,배달의민족,5812,2026-07-16 20:17:00,35.603157,127.986634,KR,DEV-7d43fd5c15
1069,42412794-2164-415d-9f8e-49325b148cb9,234000,MCH-ca5e0a9e0b,AWS,7372,2026-07-17 11:09:00,35.618098,128.023011,KR,DEV-7d43fd5c15
1070,42412794-2164-415d-9f8e-49325b148cb9,58500,MCH-493f24c455,쿠팡,5399,2026-07-17 17:07:00,35.643055,128.006412,KR,DEV-7d43fd5c15
1071,42412794-2164-415d-9f8e-49325b148cb9,27300,MCH-fb4fb59d3a,스타벅스,5814,2026-07-17 18:53:00,35.640305,127.985618,KR,DEV-7d43fd5c15
1072,42412794-2164-415d-9f8e-49325b148cb9,107900,MCH-ba944121a3,무신사,5651,2026-07-18 13:44:00,35.624912,127.991766,KR,DEV-7d43fd5c15
1073,42412794-2164-415d-9f8e-49325b148cb9,13910,MCH-5df4849ce1,지하철,4111,2026-07-19 15:45:00,35.626825,127.991336,KR,DEV-7d43fd5c15
1074,42412794-2164-415d-9f8e-49325b148cb9,364000,MCH-53b4838ce6,어도비(Adobe),5734,2026-07-19 18:51:00,35.617815,128.012906,KR,DEV-7d43fd5c15
1075,42412794-2164-415d-9f8e-49325b148cb9,286000,MCH-53b4838ce6,어도비(Adobe),5734,2026-07-20 21:15:00,35.621951,128.012558,KR,DEV-7d43fd5c15
1076,42412794-2164-415d-9f8e-49325b148cb9,2540000,MCH-9449f2d5d1,중고거래_송금,6051,2026-07-21 02:59:00,35.653089,128.028156,KR,DEV-7d43fd5c15
1077,42412794-2164-415d-9f8e-49325b148cb9,325000,MCH-bed94775b8,패스트파이브,7011,2026-07-21 13:56:00,35.613885,127.989392,KR,DEV-7d43fd5c15
1078,42412794-2164-415d-9f8e-49325b148cb9,18200,MCH-06553b267c,카카오택시,4121,2026-07-21 15:47:00,35.635991,128.020686,KR,DEV-7d43fd5c15
1079,42412794-2164-415d-9f8e-49325b148cb9,273000,MCH-8fff18fdd2,노션,7372,2026-07-22 09:22:00,35.648549,128.022357,KR,DEV-7d43fd5c15
1080,42412794-2164-415d-9f8e-49325b148cb9,3640,MCH-06553b267c,카카오택시,4121,2026-07-22 18:41:00,35.640575,128.007627,KR,DEV-7d43fd5c15
1081,42412794-2164-415d-9f8e-49325b148cb9,299000,MCH-8fff18fdd2,노션,7372,2026-07-23 09:07:00,35.608513,127.999677,KR,DEV-7d43fd5c15
1082,42412794-2164-415d-9f8e-49325b148cb9,312000,MCH-ca5e0a9e0b,AWS,7372,2026-07-23 18:26:00,35.629069,128.030434,KR,DEV-7d43fd5c15
1083,42412794-2164-415d-9f8e-49325b148cb9,130000,MCH-8fff18fdd2,노션,7372,2026-07-23 18:37:00,35.618422,128.003878,KR,DEV-7d43fd5c15
1084,42412794-2164-415d-9f8e-49325b148cb9,65000,MCH-ca5e0a9e0b,AWS,7372,2026-07-24 08:59:00,35.623562,127.987852,KR,DEV-7d43fd5c15
1085,42412794-2164-415d-9f8e-49325b148cb9,14300,MCH-8e35d3c146,김밥천국,5812,2026-07-24 12:44:00,35.634238,127.990383,KR,DEV-7d43fd5c15
1086,42412794-2164-415d-9f8e-49325b148cb9,14560,MCH-5b1162a765,KTX,4112,2026-07-26 10:27:00,35.647748,128.020297,KR,DEV-7d43fd5c15
1087,42412794-2164-415d-9f8e-49325b148cb9,156000,MCH-53b4838ce6,어도비(Adobe),5734,2026-07-26 19:13:00,35.650886,128.002545,KR,DEV-7d43fd5c15
1088,42412794-2164-415d-9f8e-49325b148cb9,6500,MCH-fb4fb59d3a,스타벅스,5814,2026-07-26 19:33:00,35.609225,128.029806,KR,DEV-7d43fd5c15
1089,42412794-2164-415d-9f8e-49325b148cb9,42900,MCH-ba944121a3,무신사,5651,2026-07-27 08:18:00,35.616452,128.014625,KR,DEV-7d43fd5c15
1090,42412794-2164-415d-9f8e-49325b148cb9,91000,MCH-bed94775b8,패스트파이브,7011,2026-07-28 08:30:00,35.650202,127.998,KR,DEV-7d43fd5c15
1091,42412794-2164-415d-9f8e-49325b148cb9,21710,MCH-5b1162a765,KTX,4112,2026-07-29 12:04:00,35.622646,127.989491,KR,DEV-7d43fd5c15
1092,42412794-2164-415d-9f8e-49325b148cb9,31200,MCH-ab42b36c0b,배달의민족,5812,2026-07-29 18:51:00,35.604333,127.996013,KR,DEV-7d43fd5c15
1093,42412794-2164-415d-9f8e-49325b148cb9,130000,MCH-cf62dbb6a8,게임아이템_스토어,7994,2026-07-30 17:24:00,35.617509,127.999355,KR,DEV-7d43fd5c15
1094,42412794-2164-415d-9f8e-49325b148cb9,130000,MCH-cf62dbb6a8,게임아이템_스토어,7994,2026-07-30 17:25:00,35.617509,127.999355,KR,DEV-7d43fd5c15
1095,42412794-2164-415d-9f8e-49325b148cb9,130000,MCH-cf62dbb6a8,게임아이템_스토어,7994,2026-07-30 17:26:00,35.617509,127.999355,KR,DEV-7d43fd5c15
1096,42412794-2164-415d-9f8e-49325b148cb9,117000,MCH-bed94775b8,패스트파이브,7011,2026-07-31 12:07:00,35.626459,127.982866,KR,DEV-7d43fd5c15
1097,42412794-2164-415d-9f8e-49325b148cb9,27300,MCH-c563ceac18,맥도날드,5814,2026-07-31 15:59:00,35.649385,127.980243,KR,DEV-7d43fd5c15
1098,42412794-2164-415d-9f8e-49325b148cb9,11310,MCH-5b1162a765,KTX,4112,2026-08-01 22:56:00,35.653772,127.993209,KR,DEV-7d43fd5c15
1099,42412794-2164-415d-9f8e-49325b148cb9,377000,MCH-bed94775b8,패스트파이브,7011,2026-08-02 10:35:00,35.624712,127.986938,KR,DEV-7d43fd5c15
1100,42412794-2164-415d-9f8e-49325b148cb9,7800,MCH-c563ceac18,맥도날드,5814,2026-08-02 11:11:00,35.636693,128.021167,KR,DEV-7d43fd5c15
1101,42412794-2164-415d-9f8e-49325b148cb9,10400,MCH-c563ceac18,맥도날드,5814,2026-08-03 13:05:00,35.631473,128.002764,KR,DEV-7d43fd5c15
1102,42412794-2164-415d-9f8e-49325b148cb9,78000,MCH-bed94775b8,패스트파이브,7011,2026-08-03 15:22:00,35.626407,127.984292,KR,DEV-7d43fd5c15
1103,42412794-2164-415d-9f8e-49325b148cb9,21320,MCH-5df4849ce1,지하철,4111,2026-08-04 08:33:00,35.610254,128.005519,KR,DEV-7d43fd5c15
1104,42412794-2164-415d-9f8e-49325b148cb9,33800,MCH-8e35d3c146,김밥천국,5812,2026-08-04 09:56:00,35.610917,128.027772,KR,DEV-7d43fd5c15
1105,42412794-2164-415d-9f8e-49325b148cb9,72800,MCH-493f24c455,쿠팡,5399,2026-08-05 10:01:00,35.637948,127.999326,KR,DEV-7d43fd5c15
1106,42412794-2164-415d-9f8e-49325b148cb9,118300,MCH-e7751d42a2,올리브영,5977,2026-08-05 18:00:00,35.64606,128.013671,KR,DEV-7d43fd5c15
1107,42412794-2164-415d-9f8e-49325b148cb9,91000,MCH-bed94775b8,패스트파이브,7011,2026-08-07 14:16:00,35.616452,128.021163,KR,DEV-7d43fd5c15
1108,42412794-2164-415d-9f8e-49325b148cb9,13000,MCH-c563ceac18,맥도날드,5814,2026-08-07 14:49:00,35.653322,128.024805,KR,DEV-7d43fd5c15
1109,42412794-2164-415d-9f8e-49325b148cb9,143000,MCH-ca5e0a9e0b,AWS,7372,2026-08-07 21:03:00,35.6407,128.017713,KR,DEV-7d43fd5c15
1110,42412794-2164-415d-9f8e-49325b148cb9,338000,MCH-8fff18fdd2,노션,7372,2026-08-08 17:08:00,35.627689,128.001391,KR,DEV-7d43fd5c15
1111,42412794-2164-415d-9f8e-49325b148cb9,33800,MCH-ba944121a3,무신사,5651,2026-08-10 20:27:00,35.649017,128.003773,KR,DEV-7d43fd5c15
1112,42412794-2164-415d-9f8e-49325b148cb9,24440,MCH-5b1162a765,KTX,4112,2026-08-11 11:41:00,35.624185,127.980206,KR,DEV-7d43fd5c15
1113,42412794-2164-415d-9f8e-49325b148cb9,23400,MCH-8e35d3c146,김밥천국,5812,2026-08-12 09:58:00,35.629659,128.013005,KR,DEV-7d43fd5c15
1114,42412794-2164-415d-9f8e-49325b148cb9,35100,MCH-ba944121a3,무신사,5651,2026-08-13 15:42:00,35.650741,128.005772,KR,DEV-7d43fd5c15
1115,42412794-2164-415d-9f8e-49325b148cb9,182000,MCH-bed94775b8,패스트파이브,7011,2026-08-13 17:03:00,35.608065,128.026826,KR,DEV-7d43fd5c15
1116,42412794-2164-415d-9f8e-49325b148cb9,299000,MCH-8fff18fdd2,노션,7372,2026-08-14 19:29:00,35.603603,128.00052,KR,DEV-7d43fd5c15
1117,42412794-2164-415d-9f8e-49325b148cb9,13000,MCH-8e35d3c146,김밥천국,5812,2026-08-14 20:11:00,35.632809,128.019568,KR,DEV-7d43fd5c15
1118,42412794-2164-415d-9f8e-49325b148cb9,143000,MCH-ca5e0a9e0b,AWS,7372,2026-08-15 10:05:00,35.615485,128.030275,KR,DEV-7d43fd5c15
1119,42412794-2164-415d-9f8e-49325b148cb9,6500,MCH-fb4fb59d3a,스타벅스,5814,2026-08-15 14:07:00,35.633808,128.025134,KR,DEV-7d43fd5c15
1120,42412794-2164-415d-9f8e-49325b148cb9,940000,MCH-fa2d4c28ac,AliExpress_CN,5399,2026-08-15 23:38:00,35.636606,128.002894,UK,DEV-7d43fd5c15
1121,42412794-2164-415d-9f8e-49325b148cb9,117000,MCH-53b4838ce6,어도비(Adobe),5734,2026-08-16 10:00:00,35.653219,128.014512,KR,DEV-7d43fd5c15
1122,42412794-2164-415d-9f8e-49325b148cb9,14300,MCH-fb4fb59d3a,스타벅스,5814,2026-08-16 15:41:00,35.645263,128.015643,KR,DEV-7d43fd5c15
1123,42412794-2164-415d-9f8e-49325b148cb9,37700,MCH-ab42b36c0b,배달의민족,5812,2026-08-17 15:09:00,35.634998,128.020723,KR,DEV-7d43fd5c15
1124,42412794-2164-415d-9f8e-49325b148cb9,29900,MCH-8e35d3c146,김밥천국,5812,2026-08-19 11:12:00,35.625225,128.004239,KR,DEV-7d43fd5c15
1125,42412794-2164-415d-9f8e-49325b148cb9,106600,MCH-493f24c455,쿠팡,5399,2026-08-20 08:27:00,35.637842,128.022165,KR,DEV-7d43fd5c15
1126,42412794-2164-415d-9f8e-49325b148cb9,104000,MCH-ba944121a3,무신사,5651,2026-08-20 17:46:00,35.631119,127.993738,KR,DEV-7d43fd5c15
1127,42412794-2164-415d-9f8e-49325b148cb9,260000,MCH-bed94775b8,패스트파이브,7011,2026-08-20 19:37:00,35.601583,128.012096,KR,DEV-7d43fd5c15
1128,42412794-2164-415d-9f8e-49325b148cb9,351000,MCH-bed94775b8,패스트파이브,7011,2026-08-22 14:01:00,35.607478,128.011679,KR,DEV-7d43fd5c15
1129,42412794-2164-415d-9f8e-49325b148cb9,182000,MCH-ca5e0a9e0b,AWS,7372,2026-08-22 19:45:00,35.633703,128.023559,KR,DEV-7d43fd5c15
1130,42412794-2164-415d-9f8e-49325b148cb9,117000,MCH-a5c765e6ce,프리스비,5732,2026-08-22 22:43:00,35.640412,128.003384,KR,DEV-7d43fd5c15
1131,50b593ca-91f0-4e63-99e1-c0b7e5b94e89,7000,MCH-8e35d3c146,김밥천국,5812,2026-05-25 10:21:00,35.618242,126.563746,KR,DEV-841015dab1
1132,50b593ca-91f0-4e63-99e1-c0b7e5b94e89,26600,MCH-53b4838ce6,어도비(Adobe),5734,2026-05-26 13:05:00,35.612065,126.578527,KR,DEV-a4dfbc85ab
1133,50b593ca-91f0-4e63-99e1-c0b7e5b94e89,8400,MCH-c563ceac18,맥도날드,5814,2026-05-26 22:18:00,35.594413,126.562193,KR,DEV-841015dab1
1134,50b593ca-91f0-4e63-99e1-c0b7e5b94e89,11900,MCH-8e35d3c146,김밥천국,5812,2026-05-29 14:02:00,35.6188,126.602317,KR,DEV-841015dab1
1135,50b593ca-91f0-4e63-99e1-c0b7e5b94e89,67200,MCH-ba944121a3,무신사,5651,2026-05-31 17:02:00,35.61777,126.583133,KR,DEV-841015dab1
1136,50b593ca-91f0-4e63-99e1-c0b7e5b94e89,21000,MCH-c563ceac18,맥도날드,5814,2026-06-01 12:44:00,35.606638,126.569599,KR,DEV-841015dab1
1137,50b593ca-91f0-4e63-99e1-c0b7e5b94e89,10920,MCH-0d60345572,버스,4111,2026-06-01 20:51:00,35.613905,126.570866,KR,DEV-841015dab1
1138,50b593ca-91f0-4e63-99e1-c0b7e5b94e89,5390,MCH-06553b267c,카카오택시,4121,2026-06-01 21:29:00,35.604974,126.582641,KR,DEV-841015dab1
1139,50b593ca-91f0-4e63-99e1-c0b7e5b94e89,21000,MCH-8e35d3c146,김밥천국,5812,2026-06-07 20:05:00,35.613498,126.573939,KR,DEV-841015dab1
1140,50b593ca-91f0-4e63-99e1-c0b7e5b94e89,168000,MCH-53b4838ce6,어도비(Adobe),5734,2026-06-07 20:15:00,35.625527,126.597125,KR,DEV-841015dab1
1141,50b593ca-91f0-4e63-99e1-c0b7e5b94e89,38500,MCH-a5c765e6ce,프리스비,5732,2026-06-07 21:24:00,35.622098,126.593459,KR,DEV-841015dab1
1142,50b593ca-91f0-4e63-99e1-c0b7e5b94e89,6230,MCH-5df4849ce1,지하철,4111,2026-06-08 09:02:00,35.630661,126.575343,KR,DEV-841015dab1
1143,50b593ca-91f0-4e63-99e1-c0b7e5b94e89,98000,MCH-53b4838ce6,어도비(Adobe),5734,2026-06-10 08:21:00,35.619277,126.559217,KR,DEV-841015dab1
1144,50b593ca-91f0-4e63-99e1-c0b7e5b94e89,6580,MCH-06553b267c,카카오택시,4121,2026-06-11 12:28:00,35.625791,126.577274,KR,DEV-841015dab1
1145,50b593ca-91f0-4e63-99e1-c0b7e5b94e89,13300,MCH-8e35d3c146,김밥천국,5812,2026-06-12 09:18:00,35.62235,126.568083,KR,DEV-841015dab1
1146,50b593ca-91f0-4e63-99e1-c0b7e5b94e89,5600,MCH-c563ceac18,맥도날드,5814,2026-06-12 12:51:00,35.61861,126.581687,KR,DEV-841015dab1
1147,50b593ca-91f0-4e63-99e1-c0b7e5b94e89,11830,MCH-06553b267c,카카오택시,4121,2026-06-13 11:15:00,35.622788,126.603014,KR,DEV-841015dab1
1148,50b593ca-91f0-4e63-99e1-c0b7e5b94e89,13300,MCH-c563ceac18,맥도날드,5814,2026-06-13 12:16:00,35.594357,126.592448,KR,DEV-841015dab1
1149,50b593ca-91f0-4e63-99e1-c0b7e5b94e89,18200,MCH-ab42b36c0b,배달의민족,5812,2026-06-13 15:38:00,35.617014,126.604379,KR,DEV-841015dab1
1150,50b593ca-91f0-4e63-99e1-c0b7e5b94e89,9800,MCH-8e35d3c146,김밥천국,5812,2026-06-14 09:00:00,35.643818,126.58646,KR,DEV-841015dab1
1151,50b593ca-91f0-4e63-99e1-c0b7e5b94e89,11900,MCH-c563ceac18,맥도날드,5814,2026-06-16 08:24:00,35.607366,126.595754,KR,DEV-841015dab1
1152,50b593ca-91f0-4e63-99e1-c0b7e5b94e89,11200,MCH-fb4fb59d3a,스타벅스,5814,2026-06-16 15:59:00,35.615777,126.565859,KR,DEV-841015dab1
1153,50b593ca-91f0-4e63-99e1-c0b7e5b94e89,15399,MCH-fb4fb59d3a,스타벅스,5814,2026-06-16 17:25:00,35.604454,126.590275,KR,DEV-841015dab1
1154,50b593ca-91f0-4e63-99e1-c0b7e5b94e89,13300,MCH-fb4fb59d3a,스타벅스,5814,2026-06-18 08:57:00,35.619448,126.567906,KR,DEV-841015dab1
1155,50b593ca-91f0-4e63-99e1-c0b7e5b94e89,210000,MCH-bed94775b8,패스트파이브,7011,2026-06-18 15:00:00,35.61331,126.558982,KR,DEV-841015dab1
1156,50b593ca-91f0-4e63-99e1-c0b7e5b94e89,20300,MCH-8e35d3c146,김밥천국,5812,2026-06-18 18:40:00,35.619568,126.578299,KR,DEV-841015dab1
1157,50b593ca-91f0-4e63-99e1-c0b7e5b94e89,14699,MCH-ba944121a3,무신사,5651,2026-06-19 08:17:00,35.595397,126.558987,KR,DEV-841015dab1
1158,50b593ca-91f0-4e63-99e1-c0b7e5b94e89,147000,MCH-bed94775b8,패스트파이브,7011,2026-06-19 09:07:00,35.63513,126.597325,KR,DEV-841015dab1
1159,50b593ca-91f0-4e63-99e1-c0b7e5b94e89,61599,MCH-e7751d42a2,올리브영,5977,2026-06-19 22:19:00,35.643065,126.599798,KR,DEV-841015dab1
1160,50b593ca-91f0-4e63-99e1-c0b7e5b94e89,105000,MCH-8fff18fdd2,노션,7372,2026-06-20 21:37:00,35.605892,126.569101,KR,DEV-841015dab1
1161,50b593ca-91f0-4e63-99e1-c0b7e5b94e89,7699,MCH-fb4fb59d3a,스타벅스,5814,2026-06-21 19:14:00,35.600147,126.583902,KR,DEV-841015dab1
1162,50b593ca-91f0-4e63-99e1-c0b7e5b94e89,18900,MCH-8e35d3c146,김밥천국,5812,2026-06-21 22:21:00,35.604013,126.589007,KR,DEV-841015dab1
1163,50b593ca-91f0-4e63-99e1-c0b7e5b94e89,65099,MCH-493f24c455,쿠팡,5399,2026-06-24 15:41:00,35.613253,126.572034,KR,DEV-841015dab1
1164,50b593ca-91f0-4e63-99e1-c0b7e5b94e89,189000,MCH-bed94775b8,패스트파이브,7011,2026-06-25 22:09:00,35.615967,126.605199,KR,DEV-841015dab1
1165,50b593ca-91f0-4e63-99e1-c0b7e5b94e89,57399,MCH-e7751d42a2,올리브영,5977,2026-06-26 14:54:00,35.599632,126.602859,KR,DEV-841015dab1
1166,50b593ca-91f0-4e63-99e1-c0b7e5b94e89,9100,MCH-c563ceac18,맥도날드,5814,2026-06-26 17:12:00,35.627283,126.56732,KR,DEV-841015dab1
1167,50b593ca-91f0-4e63-99e1-c0b7e5b94e89,18200,MCH-8e35d3c146,김밥천국,5812,2026-06-26 20:24:00,35.627146,126.598391,KR,DEV-841015dab1
1168,50b593ca-91f0-4e63-99e1-c0b7e5b94e89,7559,MCH-0d60345572,버스,4111,2026-06-27 16:41:00,35.612512,126.603885,KR,DEV-841015dab1
1169,50b593ca-91f0-4e63-99e1-c0b7e5b94e89,43400,MCH-a5c765e6ce,프리스비,5732,2026-06-27 20:16:00,35.598768,126.554548,KR,DEV-841015dab1
1170,50b593ca-91f0-4e63-99e1-c0b7e5b94e89,3150,MCH-5df4849ce1,지하철,4111,2026-06-27 22:45:00,35.638577,126.597805,KR,DEV-841015dab1
1171,50b593ca-91f0-4e63-99e1-c0b7e5b94e89,91000,MCH-ca5e0a9e0b,AWS,7372,2026-06-28 18:08:00,35.610896,126.553489,KR,DEV-841015dab1
1172,50b593ca-91f0-4e63-99e1-c0b7e5b94e89,6300,MCH-06553b267c,카카오택시,4121,2026-06-28 18:40:00,35.623432,126.590735,KR,DEV-841015dab1
1173,50b593ca-91f0-4e63-99e1-c0b7e5b94e89,8119,MCH-5b1162a765,KTX,4112,2026-06-28 19:37:00,35.636804,126.558578,KR,DEV-841015dab1
1174,50b593ca-91f0-4e63-99e1-c0b7e5b94e89,18200,MCH-fb4fb59d3a,스타벅스,5814,2026-06-29 20:47:00,35.5943,126.555814,KR,DEV-841015dab1
1175,50b593ca-91f0-4e63-99e1-c0b7e5b94e89,16800,MCH-fb4fb59d3a,스타벅스,5814,2026-06-29 22:11:00,35.62407,126.599291,KR,DEV-841015dab1
1176,50b593ca-91f0-4e63-99e1-c0b7e5b94e89,3500,MCH-c563ceac18,맥도날드,5814,2026-06-30 08:43:00,35.619201,126.560755,KR,DEV-841015dab1
1177,50b593ca-91f0-4e63-99e1-c0b7e5b94e89,5530,MCH-0d60345572,버스,4111,2026-06-30 20:47:00,35.61385,126.598958,KR,DEV-841015dab1
1178,50b593ca-91f0-4e63-99e1-c0b7e5b94e89,61599,MCH-ba944121a3,무신사,5651,2026-07-01 17:03:00,35.601847,126.59937,KR,DEV-841015dab1
1179,50b593ca-91f0-4e63-99e1-c0b7e5b94e89,3290,MCH-5df4849ce1,지하철,4111,2026-07-02 09:49:00,35.611014,126.57036,KR,DEV-841015dab1
1180,50b593ca-91f0-4e63-99e1-c0b7e5b94e89,18200,MCH-ab42b36c0b,배달의민족,5812,2026-07-02 12:33:00,35.602032,126.603611,KR,DEV-841015dab1
1181,50b593ca-91f0-4e63-99e1-c0b7e5b94e89,12250,MCH-5df4849ce1,지하철,4111,2026-07-02 14:54:00,35.627958,126.604248,KR,DEV-841015dab1
1182,50b593ca-91f0-4e63-99e1-c0b7e5b94e89,9800,MCH-8e35d3c146,김밥천국,5812,2026-07-03 09:30:00,35.592538,126.564755,KR,DEV-841015dab1
1183,50b593ca-91f0-4e63-99e1-c0b7e5b94e89,64399,MCH-ba944121a3,무신사,5651,2026-07-04 11:27:00,35.599811,126.575573,KR,DEV-841015dab1
1184,50b593ca-91f0-4e63-99e1-c0b7e5b94e89,35000,MCH-ba944121a3,무신사,5651,2026-07-05 08:53:00,35.624348,126.556798,KR,DEV-841015dab1
1185,50b593ca-91f0-4e63-99e1-c0b7e5b94e89,18200,MCH-c563ceac18,맥도날드,5814,2026-07-05 10:21:00,35.603583,126.584435,KR,DEV-841015dab1
1186,50b593ca-91f0-4e63-99e1-c0b7e5b94e89,4130,MCH-06553b267c,카카오택시,4121,2026-07-06 14:56:00,35.625731,126.574971,KR,DEV-841015dab1
1187,50b593ca-91f0-4e63-99e1-c0b7e5b94e89,55300,MCH-ba944121a3,무신사,5651,2026-07-07 09:55:00,35.625446,126.59467,KR,DEV-841015dab1
1188,50b593ca-91f0-4e63-99e1-c0b7e5b94e89,20300,MCH-ab42b36c0b,배달의민족,5812,2026-07-07 11:51:00,35.613807,126.56713,KR,DEV-841015dab1
1189,50b593ca-91f0-4e63-99e1-c0b7e5b94e89,7000,MCH-c563ceac18,맥도날드,5814,2026-07-07 13:11:00,35.624106,126.586987,KR,DEV-841015dab1
1190,50b593ca-91f0-4e63-99e1-c0b7e5b94e89,39200,MCH-493f24c455,쿠팡,5399,2026-07-09 16:31:00,35.614435,126.554538,KR,DEV-841015dab1
1191,50b593ca-91f0-4e63-99e1-c0b7e5b94e89,4059,MCH-06553b267c,카카오택시,4121,2026-07-10 22:22:00,35.600425,126.57925,KR,DEV-841015dab1
1192,50b593ca-91f0-4e63-99e1-c0b7e5b94e89,67200,MCH-493f24c455,쿠팡,5399,2026-07-10 22:24:00,35.610199,126.5897,KR,DEV-841015dab1
1193,50b593ca-91f0-4e63-99e1-c0b7e5b94e89,690000,MCH-96930209b1,Amazon_US,5942,2026-07-11 05:07:00,35.630848,126.60482,CN,DEV-841015dab1
1194,50b593ca-91f0-4e63-99e1-c0b7e5b94e89,4010000,MCH-c3acdc127f,유흥업소,5813,2026-07-12 05:29:00,35.625051,126.571856,KR,DEV-841015dab1
1195,50b593ca-91f0-4e63-99e1-c0b7e5b94e89,4900,MCH-ab42b36c0b,배달의민족,5812,2026-07-12 16:50:00,35.592619,126.561103,KR,DEV-841015dab1
1196,50b593ca-91f0-4e63-99e1-c0b7e5b94e89,64399,MCH-a5c765e6ce,프리스비,5732,2026-07-12 21:22:00,35.630402,126.605666,KR,DEV-841015dab1
1197,50b593ca-91f0-4e63-99e1-c0b7e5b94e89,35000,MCH-bed94775b8,패스트파이브,7011,2026-07-13 11:45:00,35.594884,126.589733,KR,DEV-841015dab1
1198,50b593ca-91f0-4e63-99e1-c0b7e5b94e89,50400,MCH-e7751d42a2,올리브영,5977,2026-07-13 12:43:00,35.595049,126.605206,KR,DEV-841015dab1
1199,50b593ca-91f0-4e63-99e1-c0b7e5b94e89,56000,MCH-53b4838ce6,어도비(Adobe),5734,2026-07-14 10:23:00,35.612643,126.588518,KR,DEV-841015dab1
1200,50b593ca-91f0-4e63-99e1-c0b7e5b94e89,66500,MCH-5df4849ce1,지하철,4111,2026-07-15 12:40:00,36.508273,127.778191,KR,DEV-841015dab1
1201,50b593ca-91f0-4e63-99e1-c0b7e5b94e89,42700,MCH-493f24c455,쿠팡,5399,2026-07-15 14:15:00,35.600071,126.564467,KR,DEV-841015dab1
1202,50b593ca-91f0-4e63-99e1-c0b7e5b94e89,17500,MCH-a5c765e6ce,프리스비,5732,2026-07-16 10:40:00,35.593528,126.578721,KR,DEV-841015dab1
1203,50b593ca-91f0-4e63-99e1-c0b7e5b94e89,2510000,MCH-c3acdc127f,유흥업소,5813,2026-07-17 03:34:00,35.624764,126.598897,KR,DEV-841015dab1
1204,50b593ca-91f0-4e63-99e1-c0b7e5b94e89,3500,MCH-c563ceac18,맥도날드,5814,2026-07-17 15:08:00,35.632619,126.568933,KR,DEV-841015dab1
1205,50b593ca-91f0-4e63-99e1-c0b7e5b94e89,53900,MCH-a5c765e6ce,프리스비,5732,2026-07-17 17:44:00,35.636246,126.556973,KR,DEV-841015dab1
1206,50b593ca-91f0-4e63-99e1-c0b7e5b94e89,42000,MCH-e7751d42a2,올리브영,5977,2026-07-18 13:05:00,35.609038,126.561711,KR,DEV-841015dab1
1207,50b593ca-91f0-4e63-99e1-c0b7e5b94e89,18900,MCH-ab42b36c0b,배달의민족,5812,2026-07-20 10:08:00,35.593152,126.559431,KR,DEV-841015dab1
1208,50b593ca-91f0-4e63-99e1-c0b7e5b94e89,3500,MCH-8e35d3c146,김밥천국,5812,2026-07-20 15:08:00,35.60075,126.590526,KR,DEV-841015dab1
1209,50b593ca-91f0-4e63-99e1-c0b7e5b94e89,210000,MCH-8fff18fdd2,노션,7372,2026-07-21 11:36:00,35.635688,126.56807,KR,DEV-841015dab1
1210,50b593ca-91f0-4e63-99e1-c0b7e5b94e89,70000,MCH-c563ceac18,맥도날드,5814,2026-07-21 12:43:00,35.631718,126.581816,KR,DEV-e464e6982b
1211,50b593ca-91f0-4e63-99e1-c0b7e5b94e89,10990,MCH-5b1162a765,KTX,4112,2026-07-22 15:46:00,35.614215,126.601865,KR,DEV-841015dab1
1212,50b593ca-91f0-4e63-99e1-c0b7e5b94e89,12600,MCH-fb4fb59d3a,스타벅스,5814,2026-07-22 19:25:00,35.599054,126.604938,KR,DEV-841015dab1
1213,50b593ca-91f0-4e63-99e1-c0b7e5b94e89,9100,MCH-ab42b36c0b,배달의민족,5812,2026-07-22 22:16:00,35.591903,126.564378,KR,DEV-841015dab1
1214,50b593ca-91f0-4e63-99e1-c0b7e5b94e89,6300,MCH-5df4849ce1,지하철,4111,2026-07-24 09:07:00,35.61372,126.5907,KR,DEV-841015dab1
1215,50b593ca-91f0-4e63-99e1-c0b7e5b94e89,46900,MCH-ba944121a3,무신사,5651,2026-07-24 12:09:00,35.592888,126.571018,KR,DEV-841015dab1
1216,50b593ca-91f0-4e63-99e1-c0b7e5b94e89,36400,MCH-e7751d42a2,올리브영,5977,2026-07-24 20:47:00,35.62277,126.553456,KR,DEV-841015dab1
1217,50b593ca-91f0-4e63-99e1-c0b7e5b94e89,24500,MCH-e7751d42a2,올리브영,5977,2026-07-25 19:15:00,35.598007,126.598438,KR,DEV-841015dab1
1218,50b593ca-91f0-4e63-99e1-c0b7e5b94e89,2800,MCH-5b1162a765,KTX,4112,2026-07-25 19:46:00,35.626765,126.60535,KR,DEV-841015dab1
1219,50b593ca-91f0-4e63-99e1-c0b7e5b94e89,13300,MCH-c563ceac18,맥도날드,5814,2026-07-26 18:28:00,35.644355,126.603789,KR,DEV-841015dab1
1220,50b593ca-91f0-4e63-99e1-c0b7e5b94e89,54600,MCH-e7751d42a2,올리브영,5977,2026-07-27 14:11:00,35.606052,126.556319,KR,DEV-841015dab1
1221,50b593ca-91f0-4e63-99e1-c0b7e5b94e89,20300,MCH-ab42b36c0b,배달의민족,5812,2026-07-28 10:52:00,35.593929,126.558981,KR,DEV-841015dab1
1222,50b593ca-91f0-4e63-99e1-c0b7e5b94e89,8189,MCH-5df4849ce1,지하철,4111,2026-07-29 08:14:00,35.61643,126.591285,KR,DEV-841015dab1
1223,50b593ca-91f0-4e63-99e1-c0b7e5b94e89,3500,MCH-c563ceac18,맥도날드,5814,2026-07-29 12:58:00,35.615465,126.581955,KR,DEV-841015dab1
1224,50b593ca-91f0-4e63-99e1-c0b7e5b94e89,62999,MCH-493f24c455,쿠팡,5399,2026-07-29 15:07:00,35.634773,126.58207,KR,DEV-841015dab1
1225,50b593ca-91f0-4e63-99e1-c0b7e5b94e89,49700,MCH-ba944121a3,무신사,5651,2026-07-30 13:28:00,35.601189,126.570845,KR,DEV-841015dab1
1226,50b593ca-91f0-4e63-99e1-c0b7e5b94e89,25900,MCH-a5c765e6ce,프리스비,5732,2026-07-30 17:57:00,35.639449,126.598813,KR,DEV-841015dab1
1227,50b593ca-91f0-4e63-99e1-c0b7e5b94e89,69300,MCH-e7751d42a2,올리브영,5977,2026-07-30 19:23:00,35.643148,126.570979,KR,DEV-841015dab1
1228,50b593ca-91f0-4e63-99e1-c0b7e5b94e89,20300,MCH-ab42b36c0b,배달의민족,5812,2026-08-01 13:29:00,35.644886,126.596331,KR,DEV-841015dab1
1229,50b593ca-91f0-4e63-99e1-c0b7e5b94e89,44800,MCH-493f24c455,쿠팡,5399,2026-08-02 08:35:00,35.604923,126.594686,KR,DEV-841015dab1
1230,50b593ca-91f0-4e63-99e1-c0b7e5b94e89,4200,MCH-8e35d3c146,김밥천국,5812,2026-08-03 08:58:00,35.601216,126.595202,KR,DEV-841015dab1
1231,50b593ca-91f0-4e63-99e1-c0b7e5b94e89,11200,MCH-fb4fb59d3a,스타벅스,5814,2026-08-03 18:59:00,35.622238,126.602498,KR,DEV-841015dab1
1232,50b593ca-91f0-4e63-99e1-c0b7e5b94e89,10500,MCH-a5c765e6ce,프리스비,5732,2026-08-04 18:58:00,35.628201,126.557027,KR,DEV-841015dab1
1233,50b593ca-91f0-4e63-99e1-c0b7e5b94e89,19600,MCH-c563ceac18,맥도날드,5814,2026-08-04 21:36:00,35.612507,126.558944,KR,DEV-841015dab1
1234,50b593ca-91f0-4e63-99e1-c0b7e5b94e89,13510,MCH-0d60345572,버스,4111,2026-08-05 14:59:00,35.637906,126.585353,KR,DEV-841015dab1
1235,50b593ca-91f0-4e63-99e1-c0b7e5b94e89,19600,MCH-8e35d3c146,김밥천국,5812,2026-08-05 16:56:00,35.633735,126.599114,KR,DEV-841015dab1
1236,50b593ca-91f0-4e63-99e1-c0b7e5b94e89,10220,MCH-5b1162a765,KTX,4112,2026-08-05 18:06:00,35.610471,126.59802,KR,DEV-841015dab1
1237,50b593ca-91f0-4e63-99e1-c0b7e5b94e89,3980000,MCH-c3acdc127f,유흥업소,5813,2026-08-06 04:50:00,35.604225,126.584975,KR,DEV-841015dab1
1238,50b593ca-91f0-4e63-99e1-c0b7e5b94e89,60899,MCH-493f24c455,쿠팡,5399,2026-08-06 08:41:00,35.64379,126.578489,KR,DEV-841015dab1
1239,50b593ca-91f0-4e63-99e1-c0b7e5b94e89,60899,MCH-e7751d42a2,올리브영,5977,2026-08-07 09:44:00,35.606798,126.565779,KR,DEV-841015dab1
1240,50b593ca-91f0-4e63-99e1-c0b7e5b94e89,44800,MCH-a5c765e6ce,프리스비,5732,2026-08-07 18:49:00,35.622837,126.597999,KR,DEV-841015dab1
1241,50b593ca-91f0-4e63-99e1-c0b7e5b94e89,20300,MCH-e7751d42a2,올리브영,5977,2026-08-07 21:02:00,35.626136,126.566881,KR,DEV-841015dab1
1242,50b593ca-91f0-4e63-99e1-c0b7e5b94e89,7559,MCH-5b1162a765,KTX,4112,2026-08-08 16:54:00,35.631445,126.5782,KR,DEV-841015dab1
1243,50b593ca-91f0-4e63-99e1-c0b7e5b94e89,17500,MCH-ab42b36c0b,배달의민족,5812,2026-08-08 18:45:00,35.62274,126.602932,KR,DEV-841015dab1
1244,50b593ca-91f0-4e63-99e1-c0b7e5b94e89,118999,MCH-53b4838ce6,어도비(Adobe),5734,2026-08-09 15:33:00,35.618261,126.575745,KR,DEV-841015dab1
1245,50b593ca-91f0-4e63-99e1-c0b7e5b94e89,42000,MCH-ca5e0a9e0b,AWS,7372,2026-08-10 15:41:00,35.628008,126.579646,KR,DEV-841015dab1
1246,50b593ca-91f0-4e63-99e1-c0b7e5b94e89,6300,MCH-c563ceac18,맥도날드,5814,2026-08-11 11:12:00,35.591544,126.580676,KR,DEV-841015dab1
1247,50b593ca-91f0-4e63-99e1-c0b7e5b94e89,12600,MCH-c563ceac18,맥도날드,5814,2026-08-11 17:37:00,35.618487,126.568495,KR,DEV-841015dab1
1248,50b593ca-91f0-4e63-99e1-c0b7e5b94e89,38500,MCH-a5c765e6ce,프리스비,5732,2026-08-11 18:01:00,35.612372,126.6008,KR,DEV-841015dab1
1249,50b593ca-91f0-4e63-99e1-c0b7e5b94e89,18200,MCH-a5c765e6ce,프리스비,5732,2026-08-12 20:08:00,35.609405,126.59462,KR,DEV-841015dab1
1250,50b593ca-91f0-4e63-99e1-c0b7e5b94e89,16099,MCH-fb4fb59d3a,스타벅스,5814,2026-08-13 11:45:00,35.607188,126.596046,KR,DEV-841015dab1
1251,50b593ca-91f0-4e63-99e1-c0b7e5b94e89,8400,MCH-c563ceac18,맥도날드,5814,2026-08-13 12:30:00,35.605591,126.59052,KR,DEV-841015dab1
1252,50b593ca-91f0-4e63-99e1-c0b7e5b94e89,21000,MCH-e7751d42a2,올리브영,5977,2026-08-13 12:39:00,35.599977,126.566083,KR,DEV-841015dab1
1253,50b593ca-91f0-4e63-99e1-c0b7e5b94e89,42000,MCH-ca5e0a9e0b,AWS,7372,2026-08-14 08:26:00,35.615808,126.606663,KR,DEV-841015dab1
1254,50b593ca-91f0-4e63-99e1-c0b7e5b94e89,210000,MCH-8fff18fdd2,노션,7372,2026-08-14 13:36:00,35.604996,126.563741,KR,DEV-841015dab1
1255,50b593ca-91f0-4e63-99e1-c0b7e5b94e89,47600,MCH-493f24c455,쿠팡,5399,2026-08-15 13:01:00,35.599375,126.589819,KR,DEV-841015dab1
1256,50b593ca-91f0-4e63-99e1-c0b7e5b94e89,12880,MCH-5df4849ce1,지하철,4111,2026-08-15 17:05:00,35.597411,126.561879,KR,DEV-841015dab1
1257,50b593ca-91f0-4e63-99e1-c0b7e5b94e89,15399,MCH-c563ceac18,맥도날드,5814,2026-08-15 18:15:00,35.613307,126.602204,KR,DEV-841015dab1
1258,50b593ca-91f0-4e63-99e1-c0b7e5b94e89,43400,MCH-e7751d42a2,올리브영,5977,2026-08-17 13:20:00,35.621536,126.572289,KR,DEV-841015dab1
1259,50b593ca-91f0-4e63-99e1-c0b7e5b94e89,7699,MCH-8e35d3c146,김밥천국,5812,2026-08-17 19:21:00,35.609787,126.571222,KR,DEV-841015dab1
1260,50b593ca-91f0-4e63-99e1-c0b7e5b94e89,46200,MCH-a5c765e6ce,프리스비,5732,2026-08-18 17:24:00,35.592983,126.562843,KR,DEV-841015dab1
1261,50b593ca-91f0-4e63-99e1-c0b7e5b94e89,30799,MCH-a5c765e6ce,프리스비,5732,2026-08-18 18:08:00,35.632925,126.585965,KR,DEV-841015dab1
1262,50b593ca-91f0-4e63-99e1-c0b7e5b94e89,33600,MCH-493f24c455,쿠팡,5399,2026-08-18 18:52:00,35.637772,126.563585,KR,DEV-841015dab1
1263,50b593ca-91f0-4e63-99e1-c0b7e5b94e89,6300,MCH-c563ceac18,맥도날드,5814,2026-08-19 08:36:00,35.614327,126.603447,KR,DEV-841015dab1
1264,50b593ca-91f0-4e63-99e1-c0b7e5b94e89,588000,MCH-a5c765e6ce,프리스비,5732,2026-08-20 08:13:00,35.630392,126.60491,KR,DEV-841015dab1
1265,50b593ca-91f0-4e63-99e1-c0b7e5b94e89,12530,MCH-5b1162a765,KTX,4112,2026-08-20 22:29:00,35.613047,126.577976,KR,DEV-841015dab1
1266,50b593ca-91f0-4e63-99e1-c0b7e5b94e89,3080,MCH-5df4849ce1,지하철,4111,2026-08-21 14:11:00,35.624463,126.577932,KR,DEV-841015dab1
1267,50b593ca-91f0-4e63-99e1-c0b7e5b94e89,11690,MCH-06553b267c,카카오택시,4121,2026-08-22 10:36:00,35.632209,126.597435,KR,DEV-841015dab1
1268,5a8eef0f-e4c1-46f6-9667-6080b2e4ceff,43500,MCH-ab42b36c0b,배달의민족,5812,2026-05-27 12:25:00,37.175439,126.54022,KR,DEV-72261693ed
1269,5a8eef0f-e4c1-46f6-9667-6080b2e4ceff,40500,MCH-a5c765e6ce,프리스비,5732,2026-05-27 13:26:00,37.175433,126.510336,KR,DEV-72261693ed
1270,5a8eef0f-e4c1-46f6-9667-6080b2e4ceff,345000,MCH-53b4838ce6,어도비(Adobe),5734,2026-05-27 20:24:00,37.185655,126.516365,KR,DEV-72261693ed
1271,5a8eef0f-e4c1-46f6-9667-6080b2e4ceff,165000,MCH-ca5e0a9e0b,AWS,7372,2026-05-29 20:43:00,37.162692,126.523055,KR,DEV-72261693ed
1272,5a8eef0f-e4c1-46f6-9667-6080b2e4ceff,285000,MCH-8fff18fdd2,노션,7372,2026-05-30 20:08:00,37.18555,126.542857,KR,DEV-72261693ed
1273,5a8eef0f-e4c1-46f6-9667-6080b2e4ceff,450000,MCH-53b4838ce6,어도비(Adobe),5734,2026-05-31 08:09:00,37.21022,126.519863,KR,DEV-72261693ed
1274,5a8eef0f-e4c1-46f6-9667-6080b2e4ceff,180000,MCH-bed94775b8,패스트파이브,7011,2026-05-31 11:39:00,37.209253,126.491383,KR,DEV-72261693ed
1275,5a8eef0f-e4c1-46f6-9667-6080b2e4ceff,36000,MCH-493f24c455,쿠팡,5399,2026-06-01 10:45:00,37.167163,126.504361,KR,DEV-72261693ed
1276,5a8eef0f-e4c1-46f6-9667-6080b2e4ceff,28500,MCH-fb4fb59d3a,스타벅스,5814,2026-06-01 13:10:00,37.21081,126.53146,KR,DEV-72261693ed
1277,5a8eef0f-e4c1-46f6-9667-6080b2e4ceff,285000,MCH-ca5e0a9e0b,AWS,7372,2026-06-02 13:32:00,37.204868,126.510892,KR,DEV-72261693ed
1278,5a8eef0f-e4c1-46f6-9667-6080b2e4ceff,45000,MCH-a5c765e6ce,프리스비,5732,2026-06-02 17:31:00,37.211326,126.530471,KR,DEV-72261693ed
1279,5a8eef0f-e4c1-46f6-9667-6080b2e4ceff,21000,MCH-fb4fb59d3a,스타벅스,5814,2026-06-03 14:10:00,37.171668,126.533611,KR,DEV-72261693ed
1280,5a8eef0f-e4c1-46f6-9667-6080b2e4ceff,25950,MCH-06553b267c,카카오택시,4121,2026-06-03 18:03:00,37.195311,126.516568,KR,DEV-72261693ed
1281,5a8eef0f-e4c1-46f6-9667-6080b2e4ceff,120000,MCH-bed94775b8,패스트파이브,7011,2026-06-05 09:11:00,37.177296,126.514544,KR,DEV-72261693ed
1282,5a8eef0f-e4c1-46f6-9667-6080b2e4ceff,120000,MCH-bed94775b8,패스트파이브,7011,2026-06-05 12:29:00,37.212296,126.515506,KR,DEV-72261693ed
1283,5a8eef0f-e4c1-46f6-9667-6080b2e4ceff,255000,MCH-ca5e0a9e0b,AWS,7372,2026-06-05 13:04:00,37.208027,126.539084,KR,DEV-72261693ed
1284,5a8eef0f-e4c1-46f6-9667-6080b2e4ceff,90000,MCH-bed94775b8,패스트파이브,7011,2026-06-06 22:51:00,37.166301,126.500759,KR,DEV-72261693ed
1285,5a8eef0f-e4c1-46f6-9667-6080b2e4ceff,19500,MCH-8e35d3c146,김밥천국,5812,2026-06-07 12:40:00,37.169971,126.500652,KR,DEV-72261693ed
1286,5a8eef0f-e4c1-46f6-9667-6080b2e4ceff,27000,MCH-8e35d3c146,김밥천국,5812,2026-06-07 16:13:00,37.166096,126.504026,KR,DEV-72261693ed
1287,5a8eef0f-e4c1-46f6-9667-6080b2e4ceff,22500,MCH-8e35d3c146,김밥천국,5812,2026-06-07 20:19:00,37.172459,126.534115,KR,DEV-72261693ed
1288,5a8eef0f-e4c1-46f6-9667-6080b2e4ceff,105000,MCH-ca5e0a9e0b,AWS,7372,2026-06-08 19:42:00,37.202922,126.519539,KR,DEV-72261693ed
1289,5a8eef0f-e4c1-46f6-9667-6080b2e4ceff,240000,MCH-bed94775b8,패스트파이브,7011,2026-06-08 22:44:00,37.184469,126.518166,KR,DEV-72261693ed
1290,5a8eef0f-e4c1-46f6-9667-6080b2e4ceff,75000,MCH-8fff18fdd2,노션,7372,2026-06-09 10:57:00,37.211752,126.539975,KR,DEV-72261693ed
1291,5a8eef0f-e4c1-46f6-9667-6080b2e4ceff,315000,MCH-8fff18fdd2,노션,7372,2026-06-10 19:00:00,37.175538,126.532032,KR,DEV-72261693ed
1292,5a8eef0f-e4c1-46f6-9667-6080b2e4ceff,27000,MCH-c563ceac18,맥도날드,5814,2026-06-11 19:34:00,37.192971,126.520484,KR,DEV-72261693ed
1293,5a8eef0f-e4c1-46f6-9667-6080b2e4ceff,990000,MCH-96930209b1,Amazon_US,5942,2026-06-12 15:41:00,37.206903,126.51636,CN,DEV-72261693ed
1294,5a8eef0f-e4c1-46f6-9667-6080b2e4ceff,240000,MCH-53b4838ce6,어도비(Adobe),5734,2026-06-12 21:23:00,37.169774,126.499553,KR,DEV-72261693ed
1295,5a8eef0f-e4c1-46f6-9667-6080b2e4ceff,43500,MCH-e7751d42a2,올리브영,5977,2026-06-12 22:11:00,37.177447,126.533987,KR,DEV-72261693ed
1296,5a8eef0f-e4c1-46f6-9667-6080b2e4ceff,144000,MCH-ba944121a3,무신사,5651,2026-06-13 12:44:00,37.190591,126.518559,KR,DEV-72261693ed
1297,5a8eef0f-e4c1-46f6-9667-6080b2e4ceff,105000,MCH-53b4838ce6,어도비(Adobe),5734,2026-06-13 18:01:00,37.208442,126.535544,KR,DEV-72261693ed
1298,5a8eef0f-e4c1-46f6-9667-6080b2e4ceff,22500,MCH-ba944121a3,무신사,5651,2026-06-14 13:50:00,37.210739,126.538627,KR,DEV-72261693ed
1299,5a8eef0f-e4c1-46f6-9667-6080b2e4ceff,127500,MCH-5b1162a765,KTX,4112,2026-06-14 14:07:00,35.528013,127.673936,KR,DEV-72261693ed
1300,5a8eef0f-e4c1-46f6-9667-6080b2e4ceff,315000,MCH-bed94775b8,패스트파이브,7011,2026-06-14 17:51:00,37.198972,126.52294,KR,DEV-72261693ed
1301,5a8eef0f-e4c1-46f6-9667-6080b2e4ceff,390000,MCH-bed94775b8,패스트파이브,7011,2026-06-15 11:00:00,37.194039,126.505836,KR,DEV-72261693ed
1302,5a8eef0f-e4c1-46f6-9667-6080b2e4ceff,31500,MCH-ab42b36c0b,배달의민족,5812,2026-06-15 21:47:00,37.180843,126.490059,KR,DEV-72261693ed
1303,5a8eef0f-e4c1-46f6-9667-6080b2e4ceff,55500,MCH-ba944121a3,무신사,5651,2026-06-16 14:57:00,37.161223,126.539595,KR,DEV-72261693ed
1304,5a8eef0f-e4c1-46f6-9667-6080b2e4ceff,165000,MCH-bed94775b8,패스트파이브,7011,2026-06-16 17:41:00,37.189364,126.512464,KR,DEV-72261693ed
1305,5a8eef0f-e4c1-46f6-9667-6080b2e4ceff,435000,MCH-bed94775b8,패스트파이브,7011,2026-06-17 18:58:00,37.163818,126.532527,KR,DEV-72261693ed
1306,5a8eef0f-e4c1-46f6-9667-6080b2e4ceff,27000,MCH-a5c765e6ce,프리스비,5732,2026-06-18 17:45:00,37.169449,126.494261,KR,DEV-72261693ed
1307,5a8eef0f-e4c1-46f6-9667-6080b2e4ceff,21000,MCH-c563ceac18,맥도날드,5814,2026-06-21 11:34:00,37.19273,126.531252,KR,DEV-72261693ed
1308,5a8eef0f-e4c1-46f6-9667-6080b2e4ceff,120000,MCH-bed94775b8,패스트파이브,7011,2026-06-22 15:50:00,37.185151,126.508755,KR,DEV-72261693ed
1309,5a8eef0f-e4c1-46f6-9667-6080b2e4ceff,375000,MCH-53b4838ce6,어도비(Adobe),5734,2026-06-22 17:55:00,37.194071,126.504083,KR,DEV-72261693ed
1310,5a8eef0f-e4c1-46f6-9667-6080b2e4ceff,19500,MCH-ab42b36c0b,배달의민족,5812,2026-06-22 22:11:00,37.183253,126.52143,KR,DEV-72261693ed
1311,5a8eef0f-e4c1-46f6-9667-6080b2e4ceff,210000,MCH-ca5e0a9e0b,AWS,7372,2026-06-25 08:57:00,37.175386,126.538317,KR,DEV-72261693ed
1312,5a8eef0f-e4c1-46f6-9667-6080b2e4ceff,24000,MCH-ab42b36c0b,배달의민족,5812,2026-06-25 15:39:00,37.1891,126.522012,KR,DEV-72261693ed
1313,5a8eef0f-e4c1-46f6-9667-6080b2e4ceff,9600,MCH-06553b267c,카카오택시,4121,2026-06-25 17:01:00,37.158706,126.517423,KR,DEV-72261693ed
1314,5a8eef0f-e4c1-46f6-9667-6080b2e4ceff,18000,MCH-c563ceac18,맥도날드,5814,2026-06-26 09:46:00,37.178159,126.537791,KR,DEV-72261693ed
1315,5a8eef0f-e4c1-46f6-9667-6080b2e4ceff,111000,MCH-e7751d42a2,올리브영,5977,2026-06-27 19:51:00,37.184466,126.540746,KR,DEV-72261693ed
1316,5a8eef0f-e4c1-46f6-9667-6080b2e4ceff,255000,MCH-8fff18fdd2,노션,7372,2026-06-28 09:37:00,37.171954,126.499916,KR,DEV-72261693ed
1317,5a8eef0f-e4c1-46f6-9667-6080b2e4ceff,270000,MCH-bed94775b8,패스트파이브,7011,2026-06-28 11:36:00,37.198818,126.533322,KR,DEV-72261693ed
1318,5a8eef0f-e4c1-46f6-9667-6080b2e4ceff,18750,MCH-5b1162a765,KTX,4112,2026-06-28 22:28:00,37.190196,126.498174,KR,DEV-72261693ed
1319,5a8eef0f-e4c1-46f6-9667-6080b2e4ceff,255000,MCH-8fff18fdd2,노션,7372,2026-07-01 08:07:00,37.174298,126.533906,KR,DEV-72261693ed
1320,5a8eef0f-e4c1-46f6-9667-6080b2e4ceff,63000,MCH-493f24c455,쿠팡,5399,2026-07-01 18:23:00,37.175877,126.531971,KR,DEV-72261693ed
1321,5a8eef0f-e4c1-46f6-9667-6080b2e4ceff,120000,MCH-ca5e0a9e0b,AWS,7372,2026-07-02 16:17:00,37.188794,126.510063,KR,DEV-72261693ed
1322,5a8eef0f-e4c1-46f6-9667-6080b2e4ceff,130500,MCH-ba944121a3,무신사,5651,2026-07-02 20:20:00,37.175656,126.489809,KR,DEV-72261693ed
1323,5a8eef0f-e4c1-46f6-9667-6080b2e4ceff,285000,MCH-53b4838ce6,어도비(Adobe),5734,2026-07-04 12:08:00,37.173842,126.524013,KR,DEV-72261693ed
1324,5a8eef0f-e4c1-46f6-9667-6080b2e4ceff,135000,MCH-e7751d42a2,올리브영,5977,2026-07-04 14:15:00,37.173268,126.495666,KR,DEV-72261693ed
1325,5a8eef0f-e4c1-46f6-9667-6080b2e4ceff,45000,MCH-fb4fb59d3a,스타벅스,5814,2026-07-04 15:31:00,37.18196,126.533187,KR,DEV-72261693ed
1326,5a8eef0f-e4c1-46f6-9667-6080b2e4ceff,99000,MCH-e7751d42a2,올리브영,5977,2026-07-05 09:35:00,37.180872,126.50549,KR,DEV-72261693ed
1327,5a8eef0f-e4c1-46f6-9667-6080b2e4ceff,34500,MCH-493f24c455,쿠팡,5399,2026-07-05 15:06:00,37.187271,126.517734,KR,DEV-e6825075cf
1328,5a8eef0f-e4c1-46f6-9667-6080b2e4ceff,21150,MCH-5b1162a765,KTX,4112,2026-07-05 21:41:00,37.185128,126.491764,KR,DEV-72261693ed
1329,5a8eef0f-e4c1-46f6-9667-6080b2e4ceff,39000,MCH-a5c765e6ce,프리스비,5732,2026-07-09 11:46:00,37.175887,126.526387,KR,DEV-72261693ed
1330,5a8eef0f-e4c1-46f6-9667-6080b2e4ceff,12600,MCH-5b1162a765,KTX,4112,2026-07-10 19:10:00,37.16103,126.505668,KR,DEV-72261693ed
1331,5a8eef0f-e4c1-46f6-9667-6080b2e4ceff,195000,MCH-53b4838ce6,어도비(Adobe),5734,2026-07-10 22:50:00,37.187492,126.489487,KR,DEV-72261693ed
1332,5a8eef0f-e4c1-46f6-9667-6080b2e4ceff,375000,MCH-bed94775b8,패스트파이브,7011,2026-07-11 15:42:00,37.175696,126.49722,KR,DEV-72261693ed
1333,5a8eef0f-e4c1-46f6-9667-6080b2e4ceff,225000,MCH-8fff18fdd2,노션,7372,2026-07-11 20:46:00,37.186953,126.520457,KR,DEV-72261693ed
1334,5a8eef0f-e4c1-46f6-9667-6080b2e4ceff,330000,MCH-8fff18fdd2,노션,7372,2026-07-11 21:55:00,37.163397,126.530636,KR,DEV-72261693ed
1335,5a8eef0f-e4c1-46f6-9667-6080b2e4ceff,20100,MCH-5df4849ce1,지하철,4111,2026-07-12 21:24:00,37.162497,126.515955,KR,DEV-72261693ed
1336,5a8eef0f-e4c1-46f6-9667-6080b2e4ceff,165000,MCH-bed94775b8,패스트파이브,7011,2026-07-14 09:17:00,37.211141,126.536131,KR,DEV-72261693ed
1337,5a8eef0f-e4c1-46f6-9667-6080b2e4ceff,13500,MCH-fb4fb59d3a,스타벅스,5814,2026-07-14 11:58:00,37.17529,126.513762,KR,DEV-72261693ed
1338,5a8eef0f-e4c1-46f6-9667-6080b2e4ceff,43500,MCH-493f24c455,쿠팡,5399,2026-07-15 11:01:00,37.189637,126.494737,KR,DEV-72261693ed
1339,5a8eef0f-e4c1-46f6-9667-6080b2e4ceff,240000,MCH-bed94775b8,패스트파이브,7011,2026-07-15 12:07:00,37.168545,126.490765,KR,DEV-72261693ed
1340,5a8eef0f-e4c1-46f6-9667-6080b2e4ceff,24000,MCH-ab42b36c0b,배달의민족,5812,2026-07-17 09:03:00,37.18558,126.516675,KR,DEV-72261693ed
1341,5a8eef0f-e4c1-46f6-9667-6080b2e4ceff,22050,MCH-5b1162a765,KTX,4112,2026-07-18 14:06:00,37.168675,126.498768,KR,DEV-72261693ed
1342,5a8eef0f-e4c1-46f6-9667-6080b2e4ceff,255000,MCH-bed94775b8,패스트파이브,7011,2026-07-18 14:06:00,37.187199,126.50411,KR,DEV-72261693ed
1343,5a8eef0f-e4c1-46f6-9667-6080b2e4ceff,3600,MCH-06553b267c,카카오택시,4121,2026-07-18 17:17:00,37.193373,126.541056,KR,DEV-72261693ed
1344,5a8eef0f-e4c1-46f6-9667-6080b2e4ceff,420000,MCH-8fff18fdd2,노션,7372,2026-07-19 08:06:00,37.16768,126.500224,KR,DEV-72261693ed
1345,5a8eef0f-e4c1-46f6-9667-6080b2e4ceff,150000,MCH-ca5e0a9e0b,AWS,7372,2026-07-19 13:43:00,37.207504,126.522848,KR,DEV-72261693ed
1346,5a8eef0f-e4c1-46f6-9667-6080b2e4ceff,225000,MCH-bed94775b8,패스트파이브,7011,2026-07-20 08:11:00,37.183041,126.541233,KR,DEV-72261693ed
1347,5a8eef0f-e4c1-46f6-9667-6080b2e4ceff,12000,MCH-fb4fb59d3a,스타벅스,5814,2026-07-23 12:51:00,37.186828,126.498263,KR,DEV-72261693ed
1348,5a8eef0f-e4c1-46f6-9667-6080b2e4ceff,390000,MCH-8fff18fdd2,노션,7372,2026-07-23 15:16:00,37.182901,126.52894,KR,DEV-72261693ed
1349,5a8eef0f-e4c1-46f6-9667-6080b2e4ceff,34500,MCH-fb4fb59d3a,스타벅스,5814,2026-07-23 18:18:00,37.18483,126.502599,KR,DEV-72261693ed
1350,5a8eef0f-e4c1-46f6-9667-6080b2e4ceff,148500,MCH-a5c765e6ce,프리스비,5732,2026-07-25 10:22:00,37.193019,126.497215,KR,DEV-72261693ed
1351,5a8eef0f-e4c1-46f6-9667-6080b2e4ceff,120000,MCH-bed94775b8,패스트파이브,7011,2026-07-25 12:43:00,37.206617,126.531086,KR,DEV-72261693ed
1352,5a8eef0f-e4c1-46f6-9667-6080b2e4ceff,9600,MCH-06553b267c,카카오택시,4121,2026-07-26 22:24:00,37.196046,126.512502,KR,DEV-72261693ed
1353,5a8eef0f-e4c1-46f6-9667-6080b2e4ceff,210000,MCH-8fff18fdd2,노션,7372,2026-07-27 11:02:00,37.176337,126.521066,KR,DEV-72261693ed
1354,5a8eef0f-e4c1-46f6-9667-6080b2e4ceff,72000,MCH-a5c765e6ce,프리스비,5732,2026-07-27 22:43:00,37.195127,126.537827,KR,DEV-72261693ed
1355,5a8eef0f-e4c1-46f6-9667-6080b2e4ceff,210000,MCH-8fff18fdd2,노션,7372,2026-07-28 09:00:00,37.165082,126.532211,KR,DEV-72261693ed
1356,5a8eef0f-e4c1-46f6-9667-6080b2e4ceff,36000,MCH-ab42b36c0b,배달의민족,5812,2026-07-28 16:42:00,37.19549,126.514426,KR,DEV-72261693ed
1357,5a8eef0f-e4c1-46f6-9667-6080b2e4ceff,34500,MCH-ab42b36c0b,배달의민족,5812,2026-07-29 09:03:00,37.201667,126.490063,KR,DEV-72261693ed
1358,5a8eef0f-e4c1-46f6-9667-6080b2e4ceff,195000,MCH-53b4838ce6,어도비(Adobe),5734,2026-07-29 10:22:00,37.15871,126.508261,KR,DEV-72261693ed
1359,5a8eef0f-e4c1-46f6-9667-6080b2e4ceff,105000,MCH-ca5e0a9e0b,AWS,7372,2026-07-29 19:17:00,37.200882,126.516355,KR,DEV-72261693ed
1360,5a8eef0f-e4c1-46f6-9667-6080b2e4ceff,18000,MCH-ab42b36c0b,배달의민족,5812,2026-07-30 20:43:00,37.208071,126.504939,KR,DEV-72261693ed
1361,5a8eef0f-e4c1-46f6-9667-6080b2e4ceff,330000,MCH-bed94775b8,패스트파이브,7011,2026-07-31 10:24:00,37.174709,126.493847,KR,DEV-72261693ed
1362,5a8eef0f-e4c1-46f6-9667-6080b2e4ceff,195000,MCH-ca5e0a9e0b,AWS,7372,2026-07-31 10:26:00,37.175866,126.520472,KR,DEV-72261693ed
1363,5a8eef0f-e4c1-46f6-9667-6080b2e4ceff,150000,MCH-8fff18fdd2,노션,7372,2026-07-31 17:27:00,37.207309,126.537492,KR,DEV-72261693ed
1364,5a8eef0f-e4c1-46f6-9667-6080b2e4ceff,285000,MCH-8fff18fdd2,노션,7372,2026-08-01 13:27:00,37.186898,126.526741,KR,DEV-72261693ed
1365,5a8eef0f-e4c1-46f6-9667-6080b2e4ceff,435000,MCH-53b4838ce6,어도비(Adobe),5734,2026-08-01 14:05:00,37.210405,126.514154,KR,DEV-72261693ed
1366,5a8eef0f-e4c1-46f6-9667-6080b2e4ceff,7050,MCH-0d60345572,버스,4111,2026-08-01 17:34:00,37.191689,126.505565,KR,DEV-72261693ed
1367,5a8eef0f-e4c1-46f6-9667-6080b2e4ceff,15000,MCH-06553b267c,카카오택시,4121,2026-08-02 17:06:00,37.203797,126.493796,KR,DEV-72261693ed
1368,5a8eef0f-e4c1-46f6-9667-6080b2e4ceff,450000,MCH-bed94775b8,패스트파이브,7011,2026-08-02 20:55:00,37.204116,126.496027,KR,DEV-72261693ed
1369,5a8eef0f-e4c1-46f6-9667-6080b2e4ceff,120000,MCH-ca5e0a9e0b,AWS,7372,2026-08-03 09:00:00,37.209058,126.532767,KR,DEV-72261693ed
1370,5a8eef0f-e4c1-46f6-9667-6080b2e4ceff,405000,MCH-53b4838ce6,어도비(Adobe),5734,2026-08-03 11:33:00,37.205155,126.495784,KR,DEV-72261693ed
1371,5a8eef0f-e4c1-46f6-9667-6080b2e4ceff,13800,MCH-5df4849ce1,지하철,4111,2026-08-03 18:19:00,37.198458,126.515993,KR,DEV-72261693ed
1372,5a8eef0f-e4c1-46f6-9667-6080b2e4ceff,45000,MCH-493f24c455,쿠팡,5399,2026-08-05 12:25:00,37.184043,126.534232,KR,DEV-72261693ed
1373,5a8eef0f-e4c1-46f6-9667-6080b2e4ceff,390000,MCH-bed94775b8,패스트파이브,7011,2026-08-06 17:07:00,37.203933,126.518772,KR,DEV-72261693ed
1374,5a8eef0f-e4c1-46f6-9667-6080b2e4ceff,78000,MCH-e7751d42a2,올리브영,5977,2026-08-08 18:06:00,37.198525,126.51877,KR,DEV-72261693ed
1375,5a8eef0f-e4c1-46f6-9667-6080b2e4ceff,28500,MCH-e7751d42a2,올리브영,5977,2026-08-09 18:41:00,37.173755,126.495713,KR,DEV-72261693ed
1376,5a8eef0f-e4c1-46f6-9667-6080b2e4ceff,270000,MCH-bed94775b8,패스트파이브,7011,2026-08-09 21:27:00,37.17331,126.510075,KR,DEV-72261693ed
1377,5a8eef0f-e4c1-46f6-9667-6080b2e4ceff,285000,MCH-ca5e0a9e0b,AWS,7372,2026-08-09 22:46:00,37.191942,126.491524,KR,DEV-72261693ed
1378,5a8eef0f-e4c1-46f6-9667-6080b2e4ceff,315000,MCH-bed94775b8,패스트파이브,7011,2026-08-11 09:11:00,37.204977,126.500613,KR,DEV-72261693ed
1379,5a8eef0f-e4c1-46f6-9667-6080b2e4ceff,75000,MCH-a5c765e6ce,프리스비,5732,2026-08-11 20:48:00,37.177455,126.528096,KR,DEV-72261693ed
1380,5a8eef0f-e4c1-46f6-9667-6080b2e4ceff,39000,MCH-fb4fb59d3a,스타벅스,5814,2026-08-12 09:31:00,37.160864,126.535276,KR,DEV-72261693ed
1381,5a8eef0f-e4c1-46f6-9667-6080b2e4ceff,345000,MCH-8fff18fdd2,노션,7372,2026-08-12 17:53:00,37.194051,126.503232,KR,DEV-72261693ed
1382,5a8eef0f-e4c1-46f6-9667-6080b2e4ceff,345000,MCH-ca5e0a9e0b,AWS,7372,2026-08-12 19:59:00,37.203804,126.515368,KR,DEV-72261693ed
1383,5a8eef0f-e4c1-46f6-9667-6080b2e4ceff,150000,MCH-53b4838ce6,어도비(Adobe),5734,2026-08-13 13:06:00,37.204208,126.49316,KR,DEV-72261693ed
1384,5a8eef0f-e4c1-46f6-9667-6080b2e4ceff,33000,MCH-493f24c455,쿠팡,5399,2026-08-13 17:16:00,37.206677,126.530075,KR,DEV-72261693ed
1385,5a8eef0f-e4c1-46f6-9667-6080b2e4ceff,120000,MCH-ca5e0a9e0b,AWS,7372,2026-08-13 22:56:00,37.17095,126.530936,KR,DEV-72261693ed
1386,5a8eef0f-e4c1-46f6-9667-6080b2e4ceff,105000,MCH-ca5e0a9e0b,AWS,7372,2026-08-14 17:01:00,37.198551,126.512683,KR,DEV-72261693ed
1387,5a8eef0f-e4c1-46f6-9667-6080b2e4ceff,28500,MCH-8e35d3c146,김밥천국,5812,2026-08-14 18:18:00,37.192889,126.519299,KR,DEV-72261693ed
1388,5a8eef0f-e4c1-46f6-9667-6080b2e4ceff,240000,MCH-53b4838ce6,어도비(Adobe),5734,2026-08-14 20:26:00,37.194579,126.500222,KR,DEV-72261693ed
1389,5a8eef0f-e4c1-46f6-9667-6080b2e4ceff,345000,MCH-53b4838ce6,어도비(Adobe),5734,2026-08-16 09:08:00,37.201764,126.512943,KR,DEV-72261693ed
1390,5a8eef0f-e4c1-46f6-9667-6080b2e4ceff,3000,MCH-0d60345572,버스,4111,2026-08-16 11:52:00,37.174555,126.495594,KR,DEV-72261693ed
1391,5a8eef0f-e4c1-46f6-9667-6080b2e4ceff,360000,MCH-8fff18fdd2,노션,7372,2026-08-16 22:35:00,37.16965,126.533954,KR,DEV-72261693ed
1392,5a8eef0f-e4c1-46f6-9667-6080b2e4ceff,10500,MCH-ab42b36c0b,배달의민족,5812,2026-08-17 16:36:00,37.177781,126.536379,KR,DEV-72261693ed
1393,5a8eef0f-e4c1-46f6-9667-6080b2e4ceff,126000,MCH-493f24c455,쿠팡,5399,2026-08-17 19:57:00,37.186422,126.52226,KR,DEV-72261693ed
1394,5a8eef0f-e4c1-46f6-9667-6080b2e4ceff,240000,MCH-53b4838ce6,어도비(Adobe),5734,2026-08-18 09:26:00,37.171171,126.493161,KR,DEV-72261693ed
1395,5a8eef0f-e4c1-46f6-9667-6080b2e4ceff,19500,MCH-8e35d3c146,김밥천국,5812,2026-08-18 11:21:00,37.211675,126.52453,KR,DEV-72261693ed
1396,5a8eef0f-e4c1-46f6-9667-6080b2e4ceff,435000,MCH-8fff18fdd2,노션,7372,2026-08-18 18:58:00,37.161645,126.50026,KR,DEV-72261693ed
1397,5a8eef0f-e4c1-46f6-9667-6080b2e4ceff,37500,MCH-c563ceac18,맥도날드,5814,2026-08-20 13:27:00,37.173057,126.491476,KR,DEV-72261693ed
1398,5a8eef0f-e4c1-46f6-9667-6080b2e4ceff,330000,MCH-53b4838ce6,어도비(Adobe),5734,2026-08-20 15:03:00,37.18731,126.535722,KR,DEV-72261693ed
1399,5a8eef0f-e4c1-46f6-9667-6080b2e4ceff,3150,MCH-06553b267c,카카오택시,4121,2026-08-20 20:50:00,37.20068,126.536596,KR,DEV-72261693ed
1400,5a8eef0f-e4c1-46f6-9667-6080b2e4ceff,450000,MCH-53b4838ce6,어도비(Adobe),5734,2026-08-21 08:55:00,37.170712,126.529624,KR,DEV-72261693ed
1401,5a8eef0f-e4c1-46f6-9667-6080b2e4ceff,67500,MCH-493f24c455,쿠팡,5399,2026-08-21 11:05:00,37.178311,126.499687,KR,DEV-72261693ed
1402,5a8eef0f-e4c1-46f6-9667-6080b2e4ceff,12000,MCH-8e35d3c146,김밥천국,5812,2026-08-21 22:39:00,37.181663,126.512292,KR,DEV-72261693ed
1403,5be76485-2e9a-487a-a93c-781394381c85,55500,MCH-a5c765e6ce,프리스비,5732,2026-05-25 22:26:00,36.102069,126.650571,KR,DEV-0489ad3b23
1404,5be76485-2e9a-487a-a93c-781394381c85,57000,MCH-e7751d42a2,올리브영,5977,2026-05-27 15:49:00,36.083735,126.673708,KR,DEV-0489ad3b23
1405,5be76485-2e9a-487a-a93c-781394381c85,10500,MCH-fb4fb59d3a,스타벅스,5814,2026-05-28 10:26:00,36.063972,126.660079,KR,DEV-0489ad3b23
1406,5be76485-2e9a-487a-a93c-781394381c85,450000,MCH-bed94775b8,패스트파이브,7011,2026-05-28 10:57:00,36.07364,126.678193,KR,DEV-0489ad3b23
1407,5be76485-2e9a-487a-a93c-781394381c85,115500,MCH-e7751d42a2,올리브영,5977,2026-05-30 14:00:00,36.078771,126.665649,KR,DEV-0489ad3b23
1408,5be76485-2e9a-487a-a93c-781394381c85,19500,MCH-8e35d3c146,김밥천국,5812,2026-05-30 15:09:00,36.078656,126.675883,KR,DEV-0489ad3b23
1409,5be76485-2e9a-487a-a93c-781394381c85,127500,MCH-ba944121a3,무신사,5651,2026-05-31 15:44:00,36.110135,126.648006,KR,DEV-0489ad3b23
1410,5be76485-2e9a-487a-a93c-781394381c85,2250,MCH-5b1162a765,KTX,4112,2026-05-31 20:44:00,36.082865,126.687426,KR,DEV-0489ad3b23
1411,5be76485-2e9a-487a-a93c-781394381c85,105000,MCH-bed94775b8,패스트파이브,7011,2026-06-01 10:57:00,36.081986,126.66321,KR,DEV-0489ad3b23
1412,5be76485-2e9a-487a-a93c-781394381c85,135000,MCH-8fff18fdd2,노션,7372,2026-06-01 14:33:00,36.083152,126.662973,KR,DEV-0489ad3b23
1413,5be76485-2e9a-487a-a93c-781394381c85,405000,MCH-53b4838ce6,어도비(Adobe),5734,2026-06-02 18:48:00,36.109572,126.686747,KR,DEV-0489ad3b23
1414,5be76485-2e9a-487a-a93c-781394381c85,210000,MCH-bed94775b8,패스트파이브,7011,2026-06-05 15:55:00,36.060133,126.683814,KR,DEV-0489ad3b23
1415,5be76485-2e9a-487a-a93c-781394381c85,126000,MCH-ba944121a3,무신사,5651,2026-06-05 16:00:00,36.084007,126.661377,KR,DEV-0489ad3b23
1416,5be76485-2e9a-487a-a93c-781394381c85,45000,MCH-a5c765e6ce,프리스비,5732,2026-06-05 22:11:00,36.075993,126.64191,KR,DEV-0489ad3b23
1417,5be76485-2e9a-487a-a93c-781394381c85,330000,MCH-8fff18fdd2,노션,7372,2026-06-06 08:33:00,36.060699,126.67109,KR,DEV-0489ad3b23
1418,5be76485-2e9a-487a-a93c-781394381c85,37500,MCH-e7751d42a2,올리브영,5977,2026-06-06 21:25:00,36.093129,126.651322,KR,DEV-0489ad3b23
1419,5be76485-2e9a-487a-a93c-781394381c85,270000,MCH-8fff18fdd2,노션,7372,2026-06-08 09:42:00,36.080044,126.658948,KR,DEV-0489ad3b23
1420,5be76485-2e9a-487a-a93c-781394381c85,37500,MCH-8e35d3c146,김밥천국,5812,2026-06-08 09:46:00,36.104681,126.658284,KR,DEV-0489ad3b23
1421,5be76485-2e9a-487a-a93c-781394381c85,18450,MCH-5df4849ce1,지하철,4111,2026-06-08 16:37:00,36.081593,126.653863,KR,DEV-0489ad3b23
1422,5be76485-2e9a-487a-a93c-781394381c85,24000,MCH-a5c765e6ce,프리스비,5732,2026-06-11 13:03:00,36.061855,126.668459,KR,DEV-0489ad3b23
1423,5be76485-2e9a-487a-a93c-781394381c85,40500,MCH-c563ceac18,맥도날드,5814,2026-06-11 18:39:00,36.092071,126.669004,KR,DEV-0489ad3b23
1424,5be76485-2e9a-487a-a93c-781394381c85,24000,MCH-8e35d3c146,김밥천국,5812,2026-06-11 22:39:00,36.060545,126.691945,KR,DEV-0489ad3b23
1425,5be76485-2e9a-487a-a93c-781394381c85,375000,MCH-8fff18fdd2,노션,7372,2026-06-12 11:55:00,36.081021,126.675895,KR,DEV-0489ad3b23
1426,5be76485-2e9a-487a-a93c-781394381c85,390000,MCH-8fff18fdd2,노션,7372,2026-06-12 18:10:00,36.064299,126.674289,KR,DEV-0489ad3b23
1427,5be76485-2e9a-487a-a93c-781394381c85,195000,MCH-8fff18fdd2,노션,7372,2026-06-12 21:48:00,36.073485,126.685314,KR,DEV-0489ad3b23
1428,5be76485-2e9a-487a-a93c-781394381c85,105000,MCH-8fff18fdd2,노션,7372,2026-06-15 22:57:00,36.058245,126.681328,KR,DEV-0489ad3b23
1429,5be76485-2e9a-487a-a93c-781394381c85,18450,MCH-5b1162a765,KTX,4112,2026-06-16 20:48:00,36.098333,126.671559,KR,DEV-0489ad3b23
1430,5be76485-2e9a-487a-a93c-781394381c85,21900,MCH-06553b267c,카카오택시,4121,2026-06-17 08:13:00,36.077252,126.665966,KR,DEV-0489ad3b23
1431,5be76485-2e9a-487a-a93c-781394381c85,123000,MCH-493f24c455,쿠팡,5399,2026-06-17 13:21:00,36.062346,126.674989,KR,DEV-0489ad3b23
1432,5be76485-2e9a-487a-a93c-781394381c85,91500,MCH-493f24c455,쿠팡,5399,2026-06-17 16:19:00,36.060897,126.681457,KR,DEV-0489ad3b23
1433,5be76485-2e9a-487a-a93c-781394381c85,195000,MCH-bed94775b8,패스트파이브,7011,2026-06-18 12:21:00,36.065357,126.678146,KR,DEV-0489ad3b23
1434,5be76485-2e9a-487a-a93c-781394381c85,1905000,MCH-0d60345572,버스,4111,2026-06-18 20:15:00,36.08948,126.668599,KR,DEV-0489ad3b23
1435,5be76485-2e9a-487a-a93c-781394381c85,180000,MCH-53b4838ce6,어도비(Adobe),5734,2026-06-19 13:52:00,36.09541,126.670686,KR,DEV-0489ad3b23
1436,5be76485-2e9a-487a-a93c-781394381c85,40500,MCH-fb4fb59d3a,스타벅스,5814,2026-06-19 16:23:00,36.062025,126.687167,KR,DEV-0489ad3b23
1437,5be76485-2e9a-487a-a93c-781394381c85,21750,MCH-5b1162a765,KTX,4112,2026-06-19 17:35:00,36.102691,126.690454,KR,DEV-0489ad3b23
1438,5be76485-2e9a-487a-a93c-781394381c85,40500,MCH-ab42b36c0b,배달의민족,5812,2026-06-21 22:54:00,36.091744,126.677538,KR,DEV-0489ad3b23
1439,5be76485-2e9a-487a-a93c-781394381c85,390000,MCH-bed94775b8,패스트파이브,7011,2026-06-23 22:08:00,36.078745,126.646816,KR,DEV-0489ad3b23
1440,5be76485-2e9a-487a-a93c-781394381c85,450000,MCH-bed94775b8,패스트파이브,7011,2026-06-24 16:55:00,36.100779,126.682912,KR,DEV-0489ad3b23
1441,5be76485-2e9a-487a-a93c-781394381c85,300000,MCH-8fff18fdd2,노션,7372,2026-06-24 18:16:00,36.089078,126.69079,KR,DEV-0489ad3b23
1442,5be76485-2e9a-487a-a93c-781394381c85,105000,MCH-ca5e0a9e0b,AWS,7372,2026-06-25 12:27:00,36.069743,126.66409,KR,DEV-0489ad3b23
1443,5be76485-2e9a-487a-a93c-781394381c85,120000,MCH-bed94775b8,패스트파이브,7011,2026-06-25 15:46:00,36.077015,126.654374,KR,DEV-0489ad3b23
1444,5be76485-2e9a-487a-a93c-781394381c85,141000,MCH-a5c765e6ce,프리스비,5732,2026-06-26 21:57:00,36.085055,126.682157,KR,DEV-0489ad3b23
1445,5be76485-2e9a-487a-a93c-781394381c85,345000,MCH-bed94775b8,패스트파이브,7011,2026-06-27 16:33:00,36.101465,126.671941,KR,DEV-0489ad3b23
1446,5be76485-2e9a-487a-a93c-781394381c85,108000,MCH-e7751d42a2,올리브영,5977,2026-06-27 20:18:00,36.081558,126.654293,KR,DEV-0489ad3b23
1447,5be76485-2e9a-487a-a93c-781394381c85,420000,MCH-ca5e0a9e0b,AWS,7372,2026-06-27 22:37:00,36.068853,126.638676,KR,DEV-0489ad3b23
1448,5be76485-2e9a-487a-a93c-781394381c85,57000,MCH-ba944121a3,무신사,5651,2026-06-28 19:29:00,36.104254,126.638621,KR,DEV-0489ad3b23
1449,5be76485-2e9a-487a-a93c-781394381c85,19500,MCH-c563ceac18,맥도날드,5814,2026-06-30 21:33:00,36.10454,126.666333,KR,DEV-0489ad3b23
1450,5be76485-2e9a-487a-a93c-781394381c85,67500,MCH-a5c765e6ce,프리스비,5732,2026-07-01 21:57:00,36.075585,126.668412,KR,DEV-0489ad3b23
1451,5be76485-2e9a-487a-a93c-781394381c85,120000,MCH-bed94775b8,패스트파이브,7011,2026-07-01 22:56:00,36.069221,126.677297,KR,DEV-0489ad3b23
1452,5be76485-2e9a-487a-a93c-781394381c85,69000,MCH-ca5e0a9e0b,AWS,7372,2026-07-02 08:13:00,36.09431,126.662743,KR,DEV-9d41c68e3c
1453,5be76485-2e9a-487a-a93c-781394381c85,1635000,MCH-8fff18fdd2,노션,7372,2026-07-02 09:24:00,36.07876,126.671596,KR,DEV-0489ad3b23
1454,5be76485-2e9a-487a-a93c-781394381c85,105000,MCH-bed94775b8,패스트파이브,7011,2026-07-02 16:26:00,36.108022,126.647973,KR,DEV-0489ad3b23
1455,5be76485-2e9a-487a-a93c-781394381c85,42000,MCH-493f24c455,쿠팡,5399,2026-07-03 10:40:00,36.080797,126.685706,KR,DEV-0489ad3b23
1456,5be76485-2e9a-487a-a93c-781394381c85,27000,MCH-8e35d3c146,김밥천국,5812,2026-07-05 09:20:00,36.082511,126.679434,KR,DEV-0489ad3b23
1457,5be76485-2e9a-487a-a93c-781394381c85,22500,MCH-c563ceac18,맥도날드,5814,2026-07-06 10:04:00,36.072142,126.666709,KR,DEV-0489ad3b23
1458,5be76485-2e9a-487a-a93c-781394381c85,90000,MCH-a5c765e6ce,프리스비,5732,2026-07-06 14:20:00,36.1027,126.656355,KR,DEV-0489ad3b23
1459,5be76485-2e9a-487a-a93c-781394381c85,255000,MCH-8fff18fdd2,노션,7372,2026-07-07 17:59:00,36.058361,126.688463,KR,DEV-0489ad3b23
1460,5be76485-2e9a-487a-a93c-781394381c85,10500,MCH-c563ceac18,맥도날드,5814,2026-07-07 18:14:00,36.080389,126.640391,KR,DEV-0489ad3b23
1461,5be76485-2e9a-487a-a93c-781394381c85,405000,MCH-ca5e0a9e0b,AWS,7372,2026-07-07 21:34:00,36.084549,126.655211,KR,DEV-0489ad3b23
1462,5be76485-2e9a-487a-a93c-781394381c85,61500,MCH-a5c765e6ce,프리스비,5732,2026-07-08 19:10:00,36.085328,126.685312,KR,DEV-0489ad3b23
1463,5be76485-2e9a-487a-a93c-781394381c85,450000,MCH-ca5e0a9e0b,AWS,7372,2026-07-09 15:59:00,36.10718,126.666713,KR,DEV-0489ad3b23
1464,5be76485-2e9a-487a-a93c-781394381c85,22500,MCH-493f24c455,쿠팡,5399,2026-07-10 14:11:00,36.086444,126.683373,KR,DEV-0489ad3b23
1465,5be76485-2e9a-487a-a93c-781394381c85,150000,MCH-8fff18fdd2,노션,7372,2026-07-10 15:09:00,36.063479,126.689512,KR,DEV-0489ad3b23
1466,5be76485-2e9a-487a-a93c-781394381c85,75000,MCH-ca5e0a9e0b,AWS,7372,2026-07-10 16:58:00,36.096052,126.691502,KR,DEV-0489ad3b23
1467,5be76485-2e9a-487a-a93c-781394381c85,300000,MCH-8fff18fdd2,노션,7372,2026-07-11 11:21:00,36.070494,126.672677,KR,DEV-0489ad3b23
1468,5be76485-2e9a-487a-a93c-781394381c85,300000,MCH-bed94775b8,패스트파이브,7011,2026-07-12 18:45:00,36.091273,126.684865,KR,DEV-0489ad3b23
1469,5be76485-2e9a-487a-a93c-781394381c85,19950,MCH-5df4849ce1,지하철,4111,2026-07-14 11:47:00,36.075386,126.670013,KR,DEV-0489ad3b23
1470,5be76485-2e9a-487a-a93c-781394381c85,81000,MCH-493f24c455,쿠팡,5399,2026-07-15 19:10:00,36.074734,126.688416,KR,DEV-0489ad3b23
1471,5be76485-2e9a-487a-a93c-781394381c85,345000,MCH-ca5e0a9e0b,AWS,7372,2026-07-17 20:28:00,36.074375,126.687539,KR,DEV-0489ad3b23
1472,5be76485-2e9a-487a-a93c-781394381c85,180000,MCH-bed94775b8,패스트파이브,7011,2026-07-18 16:25:00,36.098515,126.653877,KR,DEV-0489ad3b23
1473,5be76485-2e9a-487a-a93c-781394381c85,195000,MCH-8fff18fdd2,노션,7372,2026-07-18 16:42:00,36.109442,126.657,KR,DEV-0489ad3b23
1474,5be76485-2e9a-487a-a93c-781394381c85,91500,MCH-493f24c455,쿠팡,5399,2026-07-18 20:37:00,36.071965,126.644067,KR,DEV-0489ad3b23
1475,5be76485-2e9a-487a-a93c-781394381c85,106500,MCH-ba944121a3,무신사,5651,2026-07-19 08:00:00,36.064931,126.66787,KR,DEV-0489ad3b23
1476,5be76485-2e9a-487a-a93c-781394381c85,26100,MCH-5df4849ce1,지하철,4111,2026-07-19 21:04:00,36.079428,126.678775,KR,DEV-0489ad3b23
1477,5be76485-2e9a-487a-a93c-781394381c85,33000,MCH-ca5e0a9e0b,AWS,7372,2026-07-20 09:08:00,37.548948,126.617996,KR,DEV-0489ad3b23
1478,5be76485-2e9a-487a-a93c-781394381c85,150000,MCH-8fff18fdd2,노션,7372,2026-07-20 14:17:00,36.069045,126.671686,KR,DEV-0489ad3b23
1479,5be76485-2e9a-487a-a93c-781394381c85,420000,MCH-ca5e0a9e0b,AWS,7372,2026-07-20 16:31:00,36.069358,126.666102,KR,DEV-0489ad3b23
1480,5be76485-2e9a-487a-a93c-781394381c85,25500,MCH-ba944121a3,무신사,5651,2026-07-21 10:40:00,36.071264,126.682127,KR,DEV-0489ad3b23
1481,5be76485-2e9a-487a-a93c-781394381c85,240000,MCH-53b4838ce6,어도비(Adobe),5734,2026-07-21 21:13:00,36.110075,126.640509,KR,DEV-0489ad3b23
1482,5be76485-2e9a-487a-a93c-781394381c85,225000,MCH-53b4838ce6,어도비(Adobe),5734,2026-07-21 22:56:00,36.068218,126.65768,KR,DEV-0489ad3b23
1483,5be76485-2e9a-487a-a93c-781394381c85,240000,MCH-8fff18fdd2,노션,7372,2026-07-22 15:21:00,36.076015,126.676112,KR,DEV-0489ad3b23
1484,5be76485-2e9a-487a-a93c-781394381c85,91500,MCH-ba944121a3,무신사,5651,2026-07-22 17:27:00,36.097575,126.642276,KR,DEV-0489ad3b23
1485,5be76485-2e9a-487a-a93c-781394381c85,84000,MCH-e7751d42a2,올리브영,5977,2026-07-22 22:41:00,36.089178,126.658491,KR,DEV-0489ad3b23
1486,5be76485-2e9a-487a-a93c-781394381c85,435000,MCH-ca5e0a9e0b,AWS,7372,2026-07-23 20:04:00,36.06387,126.688879,KR,DEV-0489ad3b23
1487,5be76485-2e9a-487a-a93c-781394381c85,420000,MCH-ca5e0a9e0b,AWS,7372,2026-07-23 21:42:00,36.089862,126.689367,KR,DEV-0489ad3b23
1488,5be76485-2e9a-487a-a93c-781394381c85,21000,MCH-ab42b36c0b,배달의민족,5812,2026-07-23 22:04:00,36.0945,126.64293,KR,DEV-0489ad3b23
1489,5be76485-2e9a-487a-a93c-781394381c85,24000,MCH-ab42b36c0b,배달의민족,5812,2026-07-24 15:18:00,36.059745,126.672453,KR,DEV-0489ad3b23
1490,5be76485-2e9a-487a-a93c-781394381c85,20400,MCH-5df4849ce1,지하철,4111,2026-07-24 18:24:00,36.073397,126.64169,KR,DEV-0489ad3b23
1491,5be76485-2e9a-487a-a93c-781394381c85,450000,MCH-53b4838ce6,어도비(Adobe),5734,2026-07-25 10:47:00,36.093048,126.651525,KR,DEV-0489ad3b23
1492,5be76485-2e9a-487a-a93c-781394381c85,90000,MCH-8fff18fdd2,노션,7372,2026-07-25 11:52:00,36.057508,126.67794,KR,DEV-0489ad3b23
1493,5be76485-2e9a-487a-a93c-781394381c85,2190000,MCH-9449f2d5d1,중고거래_송금,6051,2026-07-26 04:41:00,36.094076,126.669945,KR,DEV-0489ad3b23
1494,5be76485-2e9a-487a-a93c-781394381c85,33000,MCH-fb4fb59d3a,스타벅스,5814,2026-07-26 22:02:00,36.098604,126.669573,KR,DEV-0489ad3b23
1495,5be76485-2e9a-487a-a93c-781394381c85,21000,MCH-fb4fb59d3a,스타벅스,5814,2026-07-27 22:52:00,36.087019,126.669958,KR,DEV-0489ad3b23
1496,5be76485-2e9a-487a-a93c-781394381c85,210000,MCH-8fff18fdd2,노션,7372,2026-07-28 14:00:00,36.099387,126.673872,KR,DEV-0489ad3b23
1497,5be76485-2e9a-487a-a93c-781394381c85,165000,MCH-53b4838ce6,어도비(Adobe),5734,2026-07-28 20:19:00,36.104769,126.643146,KR,DEV-0489ad3b23
1498,5be76485-2e9a-487a-a93c-781394381c85,36000,MCH-c563ceac18,맥도날드,5814,2026-07-29 20:43:00,36.083271,126.658277,KR,DEV-0489ad3b23
1499,5be76485-2e9a-487a-a93c-781394381c85,21000,MCH-c563ceac18,맥도날드,5814,2026-07-30 21:08:00,36.079227,126.660932,KR,DEV-0489ad3b23
1500,5be76485-2e9a-487a-a93c-781394381c85,90000,MCH-ca5e0a9e0b,AWS,7372,2026-08-01 09:18:00,36.10384,126.676702,KR,DEV-0489ad3b23
1501,5be76485-2e9a-487a-a93c-781394381c85,345000,MCH-53b4838ce6,어도비(Adobe),5734,2026-08-02 14:43:00,36.064916,126.666858,KR,DEV-0489ad3b23
1502,5be76485-2e9a-487a-a93c-781394381c85,39000,MCH-fb4fb59d3a,스타벅스,5814,2026-08-02 17:55:00,36.099878,126.646974,KR,DEV-0489ad3b23
1503,5be76485-2e9a-487a-a93c-781394381c85,120000,MCH-ca5e0a9e0b,AWS,7372,2026-08-03 15:09:00,36.067845,126.655793,KR,DEV-0489ad3b23
1504,5be76485-2e9a-487a-a93c-781394381c85,300000,MCH-53b4838ce6,어도비(Adobe),5734,2026-08-04 09:00:00,36.089958,126.66488,KR,DEV-0489ad3b23
1505,5be76485-2e9a-487a-a93c-781394381c85,42000,MCH-c563ceac18,맥도날드,5814,2026-08-04 11:50:00,36.058051,126.682399,KR,DEV-0489ad3b23
1506,5be76485-2e9a-487a-a93c-781394381c85,315000,MCH-53b4838ce6,어도비(Adobe),5734,2026-08-04 20:48:00,36.067883,126.668059,KR,DEV-0489ad3b23
1507,5be76485-2e9a-487a-a93c-781394381c85,36000,MCH-ba944121a3,무신사,5651,2026-08-05 12:57:00,36.099308,126.670468,KR,DEV-0489ad3b23
1508,5be76485-2e9a-487a-a93c-781394381c85,45000,MCH-a5c765e6ce,프리스비,5732,2026-08-06 14:01:00,36.064335,126.642512,KR,DEV-0489ad3b23
1509,5be76485-2e9a-487a-a93c-781394381c85,105000,MCH-53b4838ce6,어도비(Adobe),5734,2026-08-06 18:54:00,36.091909,126.69032,KR,DEV-0489ad3b23
1510,5be76485-2e9a-487a-a93c-781394381c85,90000,MCH-a5c765e6ce,프리스비,5732,2026-08-06 19:55:00,36.100787,126.665252,KR,DEV-0489ad3b23
1511,5be76485-2e9a-487a-a93c-781394381c85,435000,MCH-bed94775b8,패스트파이브,7011,2026-08-08 11:03:00,36.108607,126.690018,KR,DEV-0489ad3b23
1512,5be76485-2e9a-487a-a93c-781394381c85,435000,MCH-ca5e0a9e0b,AWS,7372,2026-08-08 11:13:00,36.108434,126.659916,KR,DEV-0489ad3b23
1513,5be76485-2e9a-487a-a93c-781394381c85,99000,MCH-e7751d42a2,올리브영,5977,2026-08-08 22:38:00,36.103126,126.639673,KR,DEV-0489ad3b23
1514,5be76485-2e9a-487a-a93c-781394381c85,17700,MCH-06553b267c,카카오택시,4121,2026-08-11 13:56:00,36.066815,126.648316,KR,DEV-0489ad3b23
1515,5be76485-2e9a-487a-a93c-781394381c85,75000,MCH-493f24c455,쿠팡,5399,2026-08-11 18:03:00,36.056599,126.639874,KR,DEV-0489ad3b23
1516,5be76485-2e9a-487a-a93c-781394381c85,15000,MCH-8e35d3c146,김밥천국,5812,2026-08-12 10:33:00,36.081422,126.670865,KR,DEV-0489ad3b23
1517,5be76485-2e9a-487a-a93c-781394381c85,330000,MCH-8fff18fdd2,노션,7372,2026-08-12 13:47:00,36.073687,126.667728,KR,DEV-0489ad3b23
1518,5be76485-2e9a-487a-a93c-781394381c85,360000,MCH-ca5e0a9e0b,AWS,7372,2026-08-12 22:41:00,36.103777,126.667727,KR,DEV-0489ad3b23
1519,5be76485-2e9a-487a-a93c-781394381c85,45000,MCH-8e35d3c146,김밥천국,5812,2026-08-13 08:13:00,36.062203,126.67197,KR,DEV-0489ad3b23
1520,5be76485-2e9a-487a-a93c-781394381c85,300000,MCH-bed94775b8,패스트파이브,7011,2026-08-13 16:35:00,36.084193,126.647369,KR,DEV-0489ad3b23
1521,5be76485-2e9a-487a-a93c-781394381c85,33000,MCH-c563ceac18,맥도날드,5814,2026-08-14 08:02:00,36.103579,126.683915,KR,DEV-0489ad3b23
1522,5be76485-2e9a-487a-a93c-781394381c85,120000,MCH-8fff18fdd2,노션,7372,2026-08-14 14:14:00,36.084078,126.67834,KR,DEV-0489ad3b23
1523,5be76485-2e9a-487a-a93c-781394381c85,100500,MCH-e7751d42a2,올리브영,5977,2026-08-14 14:57:00,36.068842,126.652247,KR,DEV-0489ad3b23
1524,5be76485-2e9a-487a-a93c-781394381c85,405000,MCH-8fff18fdd2,노션,7372,2026-08-16 11:44:00,36.060414,126.662197,KR,DEV-0489ad3b23
1525,5be76485-2e9a-487a-a93c-781394381c85,30000,MCH-8e35d3c146,김밥천국,5812,2026-08-16 14:02:00,36.080841,126.657105,KR,DEV-0489ad3b23
1526,5be76485-2e9a-487a-a93c-781394381c85,420000,MCH-53b4838ce6,어도비(Adobe),5734,2026-08-16 20:17:00,36.075488,126.654764,KR,DEV-0489ad3b23
1527,5be76485-2e9a-487a-a93c-781394381c85,105000,MCH-bed94775b8,패스트파이브,7011,2026-08-18 09:33:00,36.072708,126.688036,KR,DEV-0489ad3b23
1528,5be76485-2e9a-487a-a93c-781394381c85,31500,MCH-8e35d3c146,김밥천국,5812,2026-08-18 11:24:00,36.108623,126.687622,KR,DEV-0489ad3b23
1529,5be76485-2e9a-487a-a93c-781394381c85,225000,MCH-8fff18fdd2,노션,7372,2026-08-18 19:40:00,36.077722,126.678896,KR,DEV-0489ad3b23
1530,5be76485-2e9a-487a-a93c-781394381c85,285000,MCH-bed94775b8,패스트파이브,7011,2026-08-19 09:17:00,36.107096,126.690929,KR,DEV-0489ad3b23
1531,5be76485-2e9a-487a-a93c-781394381c85,195000,MCH-8fff18fdd2,노션,7372,2026-08-19 13:54:00,36.066843,126.685866,KR,DEV-0489ad3b23
1532,5be76485-2e9a-487a-a93c-781394381c85,31500,MCH-c563ceac18,맥도날드,5814,2026-08-20 14:51:00,36.063559,126.665285,KR,DEV-0489ad3b23
1533,5be76485-2e9a-487a-a93c-781394381c85,10500,MCH-fb4fb59d3a,스타벅스,5814,2026-08-20 17:26:00,36.057667,126.650924,KR,DEV-0489ad3b23
1534,5be76485-2e9a-487a-a93c-781394381c85,420000,MCH-bed94775b8,패스트파이브,7011,2026-08-20 21:51:00,36.10515,126.67558,KR,DEV-0489ad3b23
1535,5be76485-2e9a-487a-a93c-781394381c85,390000,MCH-8fff18fdd2,노션,7372,2026-08-21 18:28:00,36.091692,126.685729,KR,DEV-0489ad3b23
1536,5be76485-2e9a-487a-a93c-781394381c85,9000,MCH-ab42b36c0b,배달의민족,5812,2026-08-22 16:07:00,36.098328,126.671124,KR,DEV-0489ad3b23
1537,5f92ab98-64e1-4bcd-aa8d-015b5e9907be,650000,MCH-fa2d4c28ac,AliExpress_CN,5399,2026-05-26 11:19:00,36.587178,127.448666,UK,DEV-35ea73d34d
1538,5f92ab98-64e1-4bcd-aa8d-015b5e9907be,110000,MCH-53b4838ce6,어도비(Adobe),5734,2026-05-26 12:45:00,36.636048,127.435623,KR,DEV-35ea73d34d
1539,5f92ab98-64e1-4bcd-aa8d-015b5e9907be,114400,MCH-a5c765e6ce,프리스비,5732,2026-05-26 19:34:00,36.629183,127.448508,KR,DEV-35ea73d34d
1540,5f92ab98-64e1-4bcd-aa8d-015b5e9907be,308000,MCH-ca5e0a9e0b,AWS,7372,2026-05-27 14:27:00,36.605238,127.450137,KR,DEV-35ea73d34d
1541,5f92ab98-64e1-4bcd-aa8d-015b5e9907be,594000,MCH-53b4838ce6,어도비(Adobe),5734,2026-05-27 15:38:00,36.607249,127.438162,KR,DEV-35ea73d34d
1542,5f92ab98-64e1-4bcd-aa8d-015b5e9907be,217800,MCH-ba944121a3,무신사,5651,2026-05-31 14:56:00,36.617437,127.471851,KR,DEV-35ea73d34d
1543,5f92ab98-64e1-4bcd-aa8d-015b5e9907be,136400,MCH-493f24c455,쿠팡,5399,2026-05-31 17:21:00,36.620102,127.455046,KR,DEV-35ea73d34d
1544,5f92ab98-64e1-4bcd-aa8d-015b5e9907be,154000,MCH-bed94775b8,패스트파이브,7011,2026-05-31 20:31:00,36.599941,127.440775,KR,DEV-35ea73d34d
1545,5f92ab98-64e1-4bcd-aa8d-015b5e9907be,165000,MCH-ba944121a3,무신사,5651,2026-06-02 08:10:00,36.591726,127.44827,KR,DEV-35ea73d34d
1546,5f92ab98-64e1-4bcd-aa8d-015b5e9907be,19140,MCH-5b1162a765,KTX,4112,2026-06-03 13:48:00,36.610839,127.484655,KR,DEV-35ea73d34d
1547,5f92ab98-64e1-4bcd-aa8d-015b5e9907be,418000,MCH-ca5e0a9e0b,AWS,7372,2026-06-03 18:08:00,36.610763,127.476656,KR,DEV-35ea73d34d
1548,5f92ab98-64e1-4bcd-aa8d-015b5e9907be,15400,MCH-ab42b36c0b,배달의민족,5812,2026-06-03 18:34:00,36.610578,127.483678,KR,DEV-35ea73d34d
1549,5f92ab98-64e1-4bcd-aa8d-015b5e9907be,123200,MCH-ba944121a3,무신사,5651,2026-06-04 17:05:00,36.633738,127.467091,KR,DEV-35ea73d34d
1550,5f92ab98-64e1-4bcd-aa8d-015b5e9907be,110000,MCH-8fff18fdd2,노션,7372,2026-06-04 22:00:00,36.597664,127.479995,KR,DEV-35ea73d34d
1551,5f92ab98-64e1-4bcd-aa8d-015b5e9907be,189200,MCH-ba944121a3,무신사,5651,2026-06-05 08:41:00,36.618107,127.450523,KR,DEV-35ea73d34d
1552,5f92ab98-64e1-4bcd-aa8d-015b5e9907be,16500,MCH-5b1162a765,KTX,4112,2026-06-05 22:50:00,36.629263,127.48159,KR,DEV-35ea73d34d
1553,5f92ab98-64e1-4bcd-aa8d-015b5e9907be,193600,MCH-e7751d42a2,올리브영,5977,2026-06-06 15:59:00,36.619281,127.4713,KR,DEV-35ea73d34d
1554,5f92ab98-64e1-4bcd-aa8d-015b5e9907be,176000,MCH-bed94775b8,패스트파이브,7011,2026-06-08 14:08:00,36.602229,127.465318,KR,DEV-35ea73d34d
1555,5f92ab98-64e1-4bcd-aa8d-015b5e9907be,154000,MCH-ba944121a3,무신사,5651,2026-06-08 14:44:00,36.614177,127.451465,KR,DEV-35ea73d34d
1556,5f92ab98-64e1-4bcd-aa8d-015b5e9907be,17600,MCH-c563ceac18,맥도날드,5814,2026-06-11 15:27:00,36.592125,127.480221,KR,DEV-35ea73d34d
1557,5f92ab98-64e1-4bcd-aa8d-015b5e9907be,121000,MCH-ba944121a3,무신사,5651,2026-06-12 17:07:00,36.629052,127.463591,KR,DEV-35ea73d34d
1558,5f92ab98-64e1-4bcd-aa8d-015b5e9907be,110000,MCH-e7751d42a2,올리브영,5977,2026-06-12 20:28:00,36.619542,127.48788,KR,DEV-35ea73d34d
1559,5f92ab98-64e1-4bcd-aa8d-015b5e9907be,3982000,MCH-a5c765e6ce,프리스비,5732,2026-06-12 22:46:00,36.603535,127.470167,KR,DEV-35ea73d34d
1560,5f92ab98-64e1-4bcd-aa8d-015b5e9907be,35200,MCH-fb4fb59d3a,스타벅스,5814,2026-06-13 13:18:00,36.603017,127.486331,KR,DEV-35ea73d34d
1561,5f92ab98-64e1-4bcd-aa8d-015b5e9907be,160600,MCH-e7751d42a2,올리브영,5977,2026-06-13 20:20:00,36.59853,127.46948,KR,DEV-35ea73d34d
1562,5f92ab98-64e1-4bcd-aa8d-015b5e9907be,162800,MCH-ba944121a3,무신사,5651,2026-06-13 22:03:00,36.637026,127.449577,KR,DEV-35ea73d34d
1563,5f92ab98-64e1-4bcd-aa8d-015b5e9907be,242000,MCH-bed94775b8,패스트파이브,7011,2026-06-14 11:52:00,36.619445,127.46048,KR,DEV-35ea73d34d
1564,5f92ab98-64e1-4bcd-aa8d-015b5e9907be,352000,MCH-8fff18fdd2,노션,7372,2026-06-14 13:46:00,36.594978,127.448855,KR,DEV-35ea73d34d
1565,5f92ab98-64e1-4bcd-aa8d-015b5e9907be,39600,MCH-e7751d42a2,올리브영,5977,2026-06-14 17:57:00,36.597952,127.444823,KR,DEV-35ea73d34d
1566,5f92ab98-64e1-4bcd-aa8d-015b5e9907be,198000,MCH-bed94775b8,패스트파이브,7011,2026-06-15 16:40:00,36.620349,127.443569,KR,DEV-35ea73d34d
1567,5f92ab98-64e1-4bcd-aa8d-015b5e9907be,132000,MCH-bed94775b8,패스트파이브,7011,2026-06-16 19:35:00,36.614184,127.471229,KR,DEV-35ea73d34d
1568,5f92ab98-64e1-4bcd-aa8d-015b5e9907be,145200,MCH-ba944121a3,무신사,5651,2026-06-17 08:15:00,36.629945,127.474641,KR,DEV-35ea73d34d
1569,5f92ab98-64e1-4bcd-aa8d-015b5e9907be,63800,MCH-c563ceac18,맥도날드,5814,2026-06-17 15:27:00,36.606178,127.467871,KR,DEV-35ea73d34d
1570,5f92ab98-64e1-4bcd-aa8d-015b5e9907be,154000,MCH-493f24c455,쿠팡,5399,2026-06-18 13:14:00,36.635196,127.467494,KR,DEV-35ea73d34d
1571,5f92ab98-64e1-4bcd-aa8d-015b5e9907be,88000,MCH-e7751d42a2,올리브영,5977,2026-06-18 19:23:00,36.5926,127.483781,KR,DEV-35ea73d34d
1572,5f92ab98-64e1-4bcd-aa8d-015b5e9907be,50600,MCH-ab42b36c0b,배달의민족,5812,2026-06-19 09:37:00,36.597117,127.449928,KR,DEV-35ea73d34d
1573,5f92ab98-64e1-4bcd-aa8d-015b5e9907be,129800,MCH-493f24c455,쿠팡,5399,2026-06-19 14:39:00,36.592787,127.436841,KR,DEV-35ea73d34d
1574,5f92ab98-64e1-4bcd-aa8d-015b5e9907be,165000,MCH-493f24c455,쿠팡,5399,2026-06-19 20:11:00,36.593712,127.471667,KR,DEV-35ea73d34d
1575,5f92ab98-64e1-4bcd-aa8d-015b5e9907be,92400,MCH-a5c765e6ce,프리스비,5732,2026-06-21 20:54:00,36.609128,127.437382,KR,DEV-35ea73d34d
1576,5f92ab98-64e1-4bcd-aa8d-015b5e9907be,44000,MCH-e7751d42a2,올리브영,5977,2026-06-23 11:04:00,36.620805,127.46583,KR,DEV-35ea73d34d
1577,5f92ab98-64e1-4bcd-aa8d-015b5e9907be,204600,MCH-e7751d42a2,올리브영,5977,2026-06-23 17:07:00,36.583481,127.472551,KR,DEV-35ea73d34d
1578,5f92ab98-64e1-4bcd-aa8d-015b5e9907be,110000,MCH-a5c765e6ce,프리스비,5732,2026-06-23 17:18:00,36.59289,127.488255,KR,DEV-35ea73d34d
1579,5f92ab98-64e1-4bcd-aa8d-015b5e9907be,36520,MCH-0d60345572,버스,4111,2026-06-24 13:06:00,36.636979,127.483847,KR,DEV-35ea73d34d
1580,5f92ab98-64e1-4bcd-aa8d-015b5e9907be,2794000,MCH-493f24c455,쿠팡,5399,2026-06-25 17:24:00,36.59347,127.44735,KR,DEV-35ea73d34d
1581,5f92ab98-64e1-4bcd-aa8d-015b5e9907be,77000,MCH-e7751d42a2,올리브영,5977,2026-06-26 16:32:00,36.609313,127.482487,KR,DEV-35ea73d34d
1582,5f92ab98-64e1-4bcd-aa8d-015b5e9907be,242000,MCH-8fff18fdd2,노션,7372,2026-06-26 16:43:00,36.596996,127.446612,KR,DEV-35ea73d34d
1583,5f92ab98-64e1-4bcd-aa8d-015b5e9907be,6160,MCH-0d60345572,버스,4111,2026-06-26 19:15:00,36.596376,127.473783,KR,DEV-35ea73d34d
1584,5f92ab98-64e1-4bcd-aa8d-015b5e9907be,193600,MCH-ba944121a3,무신사,5651,2026-06-27 11:52:00,36.608947,127.442277,KR,DEV-35ea73d34d
1585,5f92ab98-64e1-4bcd-aa8d-015b5e9907be,41800,MCH-8e35d3c146,김밥천국,5812,2026-06-28 17:38:00,36.634563,127.452729,KR,DEV-35ea73d34d
1586,5f92ab98-64e1-4bcd-aa8d-015b5e9907be,200200,MCH-e7751d42a2,올리브영,5977,2026-06-29 09:51:00,36.609624,127.482732,KR,DEV-35ea73d34d
1587,5f92ab98-64e1-4bcd-aa8d-015b5e9907be,189200,MCH-ba944121a3,무신사,5651,2026-06-29 19:29:00,36.621274,127.448193,KR,DEV-35ea73d34d
1588,5f92ab98-64e1-4bcd-aa8d-015b5e9907be,204600,MCH-ba944121a3,무신사,5651,2026-06-30 09:03:00,36.610651,127.460844,KR,DEV-35ea73d34d
1589,5f92ab98-64e1-4bcd-aa8d-015b5e9907be,528000,MCH-ca5e0a9e0b,AWS,7372,2026-06-30 14:55:00,36.607229,127.472997,KR,DEV-35ea73d34d
1590,5f92ab98-64e1-4bcd-aa8d-015b5e9907be,59400,MCH-e7751d42a2,올리브영,5977,2026-06-30 19:20:00,36.626216,127.451837,KR,DEV-35ea73d34d
1591,5f92ab98-64e1-4bcd-aa8d-015b5e9907be,230000,MCH-fa2d4c28ac,AliExpress_CN,5399,2026-07-03 18:04:00,36.587466,127.483314,US,DEV-35ea73d34d
1592,5f92ab98-64e1-4bcd-aa8d-015b5e9907be,48400,MCH-ba944121a3,무신사,5651,2026-07-03 22:11:00,36.626762,127.448369,KR,DEV-35ea73d34d
1593,5f92ab98-64e1-4bcd-aa8d-015b5e9907be,21120,MCH-0d60345572,버스,4111,2026-07-04 08:05:00,36.588666,127.468422,KR,DEV-35ea73d34d
1594,5f92ab98-64e1-4bcd-aa8d-015b5e9907be,15620,MCH-06553b267c,카카오택시,4121,2026-07-04 15:03:00,36.603243,127.458833,KR,DEV-35ea73d34d
1595,5f92ab98-64e1-4bcd-aa8d-015b5e9907be,63800,MCH-493f24c455,쿠팡,5399,2026-07-04 19:20:00,36.603279,127.483682,KR,DEV-35ea73d34d
1596,5f92ab98-64e1-4bcd-aa8d-015b5e9907be,33000,MCH-493f24c455,쿠팡,5399,2026-07-06 09:42:00,36.61547,127.478744,KR,DEV-35ea73d34d
1597,5f92ab98-64e1-4bcd-aa8d-015b5e9907be,92400,MCH-ba944121a3,무신사,5651,2026-07-06 15:13:00,36.583645,127.485903,KR,DEV-35ea73d34d
1598,5f92ab98-64e1-4bcd-aa8d-015b5e9907be,39600,MCH-ba944121a3,무신사,5651,2026-07-06 20:31:00,36.593577,127.48382,KR,DEV-35ea73d34d
1599,5f92ab98-64e1-4bcd-aa8d-015b5e9907be,33000,MCH-8e35d3c146,김밥천국,5812,2026-07-07 12:54:00,36.584118,127.434896,KR,DEV-35ea73d34d
1600,5f92ab98-64e1-4bcd-aa8d-015b5e9907be,77000,MCH-a5c765e6ce,프리스비,5732,2026-07-07 19:43:00,36.605641,127.43904,KR,DEV-35ea73d34d
1601,5f92ab98-64e1-4bcd-aa8d-015b5e9907be,107800,MCH-493f24c455,쿠팡,5399,2026-07-08 11:21:00,36.586142,127.48438,KR,DEV-35ea73d34d
1602,5f92ab98-64e1-4bcd-aa8d-015b5e9907be,121000,MCH-493f24c455,쿠팡,5399,2026-07-08 19:15:00,37.491355,128.269329,KR,DEV-35ea73d34d
1603,5f92ab98-64e1-4bcd-aa8d-015b5e9907be,189200,MCH-493f24c455,쿠팡,5399,2026-07-08 19:54:00,36.585516,127.44985,KR,DEV-35ea73d34d
1604,5f92ab98-64e1-4bcd-aa8d-015b5e9907be,48400,MCH-ba944121a3,무신사,5651,2026-07-09 21:09:00,36.632537,127.486896,KR,DEV-35ea73d34d
1605,5f92ab98-64e1-4bcd-aa8d-015b5e9907be,660000,MCH-8fff18fdd2,노션,7372,2026-07-09 22:48:00,36.615732,127.44519,KR,DEV-35ea73d34d
1606,5f92ab98-64e1-4bcd-aa8d-015b5e9907be,24420,MCH-0d60345572,버스,4111,2026-07-10 10:20:00,36.605825,127.480693,KR,DEV-35ea73d34d
1607,5f92ab98-64e1-4bcd-aa8d-015b5e9907be,28600,MCH-8e35d3c146,김밥천국,5812,2026-07-10 20:03:00,36.583722,127.449667,KR,DEV-35ea73d34d
1608,5f92ab98-64e1-4bcd-aa8d-015b5e9907be,63800,MCH-ba944121a3,무신사,5651,2026-07-10 20:46:00,36.630668,127.470725,KR,DEV-35ea73d34d
1609,5f92ab98-64e1-4bcd-aa8d-015b5e9907be,189200,MCH-e7751d42a2,올리브영,5977,2026-07-11 08:04:00,36.613443,127.477525,KR,DEV-35ea73d34d
1610,5f92ab98-64e1-4bcd-aa8d-015b5e9907be,17600,MCH-8e35d3c146,김밥천국,5812,2026-07-11 20:07:00,36.630834,127.474822,KR,DEV-35ea73d34d
1611,5f92ab98-64e1-4bcd-aa8d-015b5e9907be,11000,MCH-0d60345572,버스,4111,2026-07-12 17:59:00,36.622959,127.439832,KR,DEV-35ea73d34d
1612,5f92ab98-64e1-4bcd-aa8d-015b5e9907be,123200,MCH-ba944121a3,무신사,5651,2026-07-12 22:02:00,36.609769,127.464981,KR,DEV-35ea73d34d
1613,5f92ab98-64e1-4bcd-aa8d-015b5e9907be,129800,MCH-493f24c455,쿠팡,5399,2026-07-13 21:02:00,36.609963,127.468899,KR,DEV-35ea73d34d
1614,5f92ab98-64e1-4bcd-aa8d-015b5e9907be,215600,MCH-ba944121a3,무신사,5651,2026-07-15 08:02:00,36.607346,127.455548,KR,DEV-35ea73d34d
1615,5f92ab98-64e1-4bcd-aa8d-015b5e9907be,5720,MCH-5b1162a765,KTX,4112,2026-07-15 12:09:00,36.630952,127.457091,KR,DEV-35ea73d34d
1616,5f92ab98-64e1-4bcd-aa8d-015b5e9907be,74800,MCH-e7751d42a2,올리브영,5977,2026-07-15 21:58:00,36.605492,127.465347,KR,DEV-35ea73d34d
1617,5f92ab98-64e1-4bcd-aa8d-015b5e9907be,374000,MCH-bed94775b8,패스트파이브,7011,2026-07-17 14:47:00,36.614454,127.443224,KR,DEV-35ea73d34d
1618,5f92ab98-64e1-4bcd-aa8d-015b5e9907be,167200,MCH-ba944121a3,무신사,5651,2026-07-22 15:51:00,36.602876,127.458502,KR,DEV-35ea73d34d
1619,5f92ab98-64e1-4bcd-aa8d-015b5e9907be,81400,MCH-e7751d42a2,올리브영,5977,2026-07-22 16:18:00,36.583571,127.459149,KR,DEV-35ea73d34d
1620,5f92ab98-64e1-4bcd-aa8d-015b5e9907be,240000,MCH-fa2d4c28ac,AliExpress_CN,5399,2026-07-22 22:47:00,36.620456,127.481956,UK,DEV-35ea73d34d
1621,5f92ab98-64e1-4bcd-aa8d-015b5e9907be,17600,MCH-c563ceac18,맥도날드,5814,2026-07-23 13:10:00,36.629987,127.448888,KR,DEV-35ea73d34d
1622,5f92ab98-64e1-4bcd-aa8d-015b5e9907be,88000,MCH-a5c765e6ce,프리스비,5732,2026-07-23 14:53:00,36.592829,127.454542,KR,DEV-35ea73d34d
1623,5f92ab98-64e1-4bcd-aa8d-015b5e9907be,48400,MCH-c563ceac18,맥도날드,5814,2026-07-23 20:14:00,36.620469,127.467546,KR,DEV-35ea73d34d
1624,5f92ab98-64e1-4bcd-aa8d-015b5e9907be,44000,MCH-a5c765e6ce,프리스비,5732,2026-07-24 13:37:00,36.586217,127.463209,KR,DEV-35ea73d34d
1625,5f92ab98-64e1-4bcd-aa8d-015b5e9907be,198000,MCH-ba944121a3,무신사,5651,2026-07-24 19:54:00,36.597742,127.450382,KR,DEV-35ea73d34d
1626,5f92ab98-64e1-4bcd-aa8d-015b5e9907be,59400,MCH-ba944121a3,무신사,5651,2026-07-26 19:00:00,36.605169,127.441867,KR,DEV-35ea73d34d
1627,5f92ab98-64e1-4bcd-aa8d-015b5e9907be,528000,MCH-8fff18fdd2,노션,7372,2026-07-28 13:56:00,36.596302,127.438257,KR,DEV-35ea73d34d
1628,5f92ab98-64e1-4bcd-aa8d-015b5e9907be,52800,MCH-ba944121a3,무신사,5651,2026-07-28 14:45:00,36.588986,127.441553,KR,DEV-35ea73d34d
1629,5f92ab98-64e1-4bcd-aa8d-015b5e9907be,46200,MCH-a5c765e6ce,프리스비,5732,2026-07-28 19:41:00,36.585357,127.438667,KR,DEV-35ea73d34d
1630,5f92ab98-64e1-4bcd-aa8d-015b5e9907be,132000,MCH-8fff18fdd2,노션,7372,2026-07-29 20:35:00,36.616727,127.444501,KR,DEV-35ea73d34d
1631,5f92ab98-64e1-4bcd-aa8d-015b5e9907be,140800,MCH-a5c765e6ce,프리스비,5732,2026-07-29 21:03:00,36.635616,127.464171,KR,DEV-35ea73d34d
1632,5f92ab98-64e1-4bcd-aa8d-015b5e9907be,85800,MCH-ba944121a3,무신사,5651,2026-07-29 22:09:00,36.602723,127.487908,KR,DEV-35ea73d34d
1633,5f92ab98-64e1-4bcd-aa8d-015b5e9907be,176000,MCH-8fff18fdd2,노션,7372,2026-07-31 20:03:00,36.588515,127.480304,KR,DEV-35ea73d34d
1634,5f92ab98-64e1-4bcd-aa8d-015b5e9907be,360000,MCH-fa2d4c28ac,AliExpress_CN,5399,2026-07-31 20:55:00,36.607017,127.478175,UK,DEV-35ea73d34d
1635,5f92ab98-64e1-4bcd-aa8d-015b5e9907be,13200,MCH-8e35d3c146,김밥천국,5812,2026-08-02 11:44:00,36.595787,127.436368,KR,DEV-35ea73d34d
1636,5f92ab98-64e1-4bcd-aa8d-015b5e9907be,594000,MCH-ca5e0a9e0b,AWS,7372,2026-08-02 20:51:00,36.61113,127.488529,KR,DEV-35ea73d34d
1637,5f92ab98-64e1-4bcd-aa8d-015b5e9907be,3540000,MCH-c3acdc127f,유흥업소,5813,2026-08-03 02:24:00,36.612125,127.47253,KR,DEV-35ea73d34d
1638,5f92ab98-64e1-4bcd-aa8d-015b5e9907be,112200,MCH-493f24c455,쿠팡,5399,2026-08-03 12:29:00,36.629883,127.471823,KR,DEV-35ea73d34d
1639,5f92ab98-64e1-4bcd-aa8d-015b5e9907be,132000,MCH-ca5e0a9e0b,AWS,7372,2026-08-03 12:30:00,36.636116,127.46924,KR,DEV-35ea73d34d
1640,5f92ab98-64e1-4bcd-aa8d-015b5e9907be,1250000,MCH-c3acdc127f,유흥업소,5813,2026-08-04 02:57:00,36.634307,127.437473,KR,DEV-35ea73d34d
1641,5f92ab98-64e1-4bcd-aa8d-015b5e9907be,136400,MCH-e7751d42a2,올리브영,5977,2026-08-04 09:12:00,36.614463,127.443529,KR,DEV-35ea73d34d
1642,5f92ab98-64e1-4bcd-aa8d-015b5e9907be,167200,MCH-e7751d42a2,올리브영,5977,2026-08-04 11:57:00,36.633418,127.452608,KR,DEV-35ea73d34d
1643,5f92ab98-64e1-4bcd-aa8d-015b5e9907be,66000,MCH-ab42b36c0b,배달의민족,5812,2026-08-06 08:28:00,36.584594,127.443535,KR,DEV-35ea73d34d
1644,5f92ab98-64e1-4bcd-aa8d-015b5e9907be,15400,MCH-8e35d3c146,김밥천국,5812,2026-08-07 09:51:00,36.586309,127.445082,KR,DEV-35ea73d34d
1645,5f92ab98-64e1-4bcd-aa8d-015b5e9907be,154000,MCH-8fff18fdd2,노션,7372,2026-08-07 13:53:00,36.583988,127.472376,KR,DEV-35ea73d34d
1646,5f92ab98-64e1-4bcd-aa8d-015b5e9907be,171600,MCH-493f24c455,쿠팡,5399,2026-08-08 12:40:00,36.588781,127.436084,KR,DEV-35ea73d34d
1647,5f92ab98-64e1-4bcd-aa8d-015b5e9907be,23320,MCH-06553b267c,카카오택시,4121,2026-08-08 19:05:00,36.589783,127.463572,KR,DEV-35ea73d34d
1648,5f92ab98-64e1-4bcd-aa8d-015b5e9907be,90200,MCH-493f24c455,쿠팡,5399,2026-08-08 21:39:00,36.636266,127.453568,KR,DEV-35ea73d34d
1649,5f92ab98-64e1-4bcd-aa8d-015b5e9907be,189200,MCH-ba944121a3,무신사,5651,2026-08-09 17:57:00,36.605286,127.468673,KR,DEV-35ea73d34d
1650,5f92ab98-64e1-4bcd-aa8d-015b5e9907be,92400,MCH-a5c765e6ce,프리스비,5732,2026-08-09 20:49:00,36.603476,127.452795,KR,DEV-35ea73d34d
1651,5f92ab98-64e1-4bcd-aa8d-015b5e9907be,191400,MCH-493f24c455,쿠팡,5399,2026-08-10 11:57:00,36.599335,127.439569,KR,DEV-35ea73d34d
1652,5f92ab98-64e1-4bcd-aa8d-015b5e9907be,57200,MCH-c563ceac18,맥도날드,5814,2026-08-10 13:11:00,36.608437,127.467959,KR,DEV-35ea73d34d
1653,5f92ab98-64e1-4bcd-aa8d-015b5e9907be,24200,MCH-8e35d3c146,김밥천국,5812,2026-08-10 14:51:00,36.615857,127.455187,KR,DEV-35ea73d34d
1654,5f92ab98-64e1-4bcd-aa8d-015b5e9907be,90200,MCH-493f24c455,쿠팡,5399,2026-08-10 15:13:00,36.587653,127.451197,KR,DEV-35ea73d34d
1655,5f92ab98-64e1-4bcd-aa8d-015b5e9907be,136400,MCH-e7751d42a2,올리브영,5977,2026-08-11 14:35:00,36.635641,127.47235,KR,DEV-35ea73d34d
1656,5f92ab98-64e1-4bcd-aa8d-015b5e9907be,114400,MCH-493f24c455,쿠팡,5399,2026-08-11 14:44:00,36.603178,127.475656,KR,DEV-35ea73d34d
1657,5f92ab98-64e1-4bcd-aa8d-015b5e9907be,55000,MCH-a5c765e6ce,프리스비,5732,2026-08-11 18:19:00,36.594497,127.458,KR,DEV-35ea73d34d
1658,5f92ab98-64e1-4bcd-aa8d-015b5e9907be,99000,MCH-a5c765e6ce,프리스비,5732,2026-08-12 18:48:00,36.613039,127.460779,KR,DEV-35ea73d34d
1659,5f92ab98-64e1-4bcd-aa8d-015b5e9907be,11000,MCH-8e35d3c146,김밥천국,5812,2026-08-12 20:09:00,36.611664,127.475913,KR,DEV-35ea73d34d
1660,5f92ab98-64e1-4bcd-aa8d-015b5e9907be,99000,MCH-a5c765e6ce,프리스비,5732,2026-08-12 21:14:00,36.594005,127.45009,KR,DEV-35ea73d34d
1661,5f92ab98-64e1-4bcd-aa8d-015b5e9907be,140800,MCH-a5c765e6ce,프리스비,5732,2026-08-13 08:47:00,36.599667,127.437059,KR,DEV-35ea73d34d
1662,5f92ab98-64e1-4bcd-aa8d-015b5e9907be,790000,MCH-96930209b1,Amazon_US,5942,2026-08-13 13:59:00,36.583589,127.476956,CN,DEV-35ea73d34d
1663,5f92ab98-64e1-4bcd-aa8d-015b5e9907be,88000,MCH-ba944121a3,무신사,5651,2026-08-13 14:32:00,36.600276,127.47455,KR,DEV-35ea73d34d
1664,5f92ab98-64e1-4bcd-aa8d-015b5e9907be,70400,MCH-ba944121a3,무신사,5651,2026-08-14 09:00:00,36.620435,127.454455,KR,DEV-35ea73d34d
1665,5f92ab98-64e1-4bcd-aa8d-015b5e9907be,88000,MCH-a5c765e6ce,프리스비,5732,2026-08-14 11:56:00,36.586406,127.464878,KR,DEV-35ea73d34d
1666,5f92ab98-64e1-4bcd-aa8d-015b5e9907be,114400,MCH-a5c765e6ce,프리스비,5732,2026-08-14 15:31:00,36.613776,127.436488,KR,DEV-35ea73d34d
1667,5f92ab98-64e1-4bcd-aa8d-015b5e9907be,37400,MCH-ab42b36c0b,배달의민족,5812,2026-08-15 13:32:00,36.62257,127.443725,KR,DEV-35ea73d34d
1668,5f92ab98-64e1-4bcd-aa8d-015b5e9907be,220000,MCH-53b4838ce6,어도비(Adobe),5734,2026-08-15 15:37:00,36.584021,127.476785,KR,DEV-35ea73d34d
1669,5f92ab98-64e1-4bcd-aa8d-015b5e9907be,39600,MCH-fb4fb59d3a,스타벅스,5814,2026-08-15 16:36:00,36.611785,127.488145,KR,DEV-35ea73d34d
1670,5f92ab98-64e1-4bcd-aa8d-015b5e9907be,77000,MCH-a5c765e6ce,프리스비,5732,2026-08-15 18:18:00,36.606103,127.47685,KR,DEV-35ea73d34d
1671,5f92ab98-64e1-4bcd-aa8d-015b5e9907be,2320000,MCH-c3acdc127f,유흥업소,5813,2026-08-16 04:58:00,36.612794,127.480849,KR,DEV-35ea73d34d
1672,5f92ab98-64e1-4bcd-aa8d-015b5e9907be,211200,MCH-ba944121a3,무신사,5651,2026-08-16 10:24:00,36.631929,127.452097,KR,DEV-35ea73d34d
1673,5f92ab98-64e1-4bcd-aa8d-015b5e9907be,484000,MCH-8fff18fdd2,노션,7372,2026-08-16 11:12:00,36.607929,127.465892,KR,DEV-35ea73d34d
1674,5f92ab98-64e1-4bcd-aa8d-015b5e9907be,28600,MCH-c563ceac18,맥도날드,5814,2026-08-16 16:46:00,36.595004,127.437123,KR,DEV-35ea73d34d
1675,5f92ab98-64e1-4bcd-aa8d-015b5e9907be,550000,MCH-bed94775b8,패스트파이브,7011,2026-08-16 18:19:00,36.605711,127.437924,KR,DEV-35ea73d34d
1676,5f92ab98-64e1-4bcd-aa8d-015b5e9907be,396000,MCH-53b4838ce6,어도비(Adobe),5734,2026-08-16 19:27:00,36.58868,127.438688,KR,DEV-35ea73d34d
1677,5f92ab98-64e1-4bcd-aa8d-015b5e9907be,11000,MCH-8e35d3c146,김밥천국,5812,2026-08-17 12:57:00,36.628734,127.458611,KR,DEV-35ea73d34d
1678,5f92ab98-64e1-4bcd-aa8d-015b5e9907be,99000,MCH-493f24c455,쿠팡,5399,2026-08-17 18:46:00,36.625792,127.45219,KR,DEV-35ea73d34d
1679,5f92ab98-64e1-4bcd-aa8d-015b5e9907be,39380,MCH-5df4849ce1,지하철,4111,2026-08-17 20:21:00,36.613319,127.480397,KR,DEV-35ea73d34d
1680,5f92ab98-64e1-4bcd-aa8d-015b5e9907be,140800,MCH-e7751d42a2,올리브영,5977,2026-08-18 10:17:00,36.635875,127.441347,KR,DEV-35ea73d34d
1681,5f92ab98-64e1-4bcd-aa8d-015b5e9907be,9460,MCH-5df4849ce1,지하철,4111,2026-08-18 15:34:00,36.615833,127.487079,KR,DEV-35ea73d34d
1682,5f92ab98-64e1-4bcd-aa8d-015b5e9907be,70400,MCH-ba944121a3,무신사,5651,2026-08-19 08:33:00,36.602296,127.481595,KR,DEV-35ea73d34d
1683,5f92ab98-64e1-4bcd-aa8d-015b5e9907be,70400,MCH-ba944121a3,무신사,5651,2026-08-19 09:38:00,36.601226,127.459162,KR,DEV-35ea73d34d
1684,5f92ab98-64e1-4bcd-aa8d-015b5e9907be,209000,MCH-e7751d42a2,올리브영,5977,2026-08-19 10:20:00,36.609535,127.470686,KR,DEV-35ea73d34d
1685,5f92ab98-64e1-4bcd-aa8d-015b5e9907be,103400,MCH-ba944121a3,무신사,5651,2026-08-19 22:00:00,36.584036,127.484103,KR,DEV-35ea73d34d
1686,5f92ab98-64e1-4bcd-aa8d-015b5e9907be,44000,MCH-e7751d42a2,올리브영,5977,2026-08-20 14:42:00,36.592035,127.488009,KR,DEV-35ea73d34d
1687,5f92ab98-64e1-4bcd-aa8d-015b5e9907be,193600,MCH-a5c765e6ce,프리스비,5732,2026-08-20 17:03:00,36.613667,127.457697,KR,DEV-35ea73d34d
1688,5f92ab98-64e1-4bcd-aa8d-015b5e9907be,2992000,MCH-c563ceac18,맥도날드,5814,2026-08-20 19:59:00,36.600273,127.476703,KR,DEV-35ea73d34d
1689,5f92ab98-64e1-4bcd-aa8d-015b5e9907be,48400,MCH-493f24c455,쿠팡,5399,2026-08-21 11:23:00,36.59337,127.457176,KR,DEV-35ea73d34d
1690,5f92ab98-64e1-4bcd-aa8d-015b5e9907be,72600,MCH-ba944121a3,무신사,5651,2026-08-21 15:14:00,36.621441,127.479887,KR,DEV-35ea73d34d
1691,5f92ab98-64e1-4bcd-aa8d-015b5e9907be,24200,MCH-ab42b36c0b,배달의민족,5812,2026-08-21 15:41:00,36.610155,127.469563,KR,DEV-35ea73d34d
1692,5f92ab98-64e1-4bcd-aa8d-015b5e9907be,151800,MCH-e7751d42a2,올리브영,5977,2026-08-21 18:32:00,36.604373,127.443277,KR,DEV-35ea73d34d
1693,5f92ab98-64e1-4bcd-aa8d-015b5e9907be,48400,MCH-c563ceac18,맥도날드,5814,2026-08-21 18:48:00,36.595095,127.44768,KR,DEV-35ea73d34d
1694,5f92ab98-64e1-4bcd-aa8d-015b5e9907be,19800,MCH-fb4fb59d3a,스타벅스,5814,2026-08-21 21:27:00,36.583497,127.456447,KR,DEV-35ea73d34d
1695,5f92ab98-64e1-4bcd-aa8d-015b5e9907be,145200,MCH-e7751d42a2,올리브영,5977,2026-08-22 10:41:00,36.596716,127.437847,KR,DEV-35ea73d34d
1696,5f92ab98-64e1-4bcd-aa8d-015b5e9907be,118800,MCH-e7751d42a2,올리브영,5977,2026-08-22 13:19:00,36.585815,127.440641,KR,DEV-35ea73d34d
1697,5f92ab98-64e1-4bcd-aa8d-015b5e9907be,33000,MCH-a5c765e6ce,프리스비,5732,2026-08-22 22:41:00,36.609813,127.451005,KR,DEV-35ea73d34d
1698,5f92ab98-64e1-4bcd-aa8d-015b5e9907be,50600,MCH-fb4fb59d3a,스타벅스,5814,2026-08-22 22:54:00,36.585243,127.478101,KR,DEV-35ea73d34d
1699,6d422b5f-1b23-4312-bbfc-4ef97e5fc845,195000,MCH-ca5e0a9e0b,AWS,7372,2026-05-25 09:37:00,35.754673,127.06649,KR,DEV-f804ce8071
1700,6d422b5f-1b23-4312-bbfc-4ef97e5fc845,117000,MCH-bed94775b8,패스트파이브,7011,2026-05-25 17:45:00,35.765106,127.047769,KR,DEV-f804ce8071
1701,6d422b5f-1b23-4312-bbfc-4ef97e5fc845,338000,MCH-ca5e0a9e0b,AWS,7372,2026-05-25 19:53:00,35.732286,127.051361,KR,DEV-f804ce8071
1702,6d422b5f-1b23-4312-bbfc-4ef97e5fc845,21710,MCH-5df4849ce1,지하철,4111,2026-05-27 14:09:00,35.763319,127.03304,KR,DEV-f804ce8071
1703,6d422b5f-1b23-4312-bbfc-4ef97e5fc845,377000,MCH-8fff18fdd2,노션,7372,2026-05-27 15:12:00,35.716537,127.047695,KR,DEV-f804ce8071
1704,6d422b5f-1b23-4312-bbfc-4ef97e5fc845,273000,MCH-53b4838ce6,어도비(Adobe),5734,2026-05-27 20:34:00,35.722988,127.035171,KR,DEV-f804ce8071
1705,6d422b5f-1b23-4312-bbfc-4ef97e5fc845,312000,MCH-bed94775b8,패스트파이브,7011,2026-05-28 12:48:00,35.717914,127.050692,KR,DEV-f804ce8071
1706,6d422b5f-1b23-4312-bbfc-4ef97e5fc845,208000,MCH-ca5e0a9e0b,AWS,7372,2026-05-29 18:36:00,35.72848,127.083194,KR,DEV-f804ce8071
1707,6d422b5f-1b23-4312-bbfc-4ef97e5fc845,7280,MCH-5b1162a765,KTX,4112,2026-05-29 21:12:00,35.740508,127.046231,KR,DEV-f804ce8071
1708,6d422b5f-1b23-4312-bbfc-4ef97e5fc845,286000,MCH-8fff18fdd2,노션,7372,2026-05-29 22:06:00,35.723033,127.044514,KR,DEV-f804ce8071
1709,6d422b5f-1b23-4312-bbfc-4ef97e5fc845,93600,MCH-a5c765e6ce,프리스비,5732,2026-05-31 22:22:00,35.764487,127.038965,KR,DEV-f804ce8071
1710,6d422b5f-1b23-4312-bbfc-4ef97e5fc845,156000,MCH-8fff18fdd2,노션,7372,2026-06-01 08:20:00,35.742687,127.043745,KR,DEV-f804ce8071
1711,6d422b5f-1b23-4312-bbfc-4ef97e5fc845,312000,MCH-bed94775b8,패스트파이브,7011,2026-06-01 08:57:00,35.753177,127.038502,KR,DEV-f804ce8071
1712,6d422b5f-1b23-4312-bbfc-4ef97e5fc845,78000,MCH-ca5e0a9e0b,AWS,7372,2026-06-01 12:58:00,35.760913,127.066133,KR,DEV-f804ce8071
1713,6d422b5f-1b23-4312-bbfc-4ef97e5fc845,91000,MCH-bed94775b8,패스트파이브,7011,2026-06-02 09:53:00,35.722138,127.043889,KR,DEV-f804ce8071
1714,6d422b5f-1b23-4312-bbfc-4ef97e5fc845,104000,MCH-bed94775b8,패스트파이브,7011,2026-06-02 20:18:00,35.723634,127.081823,KR,DEV-f804ce8071
1715,6d422b5f-1b23-4312-bbfc-4ef97e5fc845,8060,MCH-5b1162a765,KTX,4112,2026-06-04 18:42:00,35.731296,127.031085,KR,DEV-f804ce8071
1716,6d422b5f-1b23-4312-bbfc-4ef97e5fc845,390000,MCH-8fff18fdd2,노션,7372,2026-06-05 09:22:00,35.736464,127.051178,KR,DEV-f804ce8071
1717,6d422b5f-1b23-4312-bbfc-4ef97e5fc845,221000,MCH-53b4838ce6,어도비(Adobe),5734,2026-06-05 21:30:00,35.743988,127.058423,KR,DEV-f804ce8071
1718,6d422b5f-1b23-4312-bbfc-4ef97e5fc845,182000,MCH-53b4838ce6,어도비(Adobe),5734,2026-06-07 11:02:00,35.722841,127.069705,KR,DEV-f804ce8071
1719,6d422b5f-1b23-4312-bbfc-4ef97e5fc845,351000,MCH-bed94775b8,패스트파이브,7011,2026-06-07 15:40:00,35.734595,127.0493,KR,DEV-f804ce8071
1720,6d422b5f-1b23-4312-bbfc-4ef97e5fc845,11440,MCH-5df4849ce1,지하철,4111,2026-06-09 13:55:00,35.769018,127.060353,KR,DEV-f804ce8071
1721,6d422b5f-1b23-4312-bbfc-4ef97e5fc845,23400,MCH-ab42b36c0b,배달의민족,5812,2026-06-09 22:25:00,35.762352,127.048942,KR,DEV-f804ce8071
1722,6d422b5f-1b23-4312-bbfc-4ef97e5fc845,36400,MCH-e7751d42a2,올리브영,5977,2026-06-10 09:20:00,35.748117,127.075451,KR,DEV-f804ce8071
1723,6d422b5f-1b23-4312-bbfc-4ef97e5fc845,76700,MCH-ba944121a3,무신사,5651,2026-06-10 15:02:00,35.732119,127.063574,KR,DEV-f804ce8071
1724,6d422b5f-1b23-4312-bbfc-4ef97e5fc845,4680,MCH-0d60345572,버스,4111,2026-06-10 19:27:00,35.72565,127.068409,KR,DEV-f804ce8071
1725,6d422b5f-1b23-4312-bbfc-4ef97e5fc845,91000,MCH-53b4838ce6,어도비(Adobe),5734,2026-06-11 18:40:00,35.739062,127.065566,KR,DEV-f804ce8071
1726,6d422b5f-1b23-4312-bbfc-4ef97e5fc845,11700,MCH-fb4fb59d3a,스타벅스,5814,2026-06-11 21:38:00,35.743286,127.071535,KR,DEV-f804ce8071
1727,6d422b5f-1b23-4312-bbfc-4ef97e5fc845,113100,MCH-5b1162a765,KTX,4112,2026-06-12 08:38:00,35.414283,127.624806,KR,DEV-f804ce8071
1728,6d422b5f-1b23-4312-bbfc-4ef97e5fc845,28600,MCH-8e35d3c146,김밥천국,5812,2026-06-12 09:16:00,35.767472,127.032401,KR,DEV-f804ce8071
1729,6d422b5f-1b23-4312-bbfc-4ef97e5fc845,22100,MCH-ab42b36c0b,배달의민족,5812,2026-06-12 13:41:00,35.739549,127.035156,KR,DEV-f804ce8071
1730,6d422b5f-1b23-4312-bbfc-4ef97e5fc845,104000,MCH-ca5e0a9e0b,AWS,7372,2026-06-13 10:54:00,35.748626,127.068512,KR,DEV-f804ce8071
1731,6d422b5f-1b23-4312-bbfc-4ef97e5fc845,390000,MCH-ca5e0a9e0b,AWS,7372,2026-06-13 13:32:00,35.744859,127.07918,KR,DEV-f804ce8071
1732,6d422b5f-1b23-4312-bbfc-4ef97e5fc845,338000,MCH-8fff18fdd2,노션,7372,2026-06-13 13:45:00,35.724885,127.069561,KR,DEV-f804ce8071
1733,6d422b5f-1b23-4312-bbfc-4ef97e5fc845,17420,MCH-0d60345572,버스,4111,2026-06-14 20:35:00,35.728349,127.057704,KR,DEV-f804ce8071
1734,6d422b5f-1b23-4312-bbfc-4ef97e5fc845,46800,MCH-e7751d42a2,올리브영,5977,2026-06-16 10:20:00,35.762482,127.07594,KR,DEV-f804ce8071
1735,6d422b5f-1b23-4312-bbfc-4ef97e5fc845,37700,MCH-c563ceac18,맥도날드,5814,2026-06-16 10:27:00,35.740732,127.058965,KR,DEV-f804ce8071
1736,6d422b5f-1b23-4312-bbfc-4ef97e5fc845,117000,MCH-53b4838ce6,어도비(Adobe),5734,2026-06-16 13:41:00,35.75441,127.059416,KR,DEV-f804ce8071
1737,6d422b5f-1b23-4312-bbfc-4ef97e5fc845,143000,MCH-8fff18fdd2,노션,7372,2026-06-17 18:35:00,35.766412,127.079374,KR,DEV-f804ce8071
1738,6d422b5f-1b23-4312-bbfc-4ef97e5fc845,32500,MCH-493f24c455,쿠팡,5399,2026-06-18 08:41:00,35.748262,127.076542,KR,DEV-f804ce8071
1739,6d422b5f-1b23-4312-bbfc-4ef97e5fc845,46800,MCH-a5c765e6ce,프리스비,5732,2026-06-18 18:39:00,35.720602,127.065648,KR,DEV-f804ce8071
1740,6d422b5f-1b23-4312-bbfc-4ef97e5fc845,182000,MCH-bed94775b8,패스트파이브,7011,2026-06-19 15:04:00,35.731881,127.044237,KR,DEV-f804ce8071
1741,6d422b5f-1b23-4312-bbfc-4ef97e5fc845,325000,MCH-bed94775b8,패스트파이브,7011,2026-06-19 16:18:00,35.757009,127.053518,KR,DEV-f804ce8071
1742,6d422b5f-1b23-4312-bbfc-4ef97e5fc845,351000,MCH-8fff18fdd2,노션,7372,2026-06-20 13:46:00,35.741728,127.042028,KR,DEV-f804ce8071
1743,6d422b5f-1b23-4312-bbfc-4ef97e5fc845,22360,MCH-5b1162a765,KTX,4112,2026-06-21 14:15:00,35.728953,127.036233,KR,DEV-f804ce8071
1744,6d422b5f-1b23-4312-bbfc-4ef97e5fc845,58500,MCH-e7751d42a2,올리브영,5977,2026-06-21 15:07:00,35.72262,127.051029,KR,DEV-f804ce8071
1745,6d422b5f-1b23-4312-bbfc-4ef97e5fc845,26000,MCH-c563ceac18,맥도날드,5814,2026-06-22 16:29:00,35.766025,127.06998,KR,DEV-f804ce8071
1746,6d422b5f-1b23-4312-bbfc-4ef97e5fc845,182000,MCH-bed94775b8,패스트파이브,7011,2026-06-23 16:00:00,35.73076,127.063298,KR,DEV-f804ce8071
1747,6d422b5f-1b23-4312-bbfc-4ef97e5fc845,54600,MCH-a5c765e6ce,프리스비,5732,2026-06-23 17:22:00,35.720419,127.052256,KR,DEV-f804ce8071
1748,6d422b5f-1b23-4312-bbfc-4ef97e5fc845,85800,MCH-493f24c455,쿠팡,5399,2026-06-24 08:36:00,35.729848,127.050772,KR,DEV-f804ce8071
1749,6d422b5f-1b23-4312-bbfc-4ef97e5fc845,20150,MCH-5b1162a765,KTX,4112,2026-06-24 12:52:00,35.735148,127.0466,KR,DEV-f804ce8071
1750,6d422b5f-1b23-4312-bbfc-4ef97e5fc845,208000,MCH-bed94775b8,패스트파이브,7011,2026-06-24 20:21:00,35.75233,127.037422,KR,DEV-f804ce8071
1751,6d422b5f-1b23-4312-bbfc-4ef97e5fc845,24700,MCH-493f24c455,쿠팡,5399,2026-06-25 10:45:00,35.726312,127.05852,KR,DEV-f804ce8071
1752,6d422b5f-1b23-4312-bbfc-4ef97e5fc845,195000,MCH-ca5e0a9e0b,AWS,7372,2026-06-25 22:39:00,35.74116,127.055702,KR,DEV-f804ce8071
1753,6d422b5f-1b23-4312-bbfc-4ef97e5fc845,29900,MCH-8e35d3c146,김밥천국,5812,2026-06-26 12:50:00,35.716451,127.048905,KR,DEV-f804ce8071
1754,6d422b5f-1b23-4312-bbfc-4ef97e5fc845,25480,MCH-5b1162a765,KTX,4112,2026-06-26 17:19:00,35.755515,127.047175,KR,DEV-f804ce8071
1755,6d422b5f-1b23-4312-bbfc-4ef97e5fc845,127400,MCH-e7751d42a2,올리브영,5977,2026-06-26 20:49:00,35.762692,127.065014,KR,DEV-f804ce8071
1756,6d422b5f-1b23-4312-bbfc-4ef97e5fc845,117000,MCH-bed94775b8,패스트파이브,7011,2026-06-27 21:43:00,35.747094,127.040217,KR,DEV-f804ce8071
1757,6d422b5f-1b23-4312-bbfc-4ef97e5fc845,71500,MCH-ba944121a3,무신사,5651,2026-06-29 10:29:00,35.74587,127.084953,KR,DEV-f804ce8071
1758,6d422b5f-1b23-4312-bbfc-4ef97e5fc845,312000,MCH-8fff18fdd2,노션,7372,2026-06-29 15:12:00,35.734056,127.050151,KR,DEV-f804ce8071
1759,6d422b5f-1b23-4312-bbfc-4ef97e5fc845,28600,MCH-ba944121a3,무신사,5651,2026-06-29 19:08:00,35.723737,127.068324,KR,DEV-f804ce8071
1760,6d422b5f-1b23-4312-bbfc-4ef97e5fc845,182000,MCH-8fff18fdd2,노션,7372,2026-06-30 09:36:00,35.732689,127.049854,KR,DEV-f804ce8071
1761,6d422b5f-1b23-4312-bbfc-4ef97e5fc845,25350,MCH-0d60345572,버스,4111,2026-06-30 11:44:00,35.727707,127.08359,KR,DEV-f804ce8071
1762,6d422b5f-1b23-4312-bbfc-4ef97e5fc845,182000,MCH-ca5e0a9e0b,AWS,7372,2026-07-01 08:18:00,35.736878,127.049656,KR,DEV-f804ce8071
1763,6d422b5f-1b23-4312-bbfc-4ef97e5fc845,15600,MCH-c563ceac18,맥도날드,5814,2026-07-01 08:42:00,35.765986,127.068631,KR,DEV-f804ce8071
1764,6d422b5f-1b23-4312-bbfc-4ef97e5fc845,143000,MCH-bed94775b8,패스트파이브,7011,2026-07-01 11:52:00,35.719824,127.080946,KR,DEV-f804ce8071
1765,6d422b5f-1b23-4312-bbfc-4ef97e5fc845,338000,MCH-53b4838ce6,어도비(Adobe),5734,2026-07-02 20:08:00,35.718389,127.053341,KR,DEV-f804ce8071
1766,6d422b5f-1b23-4312-bbfc-4ef97e5fc845,130000,MCH-cf62dbb6a8,게임아이템_스토어,7994,2026-07-02 22:10:00,35.737547,127.081542,KR,DEV-f804ce8071
1767,6d422b5f-1b23-4312-bbfc-4ef97e5fc845,130000,MCH-cf62dbb6a8,게임아이템_스토어,7994,2026-07-02 22:11:00,35.737547,127.081542,KR,DEV-f804ce8071
1768,6d422b5f-1b23-4312-bbfc-4ef97e5fc845,130000,MCH-cf62dbb6a8,게임아이템_스토어,7994,2026-07-02 22:12:00,35.737547,127.081542,KR,DEV-f804ce8071
1769,6d422b5f-1b23-4312-bbfc-4ef97e5fc845,4810,MCH-06553b267c,카카오택시,4121,2026-07-03 18:36:00,35.726333,127.083103,KR,DEV-f804ce8071
1770,6d422b5f-1b23-4312-bbfc-4ef97e5fc845,8060,MCH-5b1162a765,KTX,4112,2026-07-03 22:47:00,35.765262,127.084901,KR,DEV-f804ce8071
1771,6d422b5f-1b23-4312-bbfc-4ef97e5fc845,23400,MCH-c563ceac18,맥도날드,5814,2026-07-03 22:53:00,35.755481,127.076964,KR,DEV-f804ce8071
1772,6d422b5f-1b23-4312-bbfc-4ef97e5fc845,169000,MCH-bed94775b8,패스트파이브,7011,2026-07-04 11:51:00,35.74225,127.081733,KR,DEV-f804ce8071
1773,6d422b5f-1b23-4312-bbfc-4ef97e5fc845,18200,MCH-ab42b36c0b,배달의민족,5812,2026-07-04 15:41:00,35.716053,127.061701,KR,DEV-f804ce8071
1774,6d422b5f-1b23-4312-bbfc-4ef97e5fc845,39000,MCH-ab42b36c0b,배달의민족,5812,2026-07-05 12:36:00,35.750594,127.069843,KR,DEV-f804ce8071
1775,6d422b5f-1b23-4312-bbfc-4ef97e5fc845,91000,MCH-8fff18fdd2,노션,7372,2026-07-06 14:42:00,35.76183,127.079489,KR,DEV-f804ce8071
1776,6d422b5f-1b23-4312-bbfc-4ef97e5fc845,10790,MCH-5b1162a765,KTX,4112,2026-07-07 13:19:00,35.766137,127.031369,KR,DEV-f804ce8071
1777,6d422b5f-1b23-4312-bbfc-4ef97e5fc845,24700,MCH-5b1162a765,KTX,4112,2026-07-09 16:59:00,35.71891,127.037391,KR,DEV-f804ce8071
1778,6d422b5f-1b23-4312-bbfc-4ef97e5fc845,20800,MCH-ab42b36c0b,배달의민족,5812,2026-07-09 17:14:00,35.753582,127.04781,KR,DEV-f804ce8071
1779,6d422b5f-1b23-4312-bbfc-4ef97e5fc845,19760,MCH-5b1162a765,KTX,4112,2026-07-10 20:42:00,35.740145,127.084451,KR,DEV-f804ce8071
1780,6d422b5f-1b23-4312-bbfc-4ef97e5fc845,31200,MCH-e7751d42a2,올리브영,5977,2026-07-11 22:36:00,35.747758,127.073561,KR,DEV-f804ce8071
1781,6d422b5f-1b23-4312-bbfc-4ef97e5fc845,53300,MCH-493f24c455,쿠팡,5399,2026-07-12 19:37:00,35.723652,127.048736,KR,DEV-f804ce8071
1782,6d422b5f-1b23-4312-bbfc-4ef97e5fc845,26000,MCH-fb4fb59d3a,스타벅스,5814,2026-07-13 08:18:00,35.753411,127.060252,KR,DEV-f804ce8071
1783,6d422b5f-1b23-4312-bbfc-4ef97e5fc845,299000,MCH-ca5e0a9e0b,AWS,7372,2026-07-13 09:02:00,35.754648,127.052403,KR,DEV-f804ce8071
1784,6d422b5f-1b23-4312-bbfc-4ef97e5fc845,111800,MCH-493f24c455,쿠팡,5399,2026-07-13 15:43:00,35.740062,127.058743,KR,DEV-f804ce8071
1785,6d422b5f-1b23-4312-bbfc-4ef97e5fc845,93600,MCH-ba944121a3,무신사,5651,2026-07-14 21:58:00,35.768435,127.065912,KR,DEV-f804ce8071
1786,6d422b5f-1b23-4312-bbfc-4ef97e5fc845,20800,MCH-8e35d3c146,김밥천국,5812,2026-07-15 10:17:00,35.738478,127.051501,KR,DEV-f804ce8071
1787,6d422b5f-1b23-4312-bbfc-4ef97e5fc845,10400,MCH-ab42b36c0b,배달의민족,5812,2026-07-15 10:34:00,35.767668,127.078273,KR,DEV-f804ce8071
1788,6d422b5f-1b23-4312-bbfc-4ef97e5fc845,182000,MCH-53b4838ce6,어도비(Adobe),5734,2026-07-15 15:43:00,35.722436,127.083904,KR,DEV-f804ce8071
1789,6d422b5f-1b23-4312-bbfc-4ef97e5fc845,22100,MCH-fb4fb59d3a,스타벅스,5814,2026-07-17 15:14:00,35.751878,127.078147,KR,DEV-f804ce8071
1790,6d422b5f-1b23-4312-bbfc-4ef97e5fc845,10400,MCH-fb4fb59d3a,스타벅스,5814,2026-07-17 17:02:00,35.766159,127.079056,KR,DEV-f804ce8071
1791,6d422b5f-1b23-4312-bbfc-4ef97e5fc845,15600,MCH-ab42b36c0b,배달의민족,5812,2026-07-17 21:58:00,35.75633,127.072949,KR,DEV-f804ce8071
1792,6d422b5f-1b23-4312-bbfc-4ef97e5fc845,33800,MCH-c563ceac18,맥도날드,5814,2026-07-18 16:14:00,35.757311,127.075237,KR,DEV-f804ce8071
1793,6d422b5f-1b23-4312-bbfc-4ef97e5fc845,123500,MCH-a5c765e6ce,프리스비,5732,2026-07-18 18:27:00,35.730425,127.061093,KR,DEV-f804ce8071
1794,6d422b5f-1b23-4312-bbfc-4ef97e5fc845,78000,MCH-bed94775b8,패스트파이브,7011,2026-07-20 16:26:00,35.761462,127.047256,KR,DEV-f804ce8071
1795,6d422b5f-1b23-4312-bbfc-4ef97e5fc845,19500,MCH-c563ceac18,맥도날드,5814,2026-07-20 18:05:00,35.745676,127.038248,KR,DEV-f804ce8071
1796,6d422b5f-1b23-4312-bbfc-4ef97e5fc845,13000,MCH-8e35d3c146,김밥천국,5812,2026-07-20 20:34:00,35.732781,127.053504,KR,DEV-f804ce8071
1797,6d422b5f-1b23-4312-bbfc-4ef97e5fc845,4290,MCH-06553b267c,카카오택시,4121,2026-07-21 11:51:00,35.754719,127.041296,KR,DEV-f804ce8071
1798,6d422b5f-1b23-4312-bbfc-4ef97e5fc845,68900,MCH-e7751d42a2,올리브영,5977,2026-07-21 22:00:00,35.754704,127.061208,KR,DEV-f804ce8071
1799,6d422b5f-1b23-4312-bbfc-4ef97e5fc845,119600,MCH-a5c765e6ce,프리스비,5732,2026-07-22 19:13:00,35.721893,127.085031,KR,DEV-f804ce8071
1800,6d422b5f-1b23-4312-bbfc-4ef97e5fc845,70200,MCH-e7751d42a2,올리브영,5977,2026-07-23 12:23:00,35.757472,127.051576,KR,DEV-f804ce8071
1801,6d422b5f-1b23-4312-bbfc-4ef97e5fc845,143000,MCH-8fff18fdd2,노션,7372,2026-07-24 13:20:00,35.758947,127.070049,KR,DEV-f804ce8071
1802,6d422b5f-1b23-4312-bbfc-4ef97e5fc845,20800,MCH-5b1162a765,KTX,4112,2026-07-24 21:15:00,35.738124,127.039238,KR,DEV-f804ce8071
1803,6d422b5f-1b23-4312-bbfc-4ef97e5fc845,28600,MCH-ab42b36c0b,배달의민족,5812,2026-07-24 22:37:00,35.745959,127.042961,KR,DEV-f804ce8071
1804,6d422b5f-1b23-4312-bbfc-4ef97e5fc845,106600,MCH-493f24c455,쿠팡,5399,2026-07-25 08:53:00,35.724701,127.069936,KR,DEV-f804ce8071
1805,6d422b5f-1b23-4312-bbfc-4ef97e5fc845,247000,MCH-bed94775b8,패스트파이브,7011,2026-07-25 10:46:00,35.759962,127.083244,KR,DEV-f804ce8071
1806,6d422b5f-1b23-4312-bbfc-4ef97e5fc845,65000,MCH-bed94775b8,패스트파이브,7011,2026-07-27 08:34:00,35.750024,127.081481,KR,DEV-f804ce8071
1807,6d422b5f-1b23-4312-bbfc-4ef97e5fc845,27300,MCH-c563ceac18,맥도날드,5814,2026-07-27 15:23:00,35.749644,127.034674,KR,DEV-f804ce8071
1808,6d422b5f-1b23-4312-bbfc-4ef97e5fc845,2470,MCH-0d60345572,버스,4111,2026-07-27 16:52:00,35.716193,127.059617,KR,DEV-f804ce8071
1809,6d422b5f-1b23-4312-bbfc-4ef97e5fc845,15600,MCH-c563ceac18,맥도날드,5814,2026-07-28 11:39:00,35.764729,127.036785,KR,DEV-f804ce8071
1810,6d422b5f-1b23-4312-bbfc-4ef97e5fc845,15340,MCH-0d60345572,버스,4111,2026-07-28 15:36:00,35.759618,127.04545,KR,DEV-f804ce8071
1811,6d422b5f-1b23-4312-bbfc-4ef97e5fc845,325000,MCH-53b4838ce6,어도비(Adobe),5734,2026-07-28 21:41:00,35.75324,127.047215,KR,DEV-f804ce8071
1812,6d422b5f-1b23-4312-bbfc-4ef97e5fc845,156000,MCH-53b4838ce6,어도비(Adobe),5734,2026-07-30 11:57:00,35.768381,127.08364,KR,DEV-f804ce8071
1813,6d422b5f-1b23-4312-bbfc-4ef97e5fc845,23400,MCH-8e35d3c146,김밥천국,5812,2026-07-30 18:50:00,35.718585,127.031511,KR,DEV-f804ce8071
1814,6d422b5f-1b23-4312-bbfc-4ef97e5fc845,33800,MCH-fb4fb59d3a,스타벅스,5814,2026-07-30 22:17:00,35.763528,127.056703,KR,DEV-f804ce8071
1815,6d422b5f-1b23-4312-bbfc-4ef97e5fc845,600000,MCH-489f756ae2,Steam_Global,5816,2026-08-01 02:19:00,35.72675,127.038794,US,DEV-f804ce8071
1816,6d422b5f-1b23-4312-bbfc-4ef97e5fc845,221000,MCH-8fff18fdd2,노션,7372,2026-08-01 20:47:00,35.746184,127.076916,KR,DEV-f804ce8071
1817,6d422b5f-1b23-4312-bbfc-4ef97e5fc845,12740,MCH-5b1162a765,KTX,4112,2026-08-03 08:40:00,35.739178,127.076334,KR,DEV-f804ce8071
1818,6d422b5f-1b23-4312-bbfc-4ef97e5fc845,16250,MCH-5b1162a765,KTX,4112,2026-08-03 10:43:00,35.769205,127.057519,KR,DEV-f804ce8071
1819,6d422b5f-1b23-4312-bbfc-4ef97e5fc845,4940,MCH-06553b267c,카카오택시,4121,2026-08-04 08:19:00,35.749817,127.070981,KR,DEV-f804ce8071
1820,6d422b5f-1b23-4312-bbfc-4ef97e5fc845,169000,MCH-53b4838ce6,어도비(Adobe),5734,2026-08-04 10:24:00,35.748991,127.074138,KR,DEV-f804ce8071
1821,6d422b5f-1b23-4312-bbfc-4ef97e5fc845,24700,MCH-8e35d3c146,김밥천국,5812,2026-08-04 16:35:00,35.756706,127.036526,KR,DEV-f804ce8071
1822,6d422b5f-1b23-4312-bbfc-4ef97e5fc845,182000,MCH-53b4838ce6,어도비(Adobe),5734,2026-08-06 14:24:00,35.747818,127.073402,KR,DEV-f804ce8071
1823,6d422b5f-1b23-4312-bbfc-4ef97e5fc845,299000,MCH-ca5e0a9e0b,AWS,7372,2026-08-06 16:10:00,35.754733,127.061245,KR,DEV-f804ce8071
1824,6d422b5f-1b23-4312-bbfc-4ef97e5fc845,16900,MCH-8e35d3c146,김밥천국,5812,2026-08-07 14:19:00,35.731829,127.057655,KR,DEV-f804ce8071
1825,6d422b5f-1b23-4312-bbfc-4ef97e5fc845,68900,MCH-a5c765e6ce,프리스비,5732,2026-08-09 08:25:00,35.742352,127.064333,KR,DEV-f804ce8071
1826,6d422b5f-1b23-4312-bbfc-4ef97e5fc845,14950,MCH-0d60345572,버스,4111,2026-08-10 13:07:00,35.767863,127.073269,KR,DEV-f804ce8071
1827,6d422b5f-1b23-4312-bbfc-4ef97e5fc845,182000,MCH-ca5e0a9e0b,AWS,7372,2026-08-10 13:38:00,35.733365,127.049094,KR,DEV-f804ce8071
1828,6d422b5f-1b23-4312-bbfc-4ef97e5fc845,182000,MCH-8fff18fdd2,노션,7372,2026-08-10 19:44:00,35.726409,127.047983,KR,DEV-f804ce8071
1829,6d422b5f-1b23-4312-bbfc-4ef97e5fc845,53300,MCH-ba944121a3,무신사,5651,2026-08-11 15:51:00,35.745045,127.067849,KR,DEV-f804ce8071
1830,6d422b5f-1b23-4312-bbfc-4ef97e5fc845,109200,MCH-ba944121a3,무신사,5651,2026-08-13 08:50:00,35.739826,127.063321,KR,DEV-f804ce8071
1831,6d422b5f-1b23-4312-bbfc-4ef97e5fc845,25740,MCH-5df4849ce1,지하철,4111,2026-08-13 14:50:00,35.723075,127.047369,KR,DEV-f804ce8071
1832,6d422b5f-1b23-4312-bbfc-4ef97e5fc845,36400,MCH-493f24c455,쿠팡,5399,2026-08-13 20:15:00,35.753478,127.074908,KR,DEV-f804ce8071
1833,6d422b5f-1b23-4312-bbfc-4ef97e5fc845,93600,MCH-a5c765e6ce,프리스비,5732,2026-08-14 13:25:00,35.716122,127.044986,KR,DEV-f804ce8071
1834,6d422b5f-1b23-4312-bbfc-4ef97e5fc845,377000,MCH-bed94775b8,패스트파이브,7011,2026-08-14 13:50:00,35.74867,127.061444,KR,DEV-f804ce8071
1835,6d422b5f-1b23-4312-bbfc-4ef97e5fc845,37700,MCH-493f24c455,쿠팡,5399,2026-08-15 21:46:00,35.71688,127.036651,KR,DEV-f804ce8071
1836,6d422b5f-1b23-4312-bbfc-4ef97e5fc845,195000,MCH-53b4838ce6,어도비(Adobe),5734,2026-08-16 18:06:00,35.719183,127.033415,KR,DEV-f804ce8071
1837,6d422b5f-1b23-4312-bbfc-4ef97e5fc845,16510,MCH-06553b267c,카카오택시,4121,2026-08-16 19:44:00,35.757945,127.059168,KR,DEV-f804ce8071
1838,6d422b5f-1b23-4312-bbfc-4ef97e5fc845,111800,MCH-e7751d42a2,올리브영,5977,2026-08-17 14:29:00,35.755578,127.058892,KR,DEV-f804ce8071
1839,6d422b5f-1b23-4312-bbfc-4ef97e5fc845,299000,MCH-53b4838ce6,어도비(Adobe),5734,2026-08-18 09:51:00,35.753646,127.042123,KR,DEV-f804ce8071
1840,6d422b5f-1b23-4312-bbfc-4ef97e5fc845,16900,MCH-5df4849ce1,지하철,4111,2026-08-18 17:27:00,35.725627,127.06653,KR,DEV-f804ce8071
1841,6d422b5f-1b23-4312-bbfc-4ef97e5fc845,130000,MCH-e7751d42a2,올리브영,5977,2026-08-18 21:31:00,35.725658,127.048621,KR,DEV-f804ce8071
1842,6d422b5f-1b23-4312-bbfc-4ef97e5fc845,71500,MCH-a5c765e6ce,프리스비,5732,2026-08-19 09:15:00,35.758828,127.080658,KR,DEV-f804ce8071
1843,6d422b5f-1b23-4312-bbfc-4ef97e5fc845,22490,MCH-5b1162a765,KTX,4112,2026-08-19 10:52:00,35.748596,127.06273,KR,DEV-f804ce8071
1844,6d422b5f-1b23-4312-bbfc-4ef97e5fc845,89700,MCH-ba944121a3,무신사,5651,2026-08-20 10:31:00,35.723193,127.051998,KR,DEV-f804ce8071
1845,6d422b5f-1b23-4312-bbfc-4ef97e5fc845,22490,MCH-5b1162a765,KTX,4112,2026-08-21 08:55:00,35.742019,127.038584,KR,DEV-f804ce8071
1846,6e6a5fd4-1133-49f6-95cf-c98871733437,6370,MCH-5b1162a765,KTX,4112,2026-05-25 08:17:00,37.093297,128.975171,KR,DEV-85d28c0fad
1847,6e6a5fd4-1133-49f6-95cf-c98871733437,63700,MCH-a5c765e6ce,프리스비,5732,2026-05-27 13:49:00,37.105602,128.950736,KR,DEV-85d28c0fad
1848,6e6a5fd4-1133-49f6-95cf-c98871733437,104000,MCH-8fff18fdd2,노션,7372,2026-05-27 18:59:00,37.090033,128.940096,KR,DEV-85d28c0fad
1849,6e6a5fd4-1133-49f6-95cf-c98871733437,44200,MCH-ba944121a3,무신사,5651,2026-05-27 19:24:00,37.100834,128.965432,KR,DEV-85d28c0fad
1850,6e6a5fd4-1133-49f6-95cf-c98871733437,370000,MCH-489f756ae2,Steam_Global,5816,2026-05-28 05:26:00,37.105252,128.973535,US,DEV-85d28c0fad
1851,6e6a5fd4-1133-49f6-95cf-c98871733437,42900,MCH-e7751d42a2,올리브영,5977,2026-05-28 10:18:00,37.06985,128.94025,KR,DEV-85d28c0fad
1852,6e6a5fd4-1133-49f6-95cf-c98871733437,27300,MCH-8e35d3c146,김밥천국,5812,2026-05-28 14:06:00,37.105038,128.938817,KR,DEV-85d28c0fad
1853,6e6a5fd4-1133-49f6-95cf-c98871733437,28600,MCH-a5c765e6ce,프리스비,5732,2026-05-29 22:59:00,37.060907,128.965549,KR,DEV-85d28c0fad
1854,6e6a5fd4-1133-49f6-95cf-c98871733437,26000,MCH-8e35d3c146,김밥천국,5812,2026-05-31 17:20:00,37.112065,128.967562,KR,DEV-85d28c0fad
1855,6e6a5fd4-1133-49f6-95cf-c98871733437,29900,MCH-a5c765e6ce,프리스비,5732,2026-05-31 17:23:00,37.073039,128.984311,KR,DEV-85d28c0fad
1856,6e6a5fd4-1133-49f6-95cf-c98871733437,14300,MCH-8e35d3c146,김밥천국,5812,2026-06-02 17:29:00,37.10339,128.988227,KR,DEV-85d28c0fad
1857,6e6a5fd4-1133-49f6-95cf-c98871733437,18850,MCH-06553b267c,카카오택시,4121,2026-06-04 15:56:00,37.066158,128.965245,KR,DEV-85d28c0fad
1858,6e6a5fd4-1133-49f6-95cf-c98871733437,28600,MCH-c563ceac18,맥도날드,5814,2026-06-05 20:04:00,37.103088,128.990016,KR,DEV-85d28c0fad
1859,6e6a5fd4-1133-49f6-95cf-c98871733437,351000,MCH-8fff18fdd2,노션,7372,2026-06-05 20:17:00,37.070292,128.937376,KR,DEV-85d28c0fad
1860,6e6a5fd4-1133-49f6-95cf-c98871733437,11700,MCH-fb4fb59d3a,스타벅스,5814,2026-06-05 21:14:00,37.060598,128.94991,KR,DEV-85d28c0fad
1861,6e6a5fd4-1133-49f6-95cf-c98871733437,23400,MCH-06553b267c,카카오택시,4121,2026-06-06 14:00:00,37.110565,128.943148,KR,DEV-85d28c0fad
1862,6e6a5fd4-1133-49f6-95cf-c98871733437,6630,MCH-06553b267c,카카오택시,4121,2026-06-06 19:58:00,37.070046,128.98529,KR,DEV-85d28c0fad
1863,6e6a5fd4-1133-49f6-95cf-c98871733437,312000,MCH-bed94775b8,패스트파이브,7011,2026-06-08 08:13:00,37.08437,128.981571,KR,DEV-85d28c0fad
1864,6e6a5fd4-1133-49f6-95cf-c98871733437,6240,MCH-5df4849ce1,지하철,4111,2026-06-08 15:26:00,37.082997,128.969838,KR,DEV-85d28c0fad
1865,6e6a5fd4-1133-49f6-95cf-c98871733437,5460,MCH-5df4849ce1,지하철,4111,2026-06-09 09:36:00,37.091844,128.954987,KR,DEV-85d28c0fad
1866,6e6a5fd4-1133-49f6-95cf-c98871733437,169000,MCH-ca5e0a9e0b,AWS,7372,2026-06-09 13:52:00,37.07648,128.966145,KR,DEV-85d28c0fad
1867,6e6a5fd4-1133-49f6-95cf-c98871733437,46800,MCH-493f24c455,쿠팡,5399,2026-06-09 20:27:00,37.077537,128.986305,KR,DEV-85d28c0fad
1868,6e6a5fd4-1133-49f6-95cf-c98871733437,10530,MCH-5b1162a765,KTX,4112,2026-06-10 08:32:00,37.109331,128.963065,KR,DEV-85d28c0fad
1869,6e6a5fd4-1133-49f6-95cf-c98871733437,143000,MCH-ca5e0a9e0b,AWS,7372,2026-06-10 15:24:00,37.107761,128.989036,KR,DEV-85d28c0fad
1870,6e6a5fd4-1133-49f6-95cf-c98871733437,169000,MCH-bed94775b8,패스트파이브,7011,2026-06-10 15:35:00,37.098264,128.975622,KR,DEV-85d28c0fad
1871,6e6a5fd4-1133-49f6-95cf-c98871733437,100100,MCH-493f24c455,쿠팡,5399,2026-06-11 12:39:00,37.090393,128.940815,KR,DEV-85d28c0fad
1872,6e6a5fd4-1133-49f6-95cf-c98871733437,221000,MCH-ca5e0a9e0b,AWS,7372,2026-06-11 17:46:00,37.110706,128.977569,KR,DEV-85d28c0fad
1873,6e6a5fd4-1133-49f6-95cf-c98871733437,29900,MCH-8e35d3c146,김밥천국,5812,2026-06-11 19:46:00,37.067319,128.959658,KR,DEV-85d28c0fad
1874,6e6a5fd4-1133-49f6-95cf-c98871733437,10920,MCH-5b1162a765,KTX,4112,2026-06-12 15:02:00,37.113212,128.951087,KR,DEV-85d28c0fad
1875,6e6a5fd4-1133-49f6-95cf-c98871733437,1100000,MCH-cac2f457b6,금은방_귀금속,5944,2026-06-14 02:35:00,37.071509,128.9478,KR,DEV-85d28c0fad
1876,6e6a5fd4-1133-49f6-95cf-c98871733437,91000,MCH-ca5e0a9e0b,AWS,7372,2026-06-14 10:12:00,37.083593,128.944029,KR,DEV-85d28c0fad
1877,6e6a5fd4-1133-49f6-95cf-c98871733437,20800,MCH-fb4fb59d3a,스타벅스,5814,2026-06-14 22:21:00,37.086835,128.986773,KR,DEV-85d28c0fad
1878,6e6a5fd4-1133-49f6-95cf-c98871733437,120900,MCH-493f24c455,쿠팡,5399,2026-06-15 08:00:00,37.100462,128.98976,KR,DEV-85d28c0fad
1879,6e6a5fd4-1133-49f6-95cf-c98871733437,364000,MCH-bed94775b8,패스트파이브,7011,2026-06-20 19:39:00,37.067764,128.962755,KR,DEV-85d28c0fad
1880,6e6a5fd4-1133-49f6-95cf-c98871733437,338000,MCH-8fff18fdd2,노션,7372,2026-06-22 11:15:00,37.062996,128.98583,KR,DEV-85d28c0fad
1881,6e6a5fd4-1133-49f6-95cf-c98871733437,260000,MCH-bed94775b8,패스트파이브,7011,2026-06-22 12:24:00,37.113717,128.98743,KR,DEV-85d28c0fad
1882,6e6a5fd4-1133-49f6-95cf-c98871733437,91000,MCH-8fff18fdd2,노션,7372,2026-06-24 18:38:00,37.064716,128.941223,KR,DEV-85d28c0fad
1883,6e6a5fd4-1133-49f6-95cf-c98871733437,44200,MCH-e7751d42a2,올리브영,5977,2026-06-25 08:12:00,37.078081,128.943677,KR,DEV-85d28c0fad
1884,6e6a5fd4-1133-49f6-95cf-c98871733437,19500,MCH-c563ceac18,맥도날드,5814,2026-06-25 20:15:00,37.103767,128.971958,KR,DEV-85d28c0fad
1885,6e6a5fd4-1133-49f6-95cf-c98871733437,102700,MCH-493f24c455,쿠팡,5399,2026-06-26 10:58:00,37.104048,128.974208,KR,DEV-85d28c0fad
1886,6e6a5fd4-1133-49f6-95cf-c98871733437,66300,MCH-8fff18fdd2,노션,7372,2026-06-26 17:56:00,36.900945,128.658075,KR,DEV-85d28c0fad
1887,6e6a5fd4-1133-49f6-95cf-c98871733437,16900,MCH-c563ceac18,맥도날드,5814,2026-06-26 22:41:00,37.068273,128.938928,KR,DEV-85d28c0fad
1888,6e6a5fd4-1133-49f6-95cf-c98871733437,221000,MCH-ca5e0a9e0b,AWS,7372,2026-06-27 10:02:00,37.092499,128.97749,KR,DEV-85d28c0fad
1889,6e6a5fd4-1133-49f6-95cf-c98871733437,9100,MCH-ab42b36c0b,배달의민족,5812,2026-06-29 10:39:00,37.072273,128.989851,KR,DEV-85d28c0fad
1890,6e6a5fd4-1133-49f6-95cf-c98871733437,15600,MCH-5df4849ce1,지하철,4111,2026-06-29 12:10:00,37.085532,128.978712,KR,DEV-85d28c0fad
1891,6e6a5fd4-1133-49f6-95cf-c98871733437,325000,MCH-53b4838ce6,어도비(Adobe),5734,2026-06-30 10:50:00,37.078205,128.9657,KR,DEV-85d28c0fad
1892,6e6a5fd4-1133-49f6-95cf-c98871733437,78000,MCH-53b4838ce6,어도비(Adobe),5734,2026-07-01 08:29:00,37.061225,128.972003,KR,DEV-85d28c0fad
1893,6e6a5fd4-1133-49f6-95cf-c98871733437,32500,MCH-493f24c455,쿠팡,5399,2026-07-01 10:35:00,37.072099,128.950324,KR,DEV-85d28c0fad
1894,6e6a5fd4-1133-49f6-95cf-c98871733437,143000,MCH-ca5e0a9e0b,AWS,7372,2026-07-02 22:08:00,37.061859,128.97513,KR,DEV-85d28c0fad
1895,6e6a5fd4-1133-49f6-95cf-c98871733437,234000,MCH-bed94775b8,패스트파이브,7011,2026-07-03 11:54:00,37.107573,128.971437,KR,DEV-85d28c0fad
1896,6e6a5fd4-1133-49f6-95cf-c98871733437,182000,MCH-8fff18fdd2,노션,7372,2026-07-03 14:46:00,37.100876,128.948156,KR,DEV-85d28c0fad
1897,6e6a5fd4-1133-49f6-95cf-c98871733437,65000,MCH-8fff18fdd2,노션,7372,2026-07-03 15:47:00,37.0651,128.937614,KR,DEV-85d28c0fad
1898,6e6a5fd4-1133-49f6-95cf-c98871733437,117000,MCH-bed94775b8,패스트파이브,7011,2026-07-04 12:15:00,37.094092,128.947106,KR,DEV-85d28c0fad
1899,6e6a5fd4-1133-49f6-95cf-c98871733437,130000,MCH-ca5e0a9e0b,AWS,7372,2026-07-04 13:48:00,37.112209,128.940517,KR,DEV-85d28c0fad
1900,6e6a5fd4-1133-49f6-95cf-c98871733437,14040,MCH-06553b267c,카카오택시,4121,2026-07-04 15:46:00,37.061618,128.969651,KR,DEV-85d28c0fad
1901,6e6a5fd4-1133-49f6-95cf-c98871733437,104000,MCH-493f24c455,쿠팡,5399,2026-07-05 14:54:00,37.096376,128.945934,KR,DEV-85d28c0fad
1902,6e6a5fd4-1133-49f6-95cf-c98871733437,299000,MCH-ca5e0a9e0b,AWS,7372,2026-07-06 08:40:00,37.093963,128.961611,KR,DEV-85d28c0fad
1903,6e6a5fd4-1133-49f6-95cf-c98871733437,169000,MCH-ca5e0a9e0b,AWS,7372,2026-07-06 09:59:00,37.11063,128.978361,KR,DEV-85d28c0fad
1904,6e6a5fd4-1133-49f6-95cf-c98871733437,273000,MCH-bed94775b8,패스트파이브,7011,2026-07-06 21:54:00,37.084146,128.989962,KR,DEV-85d28c0fad
1905,6e6a5fd4-1133-49f6-95cf-c98871733437,110500,MCH-ba944121a3,무신사,5651,2026-07-09 10:07:00,37.076885,128.952634,KR,DEV-85d28c0fad
1906,6e6a5fd4-1133-49f6-95cf-c98871733437,19500,MCH-c563ceac18,맥도날드,5814,2026-07-09 21:17:00,37.086386,128.952315,KR,DEV-85d28c0fad
1907,6e6a5fd4-1133-49f6-95cf-c98871733437,390000,MCH-8fff18fdd2,노션,7372,2026-07-10 12:41:00,37.069559,128.988454,KR,DEV-85d28c0fad
1908,6e6a5fd4-1133-49f6-95cf-c98871733437,130000,MCH-8fff18fdd2,노션,7372,2026-07-10 13:16:00,37.083654,128.949691,KR,DEV-85d28c0fad
1909,6e6a5fd4-1133-49f6-95cf-c98871733437,107900,MCH-ba944121a3,무신사,5651,2026-07-12 08:25:00,37.069921,128.939528,KR,DEV-85d28c0fad
1910,6e6a5fd4-1133-49f6-95cf-c98871733437,6500,MCH-c563ceac18,맥도날드,5814,2026-07-12 21:42:00,37.089809,128.940368,KR,DEV-85d28c0fad
1911,6e6a5fd4-1133-49f6-95cf-c98871733437,102700,MCH-e7751d42a2,올리브영,5977,2026-07-12 21:55:00,37.076838,128.954263,KR,DEV-85d28c0fad
1912,6e6a5fd4-1133-49f6-95cf-c98871733437,390000,MCH-53b4838ce6,어도비(Adobe),5734,2026-07-16 19:11:00,37.080316,128.946626,KR,DEV-85d28c0fad
1913,6e6a5fd4-1133-49f6-95cf-c98871733437,32500,MCH-493f24c455,쿠팡,5399,2026-07-18 09:51:00,37.071158,128.968172,KR,DEV-85d28c0fad
1914,6e6a5fd4-1133-49f6-95cf-c98871733437,14300,MCH-fb4fb59d3a,스타벅스,5814,2026-07-18 10:03:00,37.094953,128.963337,KR,DEV-85d28c0fad
1915,6e6a5fd4-1133-49f6-95cf-c98871733437,101400,MCH-a5c765e6ce,프리스비,5732,2026-07-18 10:06:00,37.093301,128.987436,KR,DEV-85d28c0fad
1916,6e6a5fd4-1133-49f6-95cf-c98871733437,10400,MCH-ab42b36c0b,배달의민족,5812,2026-07-20 17:41:00,37.093601,128.976635,KR,DEV-85d28c0fad
1917,6e6a5fd4-1133-49f6-95cf-c98871733437,117000,MCH-bed94775b8,패스트파이브,7011,2026-07-20 20:22:00,37.090246,128.938491,KR,DEV-85d28c0fad
1918,6e6a5fd4-1133-49f6-95cf-c98871733437,117000,MCH-493f24c455,쿠팡,5399,2026-07-20 21:29:00,37.073269,128.976579,KR,DEV-85d28c0fad
1919,6e6a5fd4-1133-49f6-95cf-c98871733437,9100,MCH-fb4fb59d3a,스타벅스,5814,2026-07-21 11:28:00,37.078023,128.955738,KR,DEV-85d28c0fad
1920,6e6a5fd4-1133-49f6-95cf-c98871733437,37700,MCH-c563ceac18,맥도날드,5814,2026-07-21 15:38:00,37.105508,128.964275,KR,DEV-85d28c0fad
1921,6e6a5fd4-1133-49f6-95cf-c98871733437,13000,MCH-8e35d3c146,김밥천국,5812,2026-07-21 16:33:00,37.078512,128.944981,KR,DEV-85d28c0fad
1922,6e6a5fd4-1133-49f6-95cf-c98871733437,37700,MCH-fb4fb59d3a,스타벅스,5814,2026-07-22 17:30:00,37.111366,128.941745,KR,DEV-85d28c0fad
1923,6e6a5fd4-1133-49f6-95cf-c98871733437,169000,MCH-bed94775b8,패스트파이브,7011,2026-07-23 15:31:00,37.07122,128.968228,KR,DEV-85d28c0fad
1924,6e6a5fd4-1133-49f6-95cf-c98871733437,65000,MCH-53b4838ce6,어도비(Adobe),5734,2026-07-24 10:51:00,37.105528,128.938206,KR,DEV-85d28c0fad
1925,6e6a5fd4-1133-49f6-95cf-c98871733437,13000,MCH-8e35d3c146,김밥천국,5812,2026-07-26 10:52:00,37.070753,128.977542,KR,DEV-85d28c0fad
1926,6e6a5fd4-1133-49f6-95cf-c98871733437,32500,MCH-c563ceac18,맥도날드,5814,2026-07-26 12:42:00,37.085421,128.988475,KR,DEV-85d28c0fad
1927,6e6a5fd4-1133-49f6-95cf-c98871733437,91000,MCH-ca5e0a9e0b,AWS,7372,2026-07-28 13:03:00,37.091505,128.989137,KR,DEV-85d28c0fad
1928,6e6a5fd4-1133-49f6-95cf-c98871733437,180000,MCH-fa2d4c28ac,AliExpress_CN,5399,2026-07-28 13:39:00,37.103547,128.972905,UK,DEV-85d28c0fad
1929,6e6a5fd4-1133-49f6-95cf-c98871733437,221000,MCH-8fff18fdd2,노션,7372,2026-07-28 18:30:00,37.101524,128.965837,KR,DEV-85d28c0fad
1930,6e6a5fd4-1133-49f6-95cf-c98871733437,114400,MCH-a5c765e6ce,프리스비,5732,2026-07-29 10:18:00,37.100694,128.942108,KR,DEV-85d28c0fad
1931,6e6a5fd4-1133-49f6-95cf-c98871733437,14300,MCH-fb4fb59d3a,스타벅스,5814,2026-07-29 11:23:00,37.104769,128.957021,KR,DEV-85d28c0fad
1932,6e6a5fd4-1133-49f6-95cf-c98871733437,45500,MCH-e7751d42a2,올리브영,5977,2026-07-29 12:54:00,37.111124,128.979993,KR,DEV-85d28c0fad
1933,6e6a5fd4-1133-49f6-95cf-c98871733437,312000,MCH-bed94775b8,패스트파이브,7011,2026-07-30 20:51:00,37.072171,128.936579,KR,DEV-85d28c0fad
1934,6e6a5fd4-1133-49f6-95cf-c98871733437,20800,MCH-fb4fb59d3a,스타벅스,5814,2026-07-30 22:04:00,37.061094,128.982414,KR,DEV-85d28c0fad
1935,6e6a5fd4-1133-49f6-95cf-c98871733437,20150,MCH-0d60345572,버스,4111,2026-07-31 09:05:00,37.107163,128.969241,KR,DEV-85d28c0fad
1936,6e6a5fd4-1133-49f6-95cf-c98871733437,351000,MCH-bed94775b8,패스트파이브,7011,2026-07-31 20:15:00,37.098869,128.989495,KR,DEV-85d28c0fad
1937,6e6a5fd4-1133-49f6-95cf-c98871733437,50000,MCH-cf62dbb6a8,게임아이템_스토어,7994,2026-07-31 21:07:00,37.107851,128.950953,KR,DEV-85d28c0fad
1938,6e6a5fd4-1133-49f6-95cf-c98871733437,50000,MCH-cf62dbb6a8,게임아이템_스토어,7994,2026-07-31 21:08:00,37.107851,128.950953,KR,DEV-85d28c0fad
1939,6e6a5fd4-1133-49f6-95cf-c98871733437,50000,MCH-cf62dbb6a8,게임아이템_스토어,7994,2026-07-31 21:09:00,37.107851,128.950953,KR,DEV-85d28c0fad
1940,6e6a5fd4-1133-49f6-95cf-c98871733437,39000,MCH-ba944121a3,무신사,5651,2026-08-01 13:30:00,37.10181,128.944431,KR,DEV-85d28c0fad
1941,6e6a5fd4-1133-49f6-95cf-c98871733437,117000,MCH-53b4838ce6,어도비(Adobe),5734,2026-08-01 16:49:00,37.078472,128.976268,KR,DEV-85d28c0fad
1942,6e6a5fd4-1133-49f6-95cf-c98871733437,156000,MCH-ca5e0a9e0b,AWS,7372,2026-08-01 17:23:00,37.08453,128.962658,KR,DEV-85d28c0fad
1943,6e6a5fd4-1133-49f6-95cf-c98871733437,117000,MCH-bed94775b8,패스트파이브,7011,2026-08-02 08:22:00,37.080248,128.951172,KR,DEV-85d28c0fad
1944,6e6a5fd4-1133-49f6-95cf-c98871733437,24180,MCH-06553b267c,카카오택시,4121,2026-08-02 20:38:00,37.07871,128.950059,KR,DEV-85d28c0fad
1945,6e6a5fd4-1133-49f6-95cf-c98871733437,23400,MCH-ab42b36c0b,배달의민족,5812,2026-08-02 20:47:00,37.072533,128.956749,KR,DEV-85d28c0fad
1946,6e6a5fd4-1133-49f6-95cf-c98871733437,23530,MCH-0d60345572,버스,4111,2026-08-04 15:34:00,37.087287,128.942649,KR,DEV-85d28c0fad
1947,6e6a5fd4-1133-49f6-95cf-c98871733437,57200,MCH-e7751d42a2,올리브영,5977,2026-08-05 16:01:00,37.099321,128.94773,KR,DEV-85d28c0fad
1948,6e6a5fd4-1133-49f6-95cf-c98871733437,338000,MCH-bed94775b8,패스트파이브,7011,2026-08-06 10:24:00,37.064198,128.952336,KR,DEV-85d28c0fad
1949,6e6a5fd4-1133-49f6-95cf-c98871733437,26000,MCH-e7751d42a2,올리브영,5977,2026-08-06 15:26:00,37.108555,128.946078,KR,DEV-85d28c0fad
1950,6e6a5fd4-1133-49f6-95cf-c98871733437,338000,MCH-bed94775b8,패스트파이브,7011,2026-08-06 16:25:00,37.09067,128.953991,KR,DEV-85d28c0fad
1951,6e6a5fd4-1133-49f6-95cf-c98871733437,1730000,MCH-cac2f457b6,금은방_귀금속,5944,2026-08-07 05:04:00,37.095539,128.956419,KR,DEV-85d28c0fad
1952,6e6a5fd4-1133-49f6-95cf-c98871733437,234000,MCH-bed94775b8,패스트파이브,7011,2026-08-08 19:08:00,37.071515,128.965675,KR,DEV-85d28c0fad
1953,6e6a5fd4-1133-49f6-95cf-c98871733437,234000,MCH-53b4838ce6,어도비(Adobe),5734,2026-08-09 22:42:00,37.088853,128.975056,KR,DEV-85d28c0fad
1954,6e6a5fd4-1133-49f6-95cf-c98871733437,48100,MCH-a5c765e6ce,프리스비,5732,2026-08-10 08:44:00,37.110859,128.989738,KR,DEV-85d28c0fad
1955,6e6a5fd4-1133-49f6-95cf-c98871733437,33800,MCH-fb4fb59d3a,스타벅스,5814,2026-08-10 16:53:00,37.080286,128.948747,KR,DEV-85d28c0fad
1956,6e6a5fd4-1133-49f6-95cf-c98871733437,312000,MCH-8fff18fdd2,노션,7372,2026-08-11 21:28:00,37.091486,128.976146,KR,DEV-85d28c0fad
1957,6e6a5fd4-1133-49f6-95cf-c98871733437,247000,MCH-bed94775b8,패스트파이브,7011,2026-08-12 08:47:00,37.077246,128.972882,KR,DEV-85d28c0fad
1958,6e6a5fd4-1133-49f6-95cf-c98871733437,169000,MCH-8fff18fdd2,노션,7372,2026-08-12 10:27:00,37.092441,128.961074,KR,DEV-85d28c0fad
1959,6e6a5fd4-1133-49f6-95cf-c98871733437,104000,MCH-bed94775b8,패스트파이브,7011,2026-08-14 09:48:00,37.098429,128.94551,KR,DEV-85d28c0fad
1960,6e6a5fd4-1133-49f6-95cf-c98871733437,94900,MCH-a5c765e6ce,프리스비,5732,2026-08-14 19:13:00,37.070038,128.947381,KR,DEV-85d28c0fad
1961,6e6a5fd4-1133-49f6-95cf-c98871733437,66300,MCH-493f24c455,쿠팡,5399,2026-08-15 12:53:00,37.076178,128.969367,KR,DEV-85d28c0fad
1962,6e6a5fd4-1133-49f6-95cf-c98871733437,104000,MCH-bed94775b8,패스트파이브,7011,2026-08-15 14:10:00,37.095461,128.962519,KR,DEV-85d28c0fad
1963,6e6a5fd4-1133-49f6-95cf-c98871733437,15990,MCH-06553b267c,카카오택시,4121,2026-08-15 17:00:00,37.091454,128.948605,KR,DEV-85d28c0fad
1964,6e6a5fd4-1133-49f6-95cf-c98871733437,104000,MCH-53b4838ce6,어도비(Adobe),5734,2026-08-16 22:17:00,37.108825,128.976399,KR,DEV-85d28c0fad
1965,6e6a5fd4-1133-49f6-95cf-c98871733437,299000,MCH-8fff18fdd2,노션,7372,2026-08-17 11:13:00,37.108267,128.973068,KR,DEV-85d28c0fad
1966,6e6a5fd4-1133-49f6-95cf-c98871733437,93600,MCH-493f24c455,쿠팡,5399,2026-08-17 15:56:00,37.105059,128.9393,KR,DEV-85d28c0fad
1967,6e6a5fd4-1133-49f6-95cf-c98871733437,143000,MCH-bed94775b8,패스트파이브,7011,2026-08-17 15:56:00,37.061303,128.947705,KR,DEV-85d28c0fad
1968,6e6a5fd4-1133-49f6-95cf-c98871733437,28600,MCH-fb4fb59d3a,스타벅스,5814,2026-08-18 11:36:00,37.102556,128.959445,KR,DEV-85d28c0fad
1969,6e6a5fd4-1133-49f6-95cf-c98871733437,39000,MCH-fb4fb59d3a,스타벅스,5814,2026-08-18 15:10:00,37.109816,128.956391,KR,DEV-85d28c0fad
1970,6e6a5fd4-1133-49f6-95cf-c98871733437,76700,MCH-5df4849ce1,지하철,4111,2026-08-18 17:46:00,36.65442,128.966602,KR,DEV-85d28c0fad
1971,6e6a5fd4-1133-49f6-95cf-c98871733437,13000,MCH-8e35d3c146,김밥천국,5812,2026-08-19 16:55:00,37.072413,128.961001,KR,DEV-85d28c0fad
1972,6e6a5fd4-1133-49f6-95cf-c98871733437,28600,MCH-ba944121a3,무신사,5651,2026-08-21 10:53:00,37.062839,128.988726,KR,DEV-85d28c0fad
1973,6e6a5fd4-1133-49f6-95cf-c98871733437,3140000,MCH-cac2f457b6,금은방_귀금속,5944,2026-08-22 05:23:00,37.106699,128.959532,KR,DEV-85d28c0fad
1974,6e6a5fd4-1133-49f6-95cf-c98871733437,65000,MCH-8fff18fdd2,노션,7372,2026-08-22 15:46:00,37.071361,128.962473,KR,DEV-85d28c0fad
1975,6e6a5fd4-1133-49f6-95cf-c98871733437,110500,MCH-a5c765e6ce,프리스비,5732,2026-08-22 18:19:00,37.09517,128.980571,KR,DEV-85d28c0fad
1976,6edfcfbb-392e-493c-a0e2-3123f9b2e5e5,121000,MCH-a5c765e6ce,프리스비,5732,2026-05-25 16:19:00,35.205393,127.258035,KR,DEV-26d7dd160d
1977,6edfcfbb-392e-493c-a0e2-3123f9b2e5e5,101200,MCH-e7751d42a2,올리브영,5977,2026-05-27 08:36:00,35.233437,127.21775,KR,DEV-26d7dd160d
1978,6edfcfbb-392e-493c-a0e2-3123f9b2e5e5,33000,MCH-ba944121a3,무신사,5651,2026-05-27 10:36:00,35.234019,127.238546,KR,DEV-26d7dd160d
1979,6edfcfbb-392e-493c-a0e2-3123f9b2e5e5,528000,MCH-bed94775b8,패스트파이브,7011,2026-05-27 19:46:00,35.232514,127.237141,KR,DEV-26d7dd160d
1980,6edfcfbb-392e-493c-a0e2-3123f9b2e5e5,198000,MCH-ca5e0a9e0b,AWS,7372,2026-05-29 10:01:00,35.229923,127.213393,KR,DEV-26d7dd160d
1981,6edfcfbb-392e-493c-a0e2-3123f9b2e5e5,63800,MCH-ba944121a3,무신사,5651,2026-05-29 11:31:00,35.234441,127.231244,KR,DEV-26d7dd160d
1982,6edfcfbb-392e-493c-a0e2-3123f9b2e5e5,462000,MCH-bed94775b8,패스트파이브,7011,2026-05-31 16:32:00,35.215691,127.238707,KR,DEV-26d7dd160d
1983,6edfcfbb-392e-493c-a0e2-3123f9b2e5e5,41800,MCH-a5c765e6ce,프리스비,5732,2026-05-31 22:02:00,35.228468,127.252566,KR,DEV-26d7dd160d
1984,6edfcfbb-392e-493c-a0e2-3123f9b2e5e5,24200,MCH-fb4fb59d3a,스타벅스,5814,2026-06-01 08:17:00,35.220189,127.227235,KR,DEV-26d7dd160d
1985,6edfcfbb-392e-493c-a0e2-3123f9b2e5e5,17600,MCH-ab42b36c0b,배달의민족,5812,2026-06-01 15:04:00,35.198506,127.226884,KR,DEV-26d7dd160d
1986,6edfcfbb-392e-493c-a0e2-3123f9b2e5e5,220000,MCH-e7751d42a2,올리브영,5977,2026-06-01 16:22:00,35.197117,127.245918,KR,DEV-26d7dd160d
1987,6edfcfbb-392e-493c-a0e2-3123f9b2e5e5,110000,MCH-53b4838ce6,어도비(Adobe),5734,2026-06-02 20:09:00,35.232869,127.236758,KR,DEV-26d7dd160d
1988,6edfcfbb-392e-493c-a0e2-3123f9b2e5e5,57200,MCH-493f24c455,쿠팡,5399,2026-06-03 12:12:00,35.225181,127.237642,KR,DEV-26d7dd160d
1989,6edfcfbb-392e-493c-a0e2-3123f9b2e5e5,55000,MCH-ba944121a3,무신사,5651,2026-06-04 11:43:00,35.230234,127.255198,KR,DEV-26d7dd160d
1990,6edfcfbb-392e-493c-a0e2-3123f9b2e5e5,396000,MCH-bed94775b8,패스트파이브,7011,2026-06-08 15:48:00,35.194242,127.252769,KR,DEV-26d7dd160d
1991,6edfcfbb-392e-493c-a0e2-3123f9b2e5e5,41800,MCH-fb4fb59d3a,스타벅스,5814,2026-06-11 10:46:00,35.192734,127.215687,KR,DEV-26d7dd160d
1992,6edfcfbb-392e-493c-a0e2-3123f9b2e5e5,33000,MCH-8e35d3c146,김밥천국,5812,2026-06-11 11:34:00,35.197306,127.22179,KR,DEV-26d7dd160d
1993,6edfcfbb-392e-493c-a0e2-3123f9b2e5e5,88000,MCH-a5c765e6ce,프리스비,5732,2026-06-11 22:39:00,35.225873,127.234522,KR,DEV-26d7dd160d
1994,6edfcfbb-392e-493c-a0e2-3123f9b2e5e5,74800,MCH-493f24c455,쿠팡,5399,2026-06-12 20:50:00,35.233132,127.249771,KR,DEV-26d7dd160d
1995,6edfcfbb-392e-493c-a0e2-3123f9b2e5e5,19800,MCH-ab42b36c0b,배달의민족,5812,2026-06-15 10:38:00,35.193335,127.224144,KR,DEV-26d7dd160d
1996,6edfcfbb-392e-493c-a0e2-3123f9b2e5e5,220000,MCH-a5c765e6ce,프리스비,5732,2026-06-15 17:38:00,35.189302,127.246033,KR,DEV-26d7dd160d
1997,6edfcfbb-392e-493c-a0e2-3123f9b2e5e5,129800,MCH-e7751d42a2,올리브영,5977,2026-06-15 19:24:00,35.192697,127.251324,KR,DEV-26d7dd160d
1998,6edfcfbb-392e-493c-a0e2-3123f9b2e5e5,110000,MCH-a5c765e6ce,프리스비,5732,2026-06-16 11:27:00,35.2277,127.21829,KR,DEV-26d7dd160d
1999,6edfcfbb-392e-493c-a0e2-3123f9b2e5e5,92400,MCH-a5c765e6ce,프리스비,5732,2026-06-16 21:01:00,35.215447,127.235089,KR,DEV-26d7dd160d
2000,6edfcfbb-392e-493c-a0e2-3123f9b2e5e5,44000,MCH-c563ceac18,맥도날드,5814,2026-06-16 22:03:00,35.189785,127.246062,KR,DEV-26d7dd160d
2001,6edfcfbb-392e-493c-a0e2-3123f9b2e5e5,147400,MCH-493f24c455,쿠팡,5399,2026-06-17 11:08:00,35.224737,127.210534,KR,DEV-26d7dd160d
2002,6edfcfbb-392e-493c-a0e2-3123f9b2e5e5,36960,MCH-5df4849ce1,지하철,4111,2026-06-17 17:03:00,35.211643,127.236056,KR,DEV-26d7dd160d
2003,6edfcfbb-392e-493c-a0e2-3123f9b2e5e5,4180,MCH-06553b267c,카카오택시,4121,2026-06-18 17:23:00,35.22413,127.221349,KR,DEV-26d7dd160d
2004,6edfcfbb-392e-493c-a0e2-3123f9b2e5e5,209000,MCH-a5c765e6ce,프리스비,5732,2026-06-18 18:00:00,35.236823,127.211705,KR,DEV-26d7dd160d
2005,6edfcfbb-392e-493c-a0e2-3123f9b2e5e5,41800,MCH-ab42b36c0b,배달의민족,5812,2026-06-19 14:00:00,35.199317,127.25141,KR,DEV-26d7dd160d
2006,6edfcfbb-392e-493c-a0e2-3123f9b2e5e5,118800,MCH-ba944121a3,무신사,5651,2026-06-19 17:04:00,35.216244,127.247455,KR,DEV-26d7dd160d
2007,6edfcfbb-392e-493c-a0e2-3123f9b2e5e5,151800,MCH-e7751d42a2,올리브영,5977,2026-06-19 21:11:00,35.217633,127.247994,KR,DEV-26d7dd160d
2008,6edfcfbb-392e-493c-a0e2-3123f9b2e5e5,158400,MCH-e7751d42a2,올리브영,5977,2026-06-23 09:09:00,35.21516,127.233857,KR,DEV-26d7dd160d
2009,6edfcfbb-392e-493c-a0e2-3123f9b2e5e5,162800,MCH-493f24c455,쿠팡,5399,2026-06-23 09:12:00,35.232676,127.211767,KR,DEV-26d7dd160d
2010,6edfcfbb-392e-493c-a0e2-3123f9b2e5e5,169400,MCH-493f24c455,쿠팡,5399,2026-06-23 10:27:00,35.19116,127.227467,KR,DEV-26d7dd160d
2011,6edfcfbb-392e-493c-a0e2-3123f9b2e5e5,145200,MCH-a5c765e6ce,프리스비,5732,2026-06-24 10:07:00,35.238165,127.25748,KR,DEV-26d7dd160d
2012,6edfcfbb-392e-493c-a0e2-3123f9b2e5e5,41800,MCH-ab42b36c0b,배달의민족,5812,2026-06-24 14:45:00,35.187074,127.236467,KR,DEV-26d7dd160d
2013,6edfcfbb-392e-493c-a0e2-3123f9b2e5e5,5940,MCH-06553b267c,카카오택시,4121,2026-06-24 21:55:00,35.199058,127.230889,KR,DEV-26d7dd160d
2014,6edfcfbb-392e-493c-a0e2-3123f9b2e5e5,202400,MCH-a5c765e6ce,프리스비,5732,2026-06-25 14:10:00,35.196791,127.236257,KR,DEV-26d7dd160d
2015,6edfcfbb-392e-493c-a0e2-3123f9b2e5e5,25300,MCH-5b1162a765,KTX,4112,2026-06-25 14:52:00,35.235434,127.229674,KR,DEV-26d7dd160d
2016,6edfcfbb-392e-493c-a0e2-3123f9b2e5e5,37400,MCH-ba944121a3,무신사,5651,2026-06-26 08:03:00,35.214092,127.250821,KR,DEV-26d7dd160d
2017,6edfcfbb-392e-493c-a0e2-3123f9b2e5e5,209000,MCH-e7751d42a2,올리브영,5977,2026-06-26 17:01:00,35.207517,127.228922,KR,DEV-26d7dd160d
2018,6edfcfbb-392e-493c-a0e2-3123f9b2e5e5,193600,MCH-e7751d42a2,올리브영,5977,2026-06-28 08:20:00,35.215574,127.250273,KR,DEV-26d7dd160d
2019,6edfcfbb-392e-493c-a0e2-3123f9b2e5e5,50600,MCH-ab42b36c0b,배달의민족,5812,2026-06-28 11:34:00,35.192454,127.219558,KR,DEV-26d7dd160d
2020,6edfcfbb-392e-493c-a0e2-3123f9b2e5e5,103400,MCH-493f24c455,쿠팡,5399,2026-06-28 17:38:00,35.239652,127.209475,KR,DEV-26d7dd160d
2021,6edfcfbb-392e-493c-a0e2-3123f9b2e5e5,550000,MCH-bed94775b8,패스트파이브,7011,2026-06-29 11:41:00,35.218055,127.232779,KR,DEV-26d7dd160d
2022,6edfcfbb-392e-493c-a0e2-3123f9b2e5e5,37400,MCH-8e35d3c146,김밥천국,5812,2026-06-29 17:35:00,35.210774,127.22965,KR,DEV-26d7dd160d
2023,6edfcfbb-392e-493c-a0e2-3123f9b2e5e5,660000,MCH-bed94775b8,패스트파이브,7011,2026-07-01 08:04:00,35.21724,127.255215,KR,DEV-26d7dd160d
2024,6edfcfbb-392e-493c-a0e2-3123f9b2e5e5,440000,MCH-bed94775b8,패스트파이브,7011,2026-07-01 17:17:00,35.193758,127.232133,KR,DEV-26d7dd160d
2025,6edfcfbb-392e-493c-a0e2-3123f9b2e5e5,176000,MCH-a5c765e6ce,프리스비,5732,2026-07-01 18:37:00,35.230648,127.247119,KR,DEV-26d7dd160d
2026,6edfcfbb-392e-493c-a0e2-3123f9b2e5e5,39600,MCH-fb4fb59d3a,스타벅스,5814,2026-07-02 08:53:00,35.230048,127.235138,KR,DEV-26d7dd160d
2027,6edfcfbb-392e-493c-a0e2-3123f9b2e5e5,92400,MCH-493f24c455,쿠팡,5399,2026-07-02 15:03:00,35.20902,127.259327,KR,DEV-26d7dd160d
2028,6edfcfbb-392e-493c-a0e2-3123f9b2e5e5,264000,MCH-53b4838ce6,어도비(Adobe),5734,2026-07-04 13:43:00,35.236052,127.256541,KR,DEV-26d7dd160d
2029,6edfcfbb-392e-493c-a0e2-3123f9b2e5e5,72600,MCH-ba944121a3,무신사,5651,2026-07-04 22:07:00,35.218989,127.233646,KR,DEV-26d7dd160d
2030,6edfcfbb-392e-493c-a0e2-3123f9b2e5e5,506000,MCH-ca5e0a9e0b,AWS,7372,2026-07-05 15:32:00,35.192234,127.257098,KR,DEV-26d7dd160d
2031,6edfcfbb-392e-493c-a0e2-3123f9b2e5e5,217800,MCH-e7751d42a2,올리브영,5977,2026-07-05 16:01:00,35.225245,127.234973,KR,DEV-26d7dd160d
2032,6edfcfbb-392e-493c-a0e2-3123f9b2e5e5,308000,MCH-8fff18fdd2,노션,7372,2026-07-05 16:08:00,35.231756,127.258379,KR,DEV-26d7dd160d
2033,6edfcfbb-392e-493c-a0e2-3123f9b2e5e5,85800,MCH-a5c765e6ce,프리스비,5732,2026-07-08 14:36:00,35.208371,127.223227,KR,DEV-26d7dd160d
2034,6edfcfbb-392e-493c-a0e2-3123f9b2e5e5,77000,MCH-493f24c455,쿠팡,5399,2026-07-08 16:57:00,35.217933,127.210865,KR,DEV-26d7dd160d
2035,6edfcfbb-392e-493c-a0e2-3123f9b2e5e5,107800,MCH-493f24c455,쿠팡,5399,2026-07-09 08:37:00,35.236722,127.24215,KR,DEV-26d7dd160d
2036,6edfcfbb-392e-493c-a0e2-3123f9b2e5e5,418000,MCH-ca5e0a9e0b,AWS,7372,2026-07-09 19:48:00,35.218161,127.228809,KR,DEV-26d7dd160d
2037,6edfcfbb-392e-493c-a0e2-3123f9b2e5e5,23100,MCH-5b1162a765,KTX,4112,2026-07-12 09:49:00,35.229436,127.235822,KR,DEV-26d7dd160d
2038,6edfcfbb-392e-493c-a0e2-3123f9b2e5e5,83600,MCH-ba944121a3,무신사,5651,2026-07-12 12:40:00,35.217141,127.252351,KR,DEV-26d7dd160d
2039,6edfcfbb-392e-493c-a0e2-3123f9b2e5e5,81400,MCH-a5c765e6ce,프리스비,5732,2026-07-12 15:18:00,35.208823,127.232641,KR,DEV-26d7dd160d
2040,6edfcfbb-392e-493c-a0e2-3123f9b2e5e5,11000,MCH-8e35d3c146,김밥천국,5812,2026-07-13 10:35:00,35.200093,127.233578,KR,DEV-26d7dd160d
2041,6edfcfbb-392e-493c-a0e2-3123f9b2e5e5,550000,MCH-ca5e0a9e0b,AWS,7372,2026-07-13 14:17:00,35.206595,127.214557,KR,DEV-26d7dd160d
2042,6edfcfbb-392e-493c-a0e2-3123f9b2e5e5,105600,MCH-a5c765e6ce,프리스비,5732,2026-07-13 22:39:00,35.201033,127.238882,KR,DEV-26d7dd160d
2043,6edfcfbb-392e-493c-a0e2-3123f9b2e5e5,2360000,MCH-cac2f457b6,금은방_귀금속,5944,2026-07-14 05:34:00,35.23804,127.257819,KR,DEV-26d7dd160d
2044,6edfcfbb-392e-493c-a0e2-3123f9b2e5e5,11660,MCH-5b1162a765,KTX,4112,2026-07-15 20:33:00,35.23332,127.213349,KR,DEV-26d7dd160d
2045,6edfcfbb-392e-493c-a0e2-3123f9b2e5e5,147400,MCH-a5c765e6ce,프리스비,5732,2026-07-20 09:14:00,35.226571,127.238335,KR,DEV-26d7dd160d
2046,6edfcfbb-392e-493c-a0e2-3123f9b2e5e5,33000,MCH-ab42b36c0b,배달의민족,5812,2026-07-21 16:32:00,35.204206,127.258947,KR,DEV-26d7dd160d
2047,6edfcfbb-392e-493c-a0e2-3123f9b2e5e5,121000,MCH-ba944121a3,무신사,5651,2026-07-21 18:02:00,35.212523,127.220091,KR,DEV-26d7dd160d
2048,6edfcfbb-392e-493c-a0e2-3123f9b2e5e5,35200,MCH-c563ceac18,맥도날드,5814,2026-07-21 22:17:00,35.203704,127.250787,KR,DEV-26d7dd160d
2049,6edfcfbb-392e-493c-a0e2-3123f9b2e5e5,184800,MCH-493f24c455,쿠팡,5399,2026-07-22 16:58:00,35.189266,127.233799,KR,DEV-26d7dd160d
2050,6edfcfbb-392e-493c-a0e2-3123f9b2e5e5,167200,MCH-ba944121a3,무신사,5651,2026-07-22 22:58:00,35.228312,127.228427,KR,DEV-26d7dd160d
2051,6edfcfbb-392e-493c-a0e2-3123f9b2e5e5,209000,MCH-ba944121a3,무신사,5651,2026-07-23 14:16:00,35.228289,127.25131,KR,DEV-26d7dd160d
2052,6edfcfbb-392e-493c-a0e2-3123f9b2e5e5,195800,MCH-a5c765e6ce,프리스비,5732,2026-07-23 14:44:00,35.219057,127.235022,KR,DEV-26d7dd160d
2053,6edfcfbb-392e-493c-a0e2-3123f9b2e5e5,39600,MCH-ab42b36c0b,배달의민족,5812,2026-07-23 16:54:00,35.215526,127.211157,KR,DEV-26d7dd160d
2054,6edfcfbb-392e-493c-a0e2-3123f9b2e5e5,123200,MCH-493f24c455,쿠팡,5399,2026-07-24 13:37:00,35.213124,127.23658,KR,DEV-26d7dd160d
2055,6edfcfbb-392e-493c-a0e2-3123f9b2e5e5,61600,MCH-c563ceac18,맥도날드,5814,2026-07-24 17:43:00,35.202683,127.24159,KR,DEV-26d7dd160d
2056,6edfcfbb-392e-493c-a0e2-3123f9b2e5e5,594000,MCH-ca5e0a9e0b,AWS,7372,2026-07-24 22:24:00,35.2314,127.248138,KR,DEV-26d7dd160d
2057,6edfcfbb-392e-493c-a0e2-3123f9b2e5e5,70400,MCH-e7751d42a2,올리브영,5977,2026-07-27 12:33:00,35.211978,127.208576,KR,DEV-26d7dd160d
2058,6edfcfbb-392e-493c-a0e2-3123f9b2e5e5,33000,MCH-ab42b36c0b,배달의민족,5812,2026-07-27 13:38:00,35.238483,127.240925,KR,DEV-26d7dd160d
2059,6edfcfbb-392e-493c-a0e2-3123f9b2e5e5,90200,MCH-ba944121a3,무신사,5651,2026-07-27 14:20:00,35.189078,127.25092,KR,DEV-26d7dd160d
2060,6edfcfbb-392e-493c-a0e2-3123f9b2e5e5,189200,MCH-e7751d42a2,올리브영,5977,2026-07-28 17:27:00,35.201589,127.226261,KR,DEV-26d7dd160d
2061,6edfcfbb-392e-493c-a0e2-3123f9b2e5e5,35200,MCH-a5c765e6ce,프리스비,5732,2026-07-28 21:50:00,35.207921,127.223588,KR,DEV-26d7dd160d
2062,6edfcfbb-392e-493c-a0e2-3123f9b2e5e5,39600,MCH-fb4fb59d3a,스타벅스,5814,2026-07-29 10:15:00,35.227248,127.258068,KR,DEV-26d7dd160d
2063,6edfcfbb-392e-493c-a0e2-3123f9b2e5e5,193600,MCH-493f24c455,쿠팡,5399,2026-07-29 15:50:00,35.20542,127.246798,KR,DEV-26d7dd160d
2064,6edfcfbb-392e-493c-a0e2-3123f9b2e5e5,63800,MCH-c563ceac18,맥도날드,5814,2026-07-30 14:21:00,35.207595,127.226528,KR,DEV-26d7dd160d
2065,6edfcfbb-392e-493c-a0e2-3123f9b2e5e5,96800,MCH-e7751d42a2,올리브영,5977,2026-07-30 22:03:00,35.188663,127.227351,KR,DEV-26d7dd160d
2066,6edfcfbb-392e-493c-a0e2-3123f9b2e5e5,140800,MCH-493f24c455,쿠팡,5399,2026-07-31 08:06:00,35.211353,127.227607,KR,DEV-26d7dd160d
2067,6edfcfbb-392e-493c-a0e2-3123f9b2e5e5,48400,MCH-ab42b36c0b,배달의민족,5812,2026-07-31 20:33:00,35.200919,127.259081,KR,DEV-26d7dd160d
2068,6edfcfbb-392e-493c-a0e2-3123f9b2e5e5,27280,MCH-5b1162a765,KTX,4112,2026-07-31 22:30:00,35.195828,127.215373,KR,DEV-26d7dd160d
2069,6edfcfbb-392e-493c-a0e2-3123f9b2e5e5,418000,MCH-8fff18fdd2,노션,7372,2026-08-03 10:45:00,35.205105,127.256228,KR,DEV-26d7dd160d
2070,6edfcfbb-392e-493c-a0e2-3123f9b2e5e5,22000,MCH-fb4fb59d3a,스타벅스,5814,2026-08-03 17:38:00,35.212466,127.236126,KR,DEV-26d7dd160d
2071,6edfcfbb-392e-493c-a0e2-3123f9b2e5e5,72600,MCH-493f24c455,쿠팡,5399,2026-08-03 19:07:00,35.199957,127.21479,KR,DEV-26d7dd160d
2072,6edfcfbb-392e-493c-a0e2-3123f9b2e5e5,136400,MCH-a5c765e6ce,프리스비,5732,2026-08-05 12:32:00,35.226413,127.208519,KR,DEV-26d7dd160d
2073,6edfcfbb-392e-493c-a0e2-3123f9b2e5e5,42460,MCH-0d60345572,버스,4111,2026-08-05 17:46:00,35.2268,127.231796,KR,DEV-26d7dd160d
2074,6edfcfbb-392e-493c-a0e2-3123f9b2e5e5,134200,MCH-e7751d42a2,올리브영,5977,2026-08-06 20:48:00,35.215869,127.246523,KR,DEV-26d7dd160d
2075,6edfcfbb-392e-493c-a0e2-3123f9b2e5e5,198000,MCH-53b4838ce6,어도비(Adobe),5734,2026-08-07 11:09:00,35.193607,127.216557,KR,DEV-26d7dd160d
2076,6edfcfbb-392e-493c-a0e2-3123f9b2e5e5,112200,MCH-e7751d42a2,올리브영,5977,2026-08-07 18:29:00,35.222265,127.229121,KR,DEV-26d7dd160d
2077,6edfcfbb-392e-493c-a0e2-3123f9b2e5e5,48400,MCH-c563ceac18,맥도날드,5814,2026-08-08 16:24:00,35.222411,127.214911,KR,DEV-26d7dd160d
2078,6edfcfbb-392e-493c-a0e2-3123f9b2e5e5,101200,MCH-a5c765e6ce,프리스비,5732,2026-08-08 18:18:00,35.210099,127.254631,KR,DEV-26d7dd160d
2079,6edfcfbb-392e-493c-a0e2-3123f9b2e5e5,206800,MCH-ba944121a3,무신사,5651,2026-08-08 19:52:00,35.214775,127.247289,KR,DEV-26d7dd160d
2080,6edfcfbb-392e-493c-a0e2-3123f9b2e5e5,20460,MCH-5df4849ce1,지하철,4111,2026-08-10 08:02:00,35.193562,127.239656,KR,DEV-26d7dd160d
2081,6edfcfbb-392e-493c-a0e2-3123f9b2e5e5,870000,MCH-96930209b1,Amazon_US,5942,2026-08-10 12:15:00,35.21508,127.249227,US,DEV-26d7dd160d
2082,6edfcfbb-392e-493c-a0e2-3123f9b2e5e5,110000,MCH-a5c765e6ce,프리스비,5732,2026-08-10 12:16:00,35.213528,127.209538,KR,DEV-26d7dd160d
2083,6edfcfbb-392e-493c-a0e2-3123f9b2e5e5,143000,MCH-493f24c455,쿠팡,5399,2026-08-10 15:30:00,35.232395,127.248505,KR,DEV-26d7dd160d
2084,6edfcfbb-392e-493c-a0e2-3123f9b2e5e5,123200,MCH-a5c765e6ce,프리스비,5732,2026-08-10 19:34:00,35.22437,127.216425,KR,DEV-26d7dd160d
2085,6edfcfbb-392e-493c-a0e2-3123f9b2e5e5,200200,MCH-a5c765e6ce,프리스비,5732,2026-08-11 08:19:00,35.216431,127.228924,KR,DEV-26d7dd160d
2086,6edfcfbb-392e-493c-a0e2-3123f9b2e5e5,50600,MCH-e7751d42a2,올리브영,5977,2026-08-11 15:38:00,35.188625,127.234662,KR,DEV-26d7dd160d
2087,6edfcfbb-392e-493c-a0e2-3123f9b2e5e5,26400,MCH-ab42b36c0b,배달의민족,5812,2026-08-11 18:38:00,35.210076,127.248312,KR,DEV-26d7dd160d
2088,6edfcfbb-392e-493c-a0e2-3123f9b2e5e5,182600,MCH-e7751d42a2,올리브영,5977,2026-08-11 19:24:00,35.214741,127.25783,KR,DEV-26d7dd160d
2089,6edfcfbb-392e-493c-a0e2-3123f9b2e5e5,41580,MCH-5b1162a765,KTX,4112,2026-08-12 10:16:00,35.192915,127.231829,KR,DEV-26d7dd160d
2090,6edfcfbb-392e-493c-a0e2-3123f9b2e5e5,103400,MCH-ba944121a3,무신사,5651,2026-08-12 10:17:00,35.187703,127.210759,KR,DEV-26d7dd160d
2091,6edfcfbb-392e-493c-a0e2-3123f9b2e5e5,11000,MCH-8e35d3c146,김밥천국,5812,2026-08-12 14:58:00,35.228564,127.214078,KR,DEV-26d7dd160d
2092,6edfcfbb-392e-493c-a0e2-3123f9b2e5e5,12320,MCH-5b1162a765,KTX,4112,2026-08-12 16:15:00,35.196747,127.236013,KR,DEV-26d7dd160d
2093,6edfcfbb-392e-493c-a0e2-3123f9b2e5e5,11000,MCH-fb4fb59d3a,스타벅스,5814,2026-08-13 09:44:00,35.192057,127.215925,KR,DEV-26d7dd160d
2094,6edfcfbb-392e-493c-a0e2-3123f9b2e5e5,79200,MCH-a5c765e6ce,프리스비,5732,2026-08-13 10:07:00,35.213555,127.208588,KR,DEV-26d7dd160d
2095,6edfcfbb-392e-493c-a0e2-3123f9b2e5e5,41800,MCH-493f24c455,쿠팡,5399,2026-08-14 08:12:00,35.238839,127.223021,KR,DEV-26d7dd160d
2096,6edfcfbb-392e-493c-a0e2-3123f9b2e5e5,112200,MCH-493f24c455,쿠팡,5399,2026-08-14 08:58:00,35.229941,127.216154,KR,DEV-26d7dd160d
2097,6edfcfbb-392e-493c-a0e2-3123f9b2e5e5,140800,MCH-ba944121a3,무신사,5651,2026-08-14 09:00:00,35.188183,127.20753,KR,DEV-26d7dd160d
2098,6edfcfbb-392e-493c-a0e2-3123f9b2e5e5,213400,MCH-a5c765e6ce,프리스비,5732,2026-08-14 09:37:00,35.234261,127.22156,KR,DEV-26d7dd160d
2099,6edfcfbb-392e-493c-a0e2-3123f9b2e5e5,85800,MCH-a5c765e6ce,프리스비,5732,2026-08-14 13:19:00,35.188294,127.232005,KR,DEV-26d7dd160d
2100,6edfcfbb-392e-493c-a0e2-3123f9b2e5e5,396000,MCH-53b4838ce6,어도비(Adobe),5734,2026-08-15 14:57:00,35.23082,127.223833,KR,DEV-26d7dd160d
2101,6edfcfbb-392e-493c-a0e2-3123f9b2e5e5,125400,MCH-e7751d42a2,올리브영,5977,2026-08-15 19:37:00,35.207587,127.215777,KR,DEV-26d7dd160d
2102,6edfcfbb-392e-493c-a0e2-3123f9b2e5e5,154000,MCH-a5c765e6ce,프리스비,5732,2026-08-16 14:35:00,35.218987,127.225772,KR,DEV-26d7dd160d
2103,6edfcfbb-392e-493c-a0e2-3123f9b2e5e5,77000,MCH-ba944121a3,무신사,5651,2026-08-16 14:38:00,35.215678,127.226347,KR,DEV-26d7dd160d
2104,6edfcfbb-392e-493c-a0e2-3123f9b2e5e5,660000,MCH-53b4838ce6,어도비(Adobe),5734,2026-08-16 15:34:00,35.23394,127.25687,KR,DEV-26d7dd160d
2105,6edfcfbb-392e-493c-a0e2-3123f9b2e5e5,638000,MCH-8fff18fdd2,노션,7372,2026-08-16 17:30:00,35.207292,127.250132,KR,DEV-26d7dd160d
2106,6edfcfbb-392e-493c-a0e2-3123f9b2e5e5,154000,MCH-8fff18fdd2,노션,7372,2026-08-16 19:05:00,35.186439,127.240908,KR,DEV-26d7dd160d
2107,6edfcfbb-392e-493c-a0e2-3123f9b2e5e5,198000,MCH-e7751d42a2,올리브영,5977,2026-08-17 14:11:00,35.211966,127.239128,KR,DEV-26d7dd160d
2108,6edfcfbb-392e-493c-a0e2-3123f9b2e5e5,440000,MCH-53b4838ce6,어도비(Adobe),5734,2026-08-17 16:43:00,35.209164,127.235942,KR,DEV-26d7dd160d
2109,6edfcfbb-392e-493c-a0e2-3123f9b2e5e5,594000,MCH-53b4838ce6,어도비(Adobe),5734,2026-08-17 17:15:00,35.23135,127.236695,KR,DEV-26d7dd160d
2110,6edfcfbb-392e-493c-a0e2-3123f9b2e5e5,138600,MCH-a5c765e6ce,프리스비,5732,2026-08-18 08:19:00,35.223655,127.259338,KR,DEV-26d7dd160d
2111,6edfcfbb-392e-493c-a0e2-3123f9b2e5e5,110000,MCH-a5c765e6ce,프리스비,5732,2026-08-19 09:38:00,35.228116,127.211139,KR,DEV-26d7dd160d
2112,6edfcfbb-392e-493c-a0e2-3123f9b2e5e5,169400,MCH-a5c765e6ce,프리스비,5732,2026-08-19 12:24:00,35.210432,127.244085,KR,DEV-26d7dd160d
2113,6edfcfbb-392e-493c-a0e2-3123f9b2e5e5,176000,MCH-e7751d42a2,올리브영,5977,2026-08-19 13:07:00,35.193258,127.209856,KR,DEV-26d7dd160d
2114,6edfcfbb-392e-493c-a0e2-3123f9b2e5e5,136400,MCH-e7751d42a2,올리브영,5977,2026-08-20 15:53:00,35.192863,127.250422,KR,DEV-26d7dd160d
2115,6edfcfbb-392e-493c-a0e2-3123f9b2e5e5,462000,MCH-8fff18fdd2,노션,7372,2026-08-20 17:04:00,35.195303,127.213536,KR,DEV-26d7dd160d
2116,6edfcfbb-392e-493c-a0e2-3123f9b2e5e5,616000,MCH-8fff18fdd2,노션,7372,2026-08-20 19:23:00,35.229581,127.253575,KR,DEV-26d7dd160d
2117,6edfcfbb-392e-493c-a0e2-3123f9b2e5e5,19800,MCH-c563ceac18,맥도날드,5814,2026-08-20 21:55:00,35.202975,127.248054,KR,DEV-26d7dd160d
2118,6edfcfbb-392e-493c-a0e2-3123f9b2e5e5,110000,MCH-8fff18fdd2,노션,7372,2026-08-21 08:05:00,35.218762,127.253888,KR,DEV-26d7dd160d
2119,6edfcfbb-392e-493c-a0e2-3123f9b2e5e5,127600,MCH-a5c765e6ce,프리스비,5732,2026-08-21 14:17:00,35.236442,127.20861,KR,DEV-26d7dd160d
2120,6edfcfbb-392e-493c-a0e2-3123f9b2e5e5,22000,MCH-8e35d3c146,김밥천국,5812,2026-08-21 16:10:00,35.210564,127.217339,KR,DEV-26d7dd160d
2121,6edfcfbb-392e-493c-a0e2-3123f9b2e5e5,15400,MCH-8e35d3c146,김밥천국,5812,2026-08-22 14:59:00,35.224495,127.218912,KR,DEV-26d7dd160d
2122,6edfcfbb-392e-493c-a0e2-3123f9b2e5e5,13200,MCH-fb4fb59d3a,스타벅스,5814,2026-08-22 20:22:00,35.236071,127.247672,KR,DEV-26d7dd160d
2123,727eadc6-6e21-47c1-9f4e-69bdde402a7f,11200,MCH-c563ceac18,맥도날드,5814,2026-05-25 10:15:00,35.274415,126.75091,KR,DEV-4d0b3c57a3
2124,727eadc6-6e21-47c1-9f4e-69bdde402a7f,18200,MCH-fb4fb59d3a,스타벅스,5814,2026-05-25 18:20:00,35.261638,126.760119,KR,DEV-4d0b3c57a3
2125,727eadc6-6e21-47c1-9f4e-69bdde402a7f,14000,MCH-fb4fb59d3a,스타벅스,5814,2026-05-25 20:53:00,35.249915,126.757686,KR,DEV-4d0b3c57a3
2126,727eadc6-6e21-47c1-9f4e-69bdde402a7f,11060,MCH-0d60345572,버스,4111,2026-05-26 15:39:00,35.243769,126.741276,KR,DEV-4d0b3c57a3
2127,727eadc6-6e21-47c1-9f4e-69bdde402a7f,9800,MCH-c563ceac18,맥도날드,5814,2026-05-26 18:27:00,35.258154,126.730038,KR,DEV-4d0b3c57a3
2128,727eadc6-6e21-47c1-9f4e-69bdde402a7f,14699,MCH-fb4fb59d3a,스타벅스,5814,2026-05-26 21:02:00,35.250285,126.75727,KR,DEV-4d0b3c57a3
2129,727eadc6-6e21-47c1-9f4e-69bdde402a7f,11900,MCH-ab42b36c0b,배달의민족,5812,2026-05-28 11:22:00,35.263347,126.743645,KR,DEV-4d0b3c57a3
2130,727eadc6-6e21-47c1-9f4e-69bdde402a7f,9800,MCH-fb4fb59d3a,스타벅스,5814,2026-05-30 08:57:00,35.22423,126.764606,KR,DEV-4d0b3c57a3
2131,727eadc6-6e21-47c1-9f4e-69bdde402a7f,4830,MCH-06553b267c,카카오택시,4121,2026-05-30 09:29:00,35.25171,126.724401,KR,DEV-4d0b3c57a3
2132,727eadc6-6e21-47c1-9f4e-69bdde402a7f,14000,MCH-c563ceac18,맥도날드,5814,2026-05-30 11:36:00,35.271622,126.753273,KR,DEV-4d0b3c57a3
2133,727eadc6-6e21-47c1-9f4e-69bdde402a7f,1819,MCH-5b1162a765,KTX,4112,2026-05-31 10:09:00,35.276743,126.759444,KR,DEV-4d0b3c57a3
2134,727eadc6-6e21-47c1-9f4e-69bdde402a7f,77000,MCH-8fff18fdd2,노션,7372,2026-05-31 22:41:00,35.256996,126.72872,KR,DEV-4d0b3c57a3
2135,727eadc6-6e21-47c1-9f4e-69bdde402a7f,1650000,MCH-9449f2d5d1,중고거래_송금,6051,2026-06-01 03:04:00,35.260821,126.717023,KR,DEV-4d0b3c57a3
2136,727eadc6-6e21-47c1-9f4e-69bdde402a7f,9730,MCH-5df4849ce1,지하철,4111,2026-06-01 12:38:00,35.22394,126.75928,KR,DEV-4d0b3c57a3
2137,727eadc6-6e21-47c1-9f4e-69bdde402a7f,3010,MCH-06553b267c,카카오택시,4121,2026-06-03 11:02:00,35.230258,126.768578,KR,DEV-4d0b3c57a3
2138,727eadc6-6e21-47c1-9f4e-69bdde402a7f,35700,MCH-ba944121a3,무신사,5651,2026-06-03 16:18:00,35.252411,126.723811,KR,DEV-4d0b3c57a3
2139,727eadc6-6e21-47c1-9f4e-69bdde402a7f,4900,MCH-c563ceac18,맥도날드,5814,2026-06-03 16:54:00,35.254204,126.720628,KR,DEV-4d0b3c57a3
2140,727eadc6-6e21-47c1-9f4e-69bdde402a7f,8890,MCH-0d60345572,버스,4111,2026-06-04 19:09:00,35.26088,126.718407,KR,DEV-4d0b3c57a3
2141,727eadc6-6e21-47c1-9f4e-69bdde402a7f,10500,MCH-c563ceac18,맥도날드,5814,2026-06-06 21:16:00,35.262571,126.717129,KR,DEV-4d0b3c57a3
2142,727eadc6-6e21-47c1-9f4e-69bdde402a7f,10080,MCH-0d60345572,버스,4111,2026-06-07 09:14:00,35.27212,126.717814,KR,DEV-4d0b3c57a3
2143,727eadc6-6e21-47c1-9f4e-69bdde402a7f,2240,MCH-5b1162a765,KTX,4112,2026-06-07 21:15:00,35.233892,126.750332,KR,DEV-4d0b3c57a3
2144,727eadc6-6e21-47c1-9f4e-69bdde402a7f,570000,MCH-fa2d4c28ac,AliExpress_CN,5399,2026-06-08 01:09:00,35.262332,126.753903,US,DEV-4d0b3c57a3
2145,727eadc6-6e21-47c1-9f4e-69bdde402a7f,12600,MCH-fb4fb59d3a,스타벅스,5814,2026-06-08 16:34:00,35.231136,126.766882,KR,DEV-4d0b3c57a3
2146,727eadc6-6e21-47c1-9f4e-69bdde402a7f,9170,MCH-5df4849ce1,지하철,4111,2026-06-14 16:56:00,35.242044,126.768168,KR,DEV-4d0b3c57a3
2147,727eadc6-6e21-47c1-9f4e-69bdde402a7f,5250,MCH-5b1162a765,KTX,4112,2026-06-14 18:31:00,35.25824,126.730033,KR,DEV-4d0b3c57a3
2148,727eadc6-6e21-47c1-9f4e-69bdde402a7f,9100,MCH-8e35d3c146,김밥천국,5812,2026-06-14 22:10:00,35.231193,126.749201,KR,DEV-4d0b3c57a3
2149,727eadc6-6e21-47c1-9f4e-69bdde402a7f,8189,MCH-5df4849ce1,지하철,4111,2026-06-16 10:53:00,35.248248,126.753179,KR,DEV-4d0b3c57a3
2150,727eadc6-6e21-47c1-9f4e-69bdde402a7f,196000,MCH-bed94775b8,패스트파이브,7011,2026-06-16 15:28:00,35.234636,126.736699,KR,DEV-4d0b3c57a3
2151,727eadc6-6e21-47c1-9f4e-69bdde402a7f,14000,MCH-c563ceac18,맥도날드,5814,2026-06-17 09:34:00,35.245452,126.749575,KR,DEV-4d0b3c57a3
2152,727eadc6-6e21-47c1-9f4e-69bdde402a7f,32199,MCH-a5c765e6ce,프리스비,5732,2026-06-17 11:45:00,35.241009,126.736325,KR,DEV-4d0b3c57a3
2153,727eadc6-6e21-47c1-9f4e-69bdde402a7f,51800,MCH-e7751d42a2,올리브영,5977,2026-06-17 16:55:00,35.233906,126.761986,KR,DEV-4d0b3c57a3
2154,727eadc6-6e21-47c1-9f4e-69bdde402a7f,4900,MCH-5df4849ce1,지하철,4111,2026-06-18 13:35:00,35.275048,126.761797,KR,DEV-4d0b3c57a3
2155,727eadc6-6e21-47c1-9f4e-69bdde402a7f,1470,MCH-5b1162a765,KTX,4112,2026-06-18 19:13:00,35.259044,126.765419,KR,DEV-4d0b3c57a3
2156,727eadc6-6e21-47c1-9f4e-69bdde402a7f,16099,MCH-8e35d3c146,김밥천국,5812,2026-06-19 20:51:00,35.26371,126.745216,KR,DEV-4d0b3c57a3
2157,727eadc6-6e21-47c1-9f4e-69bdde402a7f,21000,MCH-fb4fb59d3a,스타벅스,5814,2026-06-20 09:05:00,35.252067,126.748715,KR,DEV-4d0b3c57a3
2158,727eadc6-6e21-47c1-9f4e-69bdde402a7f,38500,MCH-ba944121a3,무신사,5651,2026-06-20 17:59:00,35.236668,126.754681,KR,DEV-4d0b3c57a3
2159,727eadc6-6e21-47c1-9f4e-69bdde402a7f,840000,MCH-fb4fb59d3a,스타벅스,5814,2026-06-20 22:57:00,35.273126,126.761762,KR,DEV-4d0b3c57a3
2160,727eadc6-6e21-47c1-9f4e-69bdde402a7f,11480,MCH-0d60345572,버스,4111,2026-06-21 22:53:00,35.240012,126.718333,KR,DEV-4d0b3c57a3
2161,727eadc6-6e21-47c1-9f4e-69bdde402a7f,13580,MCH-5b1162a765,KTX,4112,2026-06-22 12:44:00,35.256808,126.72332,KR,DEV-4d0b3c57a3
2162,727eadc6-6e21-47c1-9f4e-69bdde402a7f,3919,MCH-5df4849ce1,지하철,4111,2026-06-22 14:07:00,35.239049,126.72025,KR,DEV-4d0b3c57a3
2163,727eadc6-6e21-47c1-9f4e-69bdde402a7f,3430,MCH-06553b267c,카카오택시,4121,2026-06-23 22:24:00,35.259272,126.722691,KR,DEV-4d0b3c57a3
2164,727eadc6-6e21-47c1-9f4e-69bdde402a7f,40600,MCH-e7751d42a2,올리브영,5977,2026-06-24 09:56:00,35.22446,126.741346,KR,DEV-4d0b3c57a3
2165,727eadc6-6e21-47c1-9f4e-69bdde402a7f,62299,MCH-ba944121a3,무신사,5651,2026-06-24 17:11:00,35.224466,126.75196,KR,DEV-4d0b3c57a3
2166,727eadc6-6e21-47c1-9f4e-69bdde402a7f,20300,MCH-a5c765e6ce,프리스비,5732,2026-06-24 22:50:00,35.232967,126.748495,KR,DEV-4d0b3c57a3
2167,727eadc6-6e21-47c1-9f4e-69bdde402a7f,112000,MCH-53b4838ce6,어도비(Adobe),5734,2026-06-25 17:51:00,35.240722,126.753218,KR,DEV-4d0b3c57a3
2168,727eadc6-6e21-47c1-9f4e-69bdde402a7f,10500,MCH-8e35d3c146,김밥천국,5812,2026-06-26 08:17:00,35.25849,126.75263,KR,DEV-4d0b3c57a3
2169,727eadc6-6e21-47c1-9f4e-69bdde402a7f,9800,MCH-06553b267c,카카오택시,4121,2026-06-26 13:57:00,35.243128,126.728424,KR,DEV-4d0b3c57a3
2170,727eadc6-6e21-47c1-9f4e-69bdde402a7f,6300,MCH-fb4fb59d3a,스타벅스,5814,2026-06-26 21:59:00,35.264455,126.739525,KR,DEV-4d0b3c57a3
2171,727eadc6-6e21-47c1-9f4e-69bdde402a7f,39900,MCH-ba944121a3,무신사,5651,2026-06-28 13:51:00,35.243928,126.716709,KR,DEV-4d0b3c57a3
2172,727eadc6-6e21-47c1-9f4e-69bdde402a7f,889000,MCH-c563ceac18,맥도날드,5814,2026-06-29 09:09:00,35.230334,126.755957,KR,DEV-4d0b3c57a3
2173,727eadc6-6e21-47c1-9f4e-69bdde402a7f,53900,MCH-a5c765e6ce,프리스비,5732,2026-06-29 12:17:00,35.24188,126.765732,KR,DEV-4d0b3c57a3
2174,727eadc6-6e21-47c1-9f4e-69bdde402a7f,56000,MCH-e7751d42a2,올리브영,5977,2026-06-29 22:07:00,35.247704,126.751078,KR,DEV-4d0b3c57a3
2175,727eadc6-6e21-47c1-9f4e-69bdde402a7f,16800,MCH-ab42b36c0b,배달의민족,5812,2026-06-30 09:09:00,35.270073,126.715285,KR,DEV-4d0b3c57a3
2176,727eadc6-6e21-47c1-9f4e-69bdde402a7f,13650,MCH-06553b267c,카카오택시,4121,2026-07-01 10:12:00,35.241273,126.750707,KR,DEV-4d0b3c57a3
2177,727eadc6-6e21-47c1-9f4e-69bdde402a7f,10500,MCH-493f24c455,쿠팡,5399,2026-07-01 14:50:00,35.273471,126.724795,KR,DEV-4d0b3c57a3
2178,727eadc6-6e21-47c1-9f4e-69bdde402a7f,9520,MCH-5df4849ce1,지하철,4111,2026-07-01 21:12:00,35.23475,126.75352,KR,DEV-4d0b3c57a3
2179,727eadc6-6e21-47c1-9f4e-69bdde402a7f,3770000,MCH-cac2f457b6,금은방_귀금속,5944,2026-07-02 03:44:00,35.232892,126.725452,KR,DEV-4d0b3c57a3
2180,727eadc6-6e21-47c1-9f4e-69bdde402a7f,49700,MCH-493f24c455,쿠팡,5399,2026-07-02 10:32:00,35.233445,126.730335,KR,DEV-4d0b3c57a3
2181,727eadc6-6e21-47c1-9f4e-69bdde402a7f,24500,MCH-a5c765e6ce,프리스비,5732,2026-07-02 14:40:00,35.264558,126.724937,KR,DEV-4d0b3c57a3
2182,727eadc6-6e21-47c1-9f4e-69bdde402a7f,15399,MCH-493f24c455,쿠팡,5399,2026-07-03 09:31:00,35.275719,126.728368,KR,DEV-4d0b3c57a3
2183,727eadc6-6e21-47c1-9f4e-69bdde402a7f,5320,MCH-0d60345572,버스,4111,2026-07-03 16:00:00,35.250774,126.730191,KR,DEV-4d0b3c57a3
2184,727eadc6-6e21-47c1-9f4e-69bdde402a7f,60899,MCH-493f24c455,쿠팡,5399,2026-07-05 12:46:00,35.242926,126.751579,KR,DEV-4d0b3c57a3
2185,727eadc6-6e21-47c1-9f4e-69bdde402a7f,10500,MCH-fb4fb59d3a,스타벅스,5814,2026-07-05 17:49:00,35.264708,126.753473,KR,DEV-4d0b3c57a3
2186,727eadc6-6e21-47c1-9f4e-69bdde402a7f,6370,MCH-5b1162a765,KTX,4112,2026-07-05 20:31:00,35.247754,126.754882,KR,DEV-4d0b3c57a3
2187,727eadc6-6e21-47c1-9f4e-69bdde402a7f,6860,MCH-5b1162a765,KTX,4112,2026-07-06 22:50:00,35.232606,126.752108,KR,DEV-4d0b3c57a3
2188,727eadc6-6e21-47c1-9f4e-69bdde402a7f,7559,MCH-5b1162a765,KTX,4112,2026-07-07 08:27:00,35.240507,126.768265,KR,DEV-4d0b3c57a3
2189,727eadc6-6e21-47c1-9f4e-69bdde402a7f,12600,MCH-8e35d3c146,김밥천국,5812,2026-07-07 08:55:00,35.271986,126.739206,KR,DEV-4d0b3c57a3
2190,727eadc6-6e21-47c1-9f4e-69bdde402a7f,4900,MCH-5df4849ce1,지하철,4111,2026-07-07 09:01:00,35.259158,126.724103,KR,DEV-4d0b3c57a3
2191,727eadc6-6e21-47c1-9f4e-69bdde402a7f,8400,MCH-ab42b36c0b,배달의민족,5812,2026-07-08 11:31:00,35.234077,126.741646,KR,DEV-4d0b3c57a3
2192,727eadc6-6e21-47c1-9f4e-69bdde402a7f,112000,MCH-53b4838ce6,어도비(Adobe),5734,2026-07-09 09:04:00,35.274594,126.723403,KR,DEV-4d0b3c57a3
2193,727eadc6-6e21-47c1-9f4e-69bdde402a7f,21000,MCH-8e35d3c146,김밥천국,5812,2026-07-09 11:26:00,35.26155,126.747619,KR,DEV-4d0b3c57a3
2194,727eadc6-6e21-47c1-9f4e-69bdde402a7f,18200,MCH-ab42b36c0b,배달의민족,5812,2026-07-09 17:27:00,35.275109,126.7489,KR,DEV-4d0b3c57a3
2195,727eadc6-6e21-47c1-9f4e-69bdde402a7f,43400,MCH-a5c765e6ce,프리스비,5732,2026-07-10 17:30:00,35.241825,126.734945,KR,DEV-4d0b3c57a3
2196,727eadc6-6e21-47c1-9f4e-69bdde402a7f,13510,MCH-0d60345572,버스,4111,2026-07-11 11:57:00,35.265917,126.744764,KR,DEV-4d0b3c57a3
2197,727eadc6-6e21-47c1-9f4e-69bdde402a7f,189000,MCH-ca5e0a9e0b,AWS,7372,2026-07-11 17:39:00,35.240783,126.748963,KR,DEV-4d0b3c57a3
2198,727eadc6-6e21-47c1-9f4e-69bdde402a7f,67200,MCH-e7751d42a2,올리브영,5977,2026-07-11 22:57:00,35.23669,126.765822,KR,DEV-4d0b3c57a3
2199,727eadc6-6e21-47c1-9f4e-69bdde402a7f,7909,MCH-06553b267c,카카오택시,4121,2026-07-12 20:09:00,35.248779,126.715812,KR,DEV-4d0b3c57a3
2200,727eadc6-6e21-47c1-9f4e-69bdde402a7f,52500,MCH-493f24c455,쿠팡,5399,2026-07-14 11:14:00,35.238317,126.722498,KR,DEV-4d0b3c57a3
2201,727eadc6-6e21-47c1-9f4e-69bdde402a7f,5880,MCH-5df4849ce1,지하철,4111,2026-07-14 13:31:00,35.241074,126.75935,KR,DEV-4d0b3c57a3
2202,727eadc6-6e21-47c1-9f4e-69bdde402a7f,11900,MCH-8e35d3c146,김밥천국,5812,2026-07-14 20:12:00,35.271544,126.766562,KR,DEV-4d0b3c57a3
2203,727eadc6-6e21-47c1-9f4e-69bdde402a7f,6300,MCH-06553b267c,카카오택시,4121,2026-07-15 19:03:00,35.258297,126.766533,KR,DEV-4d0b3c57a3
2204,727eadc6-6e21-47c1-9f4e-69bdde402a7f,6370,MCH-06553b267c,카카오택시,4121,2026-07-16 12:13:00,35.250637,126.728182,KR,DEV-4d0b3c57a3
2205,727eadc6-6e21-47c1-9f4e-69bdde402a7f,15399,MCH-8e35d3c146,김밥천국,5812,2026-07-18 10:38:00,35.248519,126.763943,KR,DEV-4d0b3c57a3
2206,727eadc6-6e21-47c1-9f4e-69bdde402a7f,10500,MCH-fb4fb59d3a,스타벅스,5814,2026-07-18 16:30:00,35.255089,126.732213,KR,DEV-4d0b3c57a3
2207,727eadc6-6e21-47c1-9f4e-69bdde402a7f,13650,MCH-5df4849ce1,지하철,4111,2026-07-18 17:29:00,35.240365,126.765407,KR,DEV-4d0b3c57a3
2208,727eadc6-6e21-47c1-9f4e-69bdde402a7f,14699,MCH-fb4fb59d3a,스타벅스,5814,2026-07-19 08:46:00,35.264497,126.749554,KR,DEV-4d0b3c57a3
2209,727eadc6-6e21-47c1-9f4e-69bdde402a7f,8119,MCH-0d60345572,버스,4111,2026-07-19 10:20:00,35.243659,126.71614,KR,DEV-4d0b3c57a3
2210,727eadc6-6e21-47c1-9f4e-69bdde402a7f,18900,MCH-c563ceac18,맥도날드,5814,2026-07-20 11:05:00,35.273492,126.722327,KR,DEV-4d0b3c57a3
2211,727eadc6-6e21-47c1-9f4e-69bdde402a7f,13300,MCH-c563ceac18,맥도날드,5814,2026-07-21 10:07:00,35.260932,126.744391,KR,DEV-4d0b3c57a3
2212,727eadc6-6e21-47c1-9f4e-69bdde402a7f,10430,MCH-06553b267c,카카오택시,4121,2026-07-21 14:41:00,35.245692,126.75535,KR,DEV-4d0b3c57a3
2213,727eadc6-6e21-47c1-9f4e-69bdde402a7f,14000,MCH-c563ceac18,맥도날드,5814,2026-07-22 08:02:00,35.226442,126.751711,KR,DEV-4d0b3c57a3
2214,727eadc6-6e21-47c1-9f4e-69bdde402a7f,105000,MCH-8fff18fdd2,노션,7372,2026-07-22 14:48:00,35.235963,126.723014,KR,DEV-4d0b3c57a3
2215,727eadc6-6e21-47c1-9f4e-69bdde402a7f,990000,MCH-489f756ae2,Steam_Global,5816,2026-07-23 13:35:00,35.264767,126.741371,US,DEV-4d0b3c57a3
2216,727eadc6-6e21-47c1-9f4e-69bdde402a7f,6300,MCH-c563ceac18,맥도날드,5814,2026-07-23 16:00:00,35.243285,126.763336,KR,DEV-4d0b3c57a3
2217,727eadc6-6e21-47c1-9f4e-69bdde402a7f,7279,MCH-06553b267c,카카오택시,4121,2026-07-23 19:05:00,35.255261,126.726052,KR,DEV-4d0b3c57a3
2218,727eadc6-6e21-47c1-9f4e-69bdde402a7f,39900,MCH-e7751d42a2,올리브영,5977,2026-07-24 11:20:00,35.243619,126.73576,KR,DEV-4d0b3c57a3
2219,727eadc6-6e21-47c1-9f4e-69bdde402a7f,11830,MCH-5b1162a765,KTX,4112,2026-07-24 18:42:00,35.24461,126.749924,KR,DEV-4d0b3c57a3
2220,727eadc6-6e21-47c1-9f4e-69bdde402a7f,56000,MCH-a5c765e6ce,프리스비,5732,2026-07-25 08:19:00,35.235809,126.762883,KR,DEV-4d0b3c57a3
2221,727eadc6-6e21-47c1-9f4e-69bdde402a7f,11200,MCH-ab42b36c0b,배달의민족,5812,2026-07-25 15:03:00,35.239528,126.752048,KR,DEV-4d0b3c57a3
2222,727eadc6-6e21-47c1-9f4e-69bdde402a7f,7699,MCH-c563ceac18,맥도날드,5814,2026-07-25 20:36:00,35.229479,126.735707,KR,DEV-4d0b3c57a3
2223,727eadc6-6e21-47c1-9f4e-69bdde402a7f,9240,MCH-0d60345572,버스,4111,2026-07-26 14:38:00,35.234541,126.765942,KR,DEV-4d0b3c57a3
2224,727eadc6-6e21-47c1-9f4e-69bdde402a7f,17500,MCH-c563ceac18,맥도날드,5814,2026-07-27 11:27:00,35.254096,126.723385,KR,DEV-4d0b3c57a3
2225,727eadc6-6e21-47c1-9f4e-69bdde402a7f,35000,MCH-8fff18fdd2,노션,7372,2026-07-27 12:28:00,35.269478,126.748238,KR,DEV-4d0b3c57a3
2226,727eadc6-6e21-47c1-9f4e-69bdde402a7f,16800,MCH-a5c765e6ce,프리스비,5732,2026-07-27 17:06:00,35.255643,126.757737,KR,DEV-4d0b3c57a3
2227,727eadc6-6e21-47c1-9f4e-69bdde402a7f,37100,MCH-493f24c455,쿠팡,5399,2026-07-28 10:16:00,35.245954,126.715974,KR,DEV-4d0b3c57a3
2228,727eadc6-6e21-47c1-9f4e-69bdde402a7f,175000,MCH-53b4838ce6,어도비(Adobe),5734,2026-07-28 19:43:00,35.273779,126.767914,KR,DEV-4d0b3c57a3
2229,727eadc6-6e21-47c1-9f4e-69bdde402a7f,5880,MCH-0d60345572,버스,4111,2026-07-29 08:44:00,35.229473,126.753943,KR,DEV-4d0b3c57a3
2230,727eadc6-6e21-47c1-9f4e-69bdde402a7f,18200,MCH-8e35d3c146,김밥천국,5812,2026-07-29 14:01:00,35.226808,126.752159,KR,DEV-4d0b3c57a3
2231,727eadc6-6e21-47c1-9f4e-69bdde402a7f,61599,MCH-fb4fb59d3a,스타벅스,5814,2026-07-29 22:02:00,35.246765,126.739937,KR,DEV-289027d5e7
2232,727eadc6-6e21-47c1-9f4e-69bdde402a7f,7699,MCH-ab42b36c0b,배달의민족,5812,2026-07-30 11:44:00,35.262245,126.725721,KR,DEV-4d0b3c57a3
2233,727eadc6-6e21-47c1-9f4e-69bdde402a7f,154000,MCH-bed94775b8,패스트파이브,7011,2026-07-30 19:31:00,35.223492,126.749909,KR,DEV-4d0b3c57a3
2234,727eadc6-6e21-47c1-9f4e-69bdde402a7f,6230,MCH-0d60345572,버스,4111,2026-08-02 10:52:00,35.23279,126.736482,KR,DEV-4d0b3c57a3
2235,727eadc6-6e21-47c1-9f4e-69bdde402a7f,2590,MCH-5b1162a765,KTX,4112,2026-08-02 17:16:00,35.271464,126.751289,KR,DEV-4d0b3c57a3
2236,727eadc6-6e21-47c1-9f4e-69bdde402a7f,105000,MCH-ca5e0a9e0b,AWS,7372,2026-08-02 19:40:00,35.252824,126.734941,KR,DEV-4d0b3c57a3
2237,727eadc6-6e21-47c1-9f4e-69bdde402a7f,1750,MCH-5df4849ce1,지하철,4111,2026-08-03 13:32:00,35.258277,126.73913,KR,DEV-4d0b3c57a3
2238,727eadc6-6e21-47c1-9f4e-69bdde402a7f,21000,MCH-c563ceac18,맥도날드,5814,2026-08-03 17:08:00,35.276507,126.722605,KR,DEV-4d0b3c57a3
2239,727eadc6-6e21-47c1-9f4e-69bdde402a7f,147000,MCH-53b4838ce6,어도비(Adobe),5734,2026-08-04 09:36:00,35.244811,126.759274,KR,DEV-4d0b3c57a3
2240,727eadc6-6e21-47c1-9f4e-69bdde402a7f,130000,MCH-cf62dbb6a8,게임아이템_스토어,7994,2026-08-04 18:10:00,35.263371,126.751738,KR,DEV-4d0b3c57a3
2241,727eadc6-6e21-47c1-9f4e-69bdde402a7f,130000,MCH-cf62dbb6a8,게임아이템_스토어,7994,2026-08-04 18:11:00,35.263371,126.751738,KR,DEV-4d0b3c57a3
2242,727eadc6-6e21-47c1-9f4e-69bdde402a7f,130000,MCH-cf62dbb6a8,게임아이템_스토어,7994,2026-08-04 18:12:00,35.263371,126.751738,KR,DEV-4d0b3c57a3
2243,727eadc6-6e21-47c1-9f4e-69bdde402a7f,30099,MCH-493f24c455,쿠팡,5399,2026-08-05 18:41:00,35.254577,126.755295,KR,DEV-4d0b3c57a3
2244,727eadc6-6e21-47c1-9f4e-69bdde402a7f,10360,MCH-5b1162a765,KTX,4112,2026-08-05 18:52:00,35.240981,126.759979,KR,DEV-4d0b3c57a3
2245,727eadc6-6e21-47c1-9f4e-69bdde402a7f,23100,MCH-ba944121a3,무신사,5651,2026-08-06 22:04:00,35.271667,126.767158,KR,DEV-4d0b3c57a3
2246,727eadc6-6e21-47c1-9f4e-69bdde402a7f,4410,MCH-06553b267c,카카오택시,4121,2026-08-07 08:01:00,35.245339,126.759371,KR,DEV-4d0b3c57a3
2247,727eadc6-6e21-47c1-9f4e-69bdde402a7f,16099,MCH-493f24c455,쿠팡,5399,2026-08-07 12:28:00,37.567734,127.554794,KR,DEV-4d0b3c57a3
2248,727eadc6-6e21-47c1-9f4e-69bdde402a7f,2060000,MCH-9449f2d5d1,중고거래_송금,6051,2026-08-08 04:27:00,35.255688,126.733314,KR,DEV-4d0b3c57a3
2249,727eadc6-6e21-47c1-9f4e-69bdde402a7f,1610,MCH-5b1162a765,KTX,4112,2026-08-08 15:20:00,35.273093,126.7491,KR,DEV-4d0b3c57a3
2250,727eadc6-6e21-47c1-9f4e-69bdde402a7f,48300,MCH-493f24c455,쿠팡,5399,2026-08-08 19:37:00,35.237213,126.740364,KR,DEV-4d0b3c57a3
2251,727eadc6-6e21-47c1-9f4e-69bdde402a7f,51100,MCH-493f24c455,쿠팡,5399,2026-08-09 14:47:00,35.227872,126.753914,KR,DEV-4d0b3c57a3
2252,727eadc6-6e21-47c1-9f4e-69bdde402a7f,2590,MCH-5b1162a765,KTX,4112,2026-08-09 15:16:00,35.260406,126.768528,KR,DEV-4d0b3c57a3
2253,727eadc6-6e21-47c1-9f4e-69bdde402a7f,62299,MCH-e7751d42a2,올리브영,5977,2026-08-10 09:44:00,35.266701,126.743719,KR,DEV-4d0b3c57a3
2254,727eadc6-6e21-47c1-9f4e-69bdde402a7f,9310,MCH-5df4849ce1,지하철,4111,2026-08-10 12:44:00,35.265594,126.765334,KR,DEV-4d0b3c57a3
2255,727eadc6-6e21-47c1-9f4e-69bdde402a7f,65099,MCH-ca5e0a9e0b,AWS,7372,2026-08-10 14:06:00,35.027794,126.82096,KR,DEV-4d0b3c57a3
2256,727eadc6-6e21-47c1-9f4e-69bdde402a7f,12600,MCH-ab42b36c0b,배달의민족,5812,2026-08-11 09:43:00,35.239246,126.723561,KR,DEV-4d0b3c57a3
2257,727eadc6-6e21-47c1-9f4e-69bdde402a7f,44100,MCH-a5c765e6ce,프리스비,5732,2026-08-13 08:19:00,35.244322,126.755009,KR,DEV-4d0b3c57a3
2258,727eadc6-6e21-47c1-9f4e-69bdde402a7f,13300,MCH-fb4fb59d3a,스타벅스,5814,2026-08-13 15:23:00,35.229662,126.723652,KR,DEV-4d0b3c57a3
2259,727eadc6-6e21-47c1-9f4e-69bdde402a7f,49700,MCH-a5c765e6ce,프리스비,5732,2026-08-13 20:44:00,35.241769,126.751685,KR,DEV-4d0b3c57a3
2260,727eadc6-6e21-47c1-9f4e-69bdde402a7f,790000,MCH-489f756ae2,Steam_Global,5816,2026-08-14 03:26:00,35.251775,126.752267,CN,DEV-4d0b3c57a3
2261,727eadc6-6e21-47c1-9f4e-69bdde402a7f,4900,MCH-c563ceac18,맥도날드,5814,2026-08-14 17:11:00,35.272393,126.76209,KR,DEV-4d0b3c57a3
2262,727eadc6-6e21-47c1-9f4e-69bdde402a7f,33600,MCH-fb4fb59d3a,스타벅스,5814,2026-08-14 22:42:00,35.965635,127.503317,KR,DEV-4d0b3c57a3
2263,727eadc6-6e21-47c1-9f4e-69bdde402a7f,3500,MCH-8e35d3c146,김밥천국,5812,2026-08-15 13:03:00,35.235941,126.722731,KR,DEV-4d0b3c57a3
2264,727eadc6-6e21-47c1-9f4e-69bdde402a7f,11480,MCH-5df4849ce1,지하철,4111,2026-08-15 14:07:00,35.252896,126.744892,KR,DEV-4d0b3c57a3
2265,727eadc6-6e21-47c1-9f4e-69bdde402a7f,9800,MCH-fb4fb59d3a,스타벅스,5814,2026-08-15 22:51:00,35.224045,126.743119,KR,DEV-4d0b3c57a3
2266,727eadc6-6e21-47c1-9f4e-69bdde402a7f,4830,MCH-5b1162a765,KTX,4112,2026-08-16 09:11:00,35.266696,126.724962,KR,DEV-4d0b3c57a3
2267,727eadc6-6e21-47c1-9f4e-69bdde402a7f,11130,MCH-06553b267c,카카오택시,4121,2026-08-18 10:15:00,35.231247,126.755873,KR,DEV-4d0b3c57a3
2268,727eadc6-6e21-47c1-9f4e-69bdde402a7f,20300,MCH-fb4fb59d3a,스타벅스,5814,2026-08-19 14:02:00,35.24294,126.726945,KR,DEV-4d0b3c57a3
2269,727eadc6-6e21-47c1-9f4e-69bdde402a7f,45500,MCH-e7751d42a2,올리브영,5977,2026-08-19 15:38:00,35.265583,126.716259,KR,DEV-4d0b3c57a3
2270,727eadc6-6e21-47c1-9f4e-69bdde402a7f,12600,MCH-5b1162a765,KTX,4112,2026-08-19 21:48:00,35.235534,126.763818,KR,DEV-4d0b3c57a3
2271,727eadc6-6e21-47c1-9f4e-69bdde402a7f,8470,MCH-06553b267c,카카오택시,4121,2026-08-20 09:35:00,35.238934,126.756553,KR,DEV-4d0b3c57a3
2272,727eadc6-6e21-47c1-9f4e-69bdde402a7f,9800,MCH-ab42b36c0b,배달의민족,5812,2026-08-21 21:34:00,35.225546,126.729758,KR,DEV-4d0b3c57a3
2273,727eadc6-6e21-47c1-9f4e-69bdde402a7f,52500,MCH-a5c765e6ce,프리스비,5732,2026-08-22 13:05:00,35.248788,126.741131,KR,DEV-4d0b3c57a3
2274,727eadc6-6e21-47c1-9f4e-69bdde402a7f,5530,MCH-06553b267c,카카오택시,4121,2026-08-22 18:17:00,35.276102,126.743561,KR,DEV-4d0b3c57a3
2275,787f87e7-cc50-42aa-9a17-641aa74cf9f5,10560,MCH-5b1162a765,KTX,4112,2026-05-25 11:03:00,36.700491,127.396065,KR,DEV-df8b6390a7
2276,787f87e7-cc50-42aa-9a17-641aa74cf9f5,182600,MCH-ba944121a3,무신사,5651,2026-05-25 16:00:00,36.704386,127.437599,KR,DEV-df8b6390a7
2277,787f87e7-cc50-42aa-9a17-641aa74cf9f5,112200,MCH-ba944121a3,무신사,5651,2026-05-25 19:27:00,36.70671,127.417922,KR,DEV-df8b6390a7
2278,787f87e7-cc50-42aa-9a17-641aa74cf9f5,94600,MCH-e7751d42a2,올리브영,5977,2026-05-26 09:05:00,36.728004,127.417458,KR,DEV-df8b6390a7
2279,787f87e7-cc50-42aa-9a17-641aa74cf9f5,528000,MCH-53b4838ce6,어도비(Adobe),5734,2026-05-26 10:02:00,36.741481,127.415236,KR,DEV-df8b6390a7
2280,787f87e7-cc50-42aa-9a17-641aa74cf9f5,154000,MCH-493f24c455,쿠팡,5399,2026-05-26 15:02:00,36.735267,127.41225,KR,DEV-df8b6390a7
2281,787f87e7-cc50-42aa-9a17-641aa74cf9f5,189200,MCH-e7751d42a2,올리브영,5977,2026-05-27 08:21:00,36.709784,127.390256,KR,DEV-df8b6390a7
2282,787f87e7-cc50-42aa-9a17-641aa74cf9f5,33000,MCH-ba944121a3,무신사,5651,2026-05-28 15:30:00,36.742715,127.392985,KR,DEV-df8b6390a7
2283,787f87e7-cc50-42aa-9a17-641aa74cf9f5,114400,MCH-493f24c455,쿠팡,5399,2026-05-28 15:51:00,36.724896,127.391077,KR,DEV-df8b6390a7
2284,787f87e7-cc50-42aa-9a17-641aa74cf9f5,182600,MCH-493f24c455,쿠팡,5399,2026-05-28 18:57:00,36.708962,127.400108,KR,DEV-df8b6390a7
2285,787f87e7-cc50-42aa-9a17-641aa74cf9f5,140800,MCH-e7751d42a2,올리브영,5977,2026-05-29 19:04:00,36.737721,127.389373,KR,DEV-df8b6390a7
2286,787f87e7-cc50-42aa-9a17-641aa74cf9f5,147400,MCH-ba944121a3,무신사,5651,2026-05-30 10:55:00,36.720487,127.407822,KR,DEV-df8b6390a7
2287,787f87e7-cc50-42aa-9a17-641aa74cf9f5,134200,MCH-493f24c455,쿠팡,5399,2026-05-30 11:00:00,36.702737,127.42306,KR,DEV-df8b6390a7
2288,787f87e7-cc50-42aa-9a17-641aa74cf9f5,99000,MCH-ba944121a3,무신사,5651,2026-05-31 08:25:00,36.711012,127.402926,KR,DEV-df8b6390a7
2289,787f87e7-cc50-42aa-9a17-641aa74cf9f5,33000,MCH-ba944121a3,무신사,5651,2026-05-31 11:58:00,36.718219,127.385942,KR,DEV-df8b6390a7
2290,787f87e7-cc50-42aa-9a17-641aa74cf9f5,55000,MCH-fb4fb59d3a,스타벅스,5814,2026-05-31 18:27:00,36.712779,127.385505,KR,DEV-df8b6390a7
2291,787f87e7-cc50-42aa-9a17-641aa74cf9f5,55000,MCH-c563ceac18,맥도날드,5814,2026-06-03 08:09:00,36.721341,127.438482,KR,DEV-df8b6390a7
2292,787f87e7-cc50-42aa-9a17-641aa74cf9f5,200200,MCH-ba944121a3,무신사,5651,2026-06-05 13:14:00,36.700133,127.436013,KR,DEV-df8b6390a7
2293,787f87e7-cc50-42aa-9a17-641aa74cf9f5,132000,MCH-53b4838ce6,어도비(Adobe),5734,2026-06-05 17:45:00,36.720374,127.429614,KR,DEV-df8b6390a7
2294,787f87e7-cc50-42aa-9a17-641aa74cf9f5,187000,MCH-493f24c455,쿠팡,5399,2026-06-07 17:24:00,36.694216,127.415185,KR,DEV-df8b6390a7
2295,787f87e7-cc50-42aa-9a17-641aa74cf9f5,17600,MCH-0d60345572,버스,4111,2026-06-07 20:17:00,36.73336,127.411701,KR,DEV-df8b6390a7
2296,787f87e7-cc50-42aa-9a17-641aa74cf9f5,112200,MCH-e7751d42a2,올리브영,5977,2026-06-07 22:21:00,36.721242,127.392462,KR,DEV-df8b6390a7
2297,787f87e7-cc50-42aa-9a17-641aa74cf9f5,25520,MCH-0d60345572,버스,4111,2026-06-08 14:10:00,36.70464,127.430403,KR,DEV-df8b6390a7
2298,787f87e7-cc50-42aa-9a17-641aa74cf9f5,52800,MCH-8e35d3c146,김밥천국,5812,2026-06-08 15:03:00,36.721598,127.422125,KR,DEV-df8b6390a7
2299,787f87e7-cc50-42aa-9a17-641aa74cf9f5,19800,MCH-8e35d3c146,김밥천국,5812,2026-06-09 12:34:00,36.702009,127.428924,KR,DEV-df8b6390a7
2300,787f87e7-cc50-42aa-9a17-641aa74cf9f5,638000,MCH-ca5e0a9e0b,AWS,7372,2026-06-09 14:57:00,36.713518,127.401071,KR,DEV-df8b6390a7
2301,787f87e7-cc50-42aa-9a17-641aa74cf9f5,134200,MCH-493f24c455,쿠팡,5399,2026-06-09 16:23:00,36.690188,127.395688,KR,DEV-df8b6390a7
2302,787f87e7-cc50-42aa-9a17-641aa74cf9f5,136400,MCH-493f24c455,쿠팡,5399,2026-06-10 10:11:00,36.712199,127.403802,KR,DEV-df8b6390a7
2303,787f87e7-cc50-42aa-9a17-641aa74cf9f5,27060,MCH-06553b267c,카카오택시,4121,2026-06-10 15:51:00,36.726126,127.388721,KR,DEV-df8b6390a7
2304,787f87e7-cc50-42aa-9a17-641aa74cf9f5,134200,MCH-e7751d42a2,올리브영,5977,2026-06-12 11:06:00,36.719979,127.388113,KR,DEV-df8b6390a7
2305,787f87e7-cc50-42aa-9a17-641aa74cf9f5,330000,MCH-53b4838ce6,어도비(Adobe),5734,2026-06-12 19:29:00,36.706611,127.435808,KR,DEV-df8b6390a7
2306,787f87e7-cc50-42aa-9a17-641aa74cf9f5,151800,MCH-a5c765e6ce,프리스비,5732,2026-06-14 13:24:00,36.729515,127.401288,KR,DEV-df8b6390a7
2307,787f87e7-cc50-42aa-9a17-641aa74cf9f5,105600,MCH-ba944121a3,무신사,5651,2026-06-14 18:42:00,36.719252,127.395583,KR,DEV-df8b6390a7
2308,787f87e7-cc50-42aa-9a17-641aa74cf9f5,46200,MCH-ba944121a3,무신사,5651,2026-06-14 20:11:00,36.710726,127.436666,KR,DEV-df8b6390a7
2309,787f87e7-cc50-42aa-9a17-641aa74cf9f5,39380,MCH-06553b267c,카카오택시,4121,2026-06-15 09:36:00,36.732634,127.389848,KR,DEV-df8b6390a7
2310,787f87e7-cc50-42aa-9a17-641aa74cf9f5,14960,MCH-5df4849ce1,지하철,4111,2026-06-15 17:55:00,36.727508,127.422815,KR,DEV-df8b6390a7
2311,787f87e7-cc50-42aa-9a17-641aa74cf9f5,85800,MCH-a5c765e6ce,프리스비,5732,2026-06-15 21:52:00,36.690701,127.404506,KR,DEV-df8b6390a7
2312,787f87e7-cc50-42aa-9a17-641aa74cf9f5,105600,MCH-a5c765e6ce,프리스비,5732,2026-06-16 10:28:00,36.714196,127.418421,KR,DEV-df8b6390a7
2313,787f87e7-cc50-42aa-9a17-641aa74cf9f5,143000,MCH-a5c765e6ce,프리스비,5732,2026-06-16 22:51:00,36.736271,127.434867,KR,DEV-df8b6390a7
2314,787f87e7-cc50-42aa-9a17-641aa74cf9f5,215600,MCH-e7751d42a2,올리브영,5977,2026-06-17 10:02:00,36.727651,127.397152,KR,DEV-df8b6390a7
2315,787f87e7-cc50-42aa-9a17-641aa74cf9f5,3476000,MCH-8e35d3c146,김밥천국,5812,2026-06-18 11:14:00,36.694398,127.422282,KR,DEV-df8b6390a7
2316,787f87e7-cc50-42aa-9a17-641aa74cf9f5,37180,MCH-06553b267c,카카오택시,4121,2026-06-19 17:33:00,36.705177,127.396535,KR,DEV-df8b6390a7
2317,787f87e7-cc50-42aa-9a17-641aa74cf9f5,88000,MCH-493f24c455,쿠팡,5399,2026-06-21 16:14:00,36.739374,127.402545,KR,DEV-df8b6390a7
2318,787f87e7-cc50-42aa-9a17-641aa74cf9f5,92400,MCH-a5c765e6ce,프리스비,5732,2026-06-21 18:09:00,36.689525,127.430044,KR,DEV-df8b6390a7
2319,787f87e7-cc50-42aa-9a17-641aa74cf9f5,68200,MCH-e7751d42a2,올리브영,5977,2026-06-21 22:24:00,36.706677,127.389599,KR,DEV-df8b6390a7
2320,787f87e7-cc50-42aa-9a17-641aa74cf9f5,189200,MCH-a5c765e6ce,프리스비,5732,2026-06-22 13:03:00,36.715167,127.435081,KR,DEV-df8b6390a7
2321,787f87e7-cc50-42aa-9a17-641aa74cf9f5,143000,MCH-493f24c455,쿠팡,5399,2026-06-22 14:59:00,36.693398,127.432983,KR,DEV-df8b6390a7
2322,787f87e7-cc50-42aa-9a17-641aa74cf9f5,41800,MCH-8e35d3c146,김밥천국,5812,2026-06-22 15:13:00,36.728494,127.393191,KR,DEV-df8b6390a7
2323,787f87e7-cc50-42aa-9a17-641aa74cf9f5,41800,MCH-493f24c455,쿠팡,5399,2026-06-24 18:30:00,36.716533,127.401498,KR,DEV-df8b6390a7
2324,787f87e7-cc50-42aa-9a17-641aa74cf9f5,110000,MCH-8fff18fdd2,노션,7372,2026-06-24 18:41:00,36.705403,127.387953,KR,DEV-df8b6390a7
2325,787f87e7-cc50-42aa-9a17-641aa74cf9f5,1200000,MCH-cac2f457b6,금은방_귀금속,5944,2026-06-25 03:45:00,36.739372,127.42994,KR,DEV-df8b6390a7
2326,787f87e7-cc50-42aa-9a17-641aa74cf9f5,105600,MCH-ba944121a3,무신사,5651,2026-06-25 14:46:00,36.732826,127.420856,KR,DEV-df8b6390a7
2327,787f87e7-cc50-42aa-9a17-641aa74cf9f5,136400,MCH-a5c765e6ce,프리스비,5732,2026-06-25 17:59:00,36.709149,127.39408,KR,DEV-df8b6390a7
2328,787f87e7-cc50-42aa-9a17-641aa74cf9f5,33000,MCH-ab42b36c0b,배달의민족,5812,2026-06-26 08:55:00,36.738721,127.412409,KR,DEV-df8b6390a7
2329,787f87e7-cc50-42aa-9a17-641aa74cf9f5,36300,MCH-5df4849ce1,지하철,4111,2026-06-26 19:49:00,36.721484,127.419955,KR,DEV-df8b6390a7
2330,787f87e7-cc50-42aa-9a17-641aa74cf9f5,200200,MCH-e7751d42a2,올리브영,5977,2026-06-26 20:04:00,36.715505,127.416097,KR,DEV-df8b6390a7
2331,787f87e7-cc50-42aa-9a17-641aa74cf9f5,10560,MCH-5df4849ce1,지하철,4111,2026-06-27 19:14:00,36.711859,127.432209,KR,DEV-df8b6390a7
2332,787f87e7-cc50-42aa-9a17-641aa74cf9f5,37400,MCH-e7751d42a2,올리브영,5977,2026-06-28 08:44:00,36.722614,127.415452,KR,DEV-df8b6390a7
2333,787f87e7-cc50-42aa-9a17-641aa74cf9f5,217800,MCH-493f24c455,쿠팡,5399,2026-06-28 21:58:00,36.694804,127.390504,KR,DEV-df8b6390a7
2334,787f87e7-cc50-42aa-9a17-641aa74cf9f5,68200,MCH-a5c765e6ce,프리스비,5732,2026-06-29 11:28:00,36.716565,127.411631,KR,DEV-df8b6390a7
2335,787f87e7-cc50-42aa-9a17-641aa74cf9f5,127600,MCH-a5c765e6ce,프리스비,5732,2026-06-29 14:45:00,36.74008,127.401278,KR,DEV-df8b6390a7
2336,787f87e7-cc50-42aa-9a17-641aa74cf9f5,50600,MCH-c563ceac18,맥도날드,5814,2026-06-29 16:45:00,36.727105,127.43474,KR,DEV-df8b6390a7
2337,787f87e7-cc50-42aa-9a17-641aa74cf9f5,32560,MCH-5b1162a765,KTX,4112,2026-06-30 08:24:00,36.724849,127.437622,KR,DEV-df8b6390a7
2338,787f87e7-cc50-42aa-9a17-641aa74cf9f5,374000,MCH-8fff18fdd2,노션,7372,2026-06-30 08:48:00,36.7204,127.414052,KR,DEV-df8b6390a7
2339,787f87e7-cc50-42aa-9a17-641aa74cf9f5,145200,MCH-e7751d42a2,올리브영,5977,2026-06-30 12:29:00,36.742697,127.39586,KR,DEV-df8b6390a7
2340,787f87e7-cc50-42aa-9a17-641aa74cf9f5,33000,MCH-a5c765e6ce,프리스비,5732,2026-07-01 09:26:00,36.736892,127.407603,KR,DEV-df8b6390a7
2341,787f87e7-cc50-42aa-9a17-641aa74cf9f5,184800,MCH-a5c765e6ce,프리스비,5732,2026-07-01 11:00:00,36.723025,127.415722,KR,DEV-df8b6390a7
2342,787f87e7-cc50-42aa-9a17-641aa74cf9f5,5940,MCH-06553b267c,카카오택시,4121,2026-07-01 21:34:00,36.735704,127.409095,KR,DEV-df8b6390a7
2343,787f87e7-cc50-42aa-9a17-641aa74cf9f5,132000,MCH-ba944121a3,무신사,5651,2026-07-02 09:11:00,36.706752,127.42568,KR,DEV-df8b6390a7
2344,787f87e7-cc50-42aa-9a17-641aa74cf9f5,40700,MCH-5b1162a765,KTX,4112,2026-07-02 22:33:00,36.726315,127.407018,KR,DEV-df8b6390a7
2345,787f87e7-cc50-42aa-9a17-641aa74cf9f5,30800,MCH-8e35d3c146,김밥천국,5812,2026-07-03 08:09:00,36.703196,127.401406,KR,DEV-df8b6390a7
2346,787f87e7-cc50-42aa-9a17-641aa74cf9f5,123200,MCH-e7751d42a2,올리브영,5977,2026-07-03 09:09:00,36.692429,127.388907,KR,DEV-df8b6390a7
2347,787f87e7-cc50-42aa-9a17-641aa74cf9f5,180400,MCH-ba944121a3,무신사,5651,2026-07-03 21:08:00,36.689691,127.40594,KR,DEV-df8b6390a7
2348,787f87e7-cc50-42aa-9a17-641aa74cf9f5,121000,MCH-a5c765e6ce,프리스비,5732,2026-07-04 21:30:00,36.711296,127.41394,KR,DEV-df8b6390a7
2349,787f87e7-cc50-42aa-9a17-641aa74cf9f5,74800,MCH-e7751d42a2,올리브영,5977,2026-07-06 22:13:00,36.691785,127.418686,KR,DEV-df8b6390a7
2350,787f87e7-cc50-42aa-9a17-641aa74cf9f5,39600,MCH-a5c765e6ce,프리스비,5732,2026-07-07 17:49:00,36.691765,127.42255,KR,DEV-df8b6390a7
2351,787f87e7-cc50-42aa-9a17-641aa74cf9f5,195800,MCH-493f24c455,쿠팡,5399,2026-07-07 20:27:00,36.729684,127.396544,KR,DEV-df8b6390a7
2352,787f87e7-cc50-42aa-9a17-641aa74cf9f5,70400,MCH-ba944121a3,무신사,5651,2026-07-07 21:17:00,36.733844,127.410763,KR,DEV-df8b6390a7
2353,787f87e7-cc50-42aa-9a17-641aa74cf9f5,116600,MCH-493f24c455,쿠팡,5399,2026-07-08 13:58:00,36.695241,127.404652,KR,DEV-df8b6390a7
2354,787f87e7-cc50-42aa-9a17-641aa74cf9f5,193600,MCH-493f24c455,쿠팡,5399,2026-07-09 13:31:00,36.730947,127.42569,KR,DEV-df8b6390a7
2355,787f87e7-cc50-42aa-9a17-641aa74cf9f5,140000,MCH-cf62dbb6a8,게임아이템_스토어,7994,2026-07-10 12:17:00,36.697274,127.432183,KR,DEV-df8b6390a7
2356,787f87e7-cc50-42aa-9a17-641aa74cf9f5,140000,MCH-cf62dbb6a8,게임아이템_스토어,7994,2026-07-10 12:18:00,36.697274,127.432183,KR,DEV-df8b6390a7
2357,787f87e7-cc50-42aa-9a17-641aa74cf9f5,140000,MCH-cf62dbb6a8,게임아이템_스토어,7994,2026-07-10 12:19:00,36.697274,127.432183,KR,DEV-df8b6390a7
2358,787f87e7-cc50-42aa-9a17-641aa74cf9f5,70400,MCH-493f24c455,쿠팡,5399,2026-07-10 18:27:00,36.725906,127.433068,KR,DEV-df8b6390a7
2359,787f87e7-cc50-42aa-9a17-641aa74cf9f5,30800,MCH-c563ceac18,맥도날드,5814,2026-07-13 10:02:00,36.704476,127.430541,KR,DEV-df8b6390a7
2360,787f87e7-cc50-42aa-9a17-641aa74cf9f5,242000,MCH-ca5e0a9e0b,AWS,7372,2026-07-14 08:32:00,36.737935,127.424935,KR,DEV-df8b6390a7
2361,787f87e7-cc50-42aa-9a17-641aa74cf9f5,63800,MCH-e7751d42a2,올리브영,5977,2026-07-14 18:19:00,36.714789,127.413842,KR,DEV-df8b6390a7
2362,787f87e7-cc50-42aa-9a17-641aa74cf9f5,176000,MCH-ba944121a3,무신사,5651,2026-07-14 20:17:00,36.728451,127.43041,KR,DEV-df8b6390a7
2363,787f87e7-cc50-42aa-9a17-641aa74cf9f5,160600,MCH-a5c765e6ce,프리스비,5732,2026-07-15 14:53:00,36.718977,127.423779,KR,DEV-df8b6390a7
2364,787f87e7-cc50-42aa-9a17-641aa74cf9f5,85800,MCH-ba944121a3,무신사,5651,2026-07-15 19:00:00,36.739488,127.396393,KR,DEV-df8b6390a7
2365,787f87e7-cc50-42aa-9a17-641aa74cf9f5,110000,MCH-bed94775b8,패스트파이브,7011,2026-07-15 19:41:00,36.724278,127.396933,KR,DEV-df8b6390a7
2366,787f87e7-cc50-42aa-9a17-641aa74cf9f5,352000,MCH-53b4838ce6,어도비(Adobe),5734,2026-07-16 09:51:00,36.700869,127.437302,KR,DEV-df8b6390a7
2367,787f87e7-cc50-42aa-9a17-641aa74cf9f5,191400,MCH-e7751d42a2,올리브영,5977,2026-07-18 12:26:00,36.69725,127.405674,KR,DEV-df8b6390a7
2368,787f87e7-cc50-42aa-9a17-641aa74cf9f5,158400,MCH-493f24c455,쿠팡,5399,2026-07-20 17:32:00,36.714195,127.392859,KR,DEV-df8b6390a7
2369,787f87e7-cc50-42aa-9a17-641aa74cf9f5,33000,MCH-8e35d3c146,김밥천국,5812,2026-07-22 21:17:00,36.72604,127.416037,KR,DEV-df8b6390a7
2370,787f87e7-cc50-42aa-9a17-641aa74cf9f5,195800,MCH-ba944121a3,무신사,5651,2026-07-23 13:45:00,36.737352,127.400219,KR,DEV-df8b6390a7
2371,787f87e7-cc50-42aa-9a17-641aa74cf9f5,88000,MCH-e7751d42a2,올리브영,5977,2026-07-23 17:33:00,36.723219,127.409116,KR,DEV-df8b6390a7
2372,787f87e7-cc50-42aa-9a17-641aa74cf9f5,158400,MCH-493f24c455,쿠팡,5399,2026-07-23 19:13:00,36.733567,127.431804,KR,DEV-df8b6390a7
2373,787f87e7-cc50-42aa-9a17-641aa74cf9f5,74800,MCH-493f24c455,쿠팡,5399,2026-07-27 08:43:00,36.703568,127.412714,KR,DEV-df8b6390a7
2374,787f87e7-cc50-42aa-9a17-641aa74cf9f5,145200,MCH-a5c765e6ce,프리스비,5732,2026-07-27 21:35:00,36.742703,127.426248,KR,DEV-df8b6390a7
2375,787f87e7-cc50-42aa-9a17-641aa74cf9f5,55000,MCH-8e35d3c146,김밥천국,5812,2026-07-29 20:48:00,36.718898,127.42869,KR,DEV-df8b6390a7
2376,787f87e7-cc50-42aa-9a17-641aa74cf9f5,209000,MCH-493f24c455,쿠팡,5399,2026-07-29 21:21:00,36.699073,127.435629,KR,DEV-df8b6390a7
2377,787f87e7-cc50-42aa-9a17-641aa74cf9f5,11000,MCH-8e35d3c146,김밥천국,5812,2026-07-29 22:25:00,36.730781,127.429133,KR,DEV-df8b6390a7
2378,787f87e7-cc50-42aa-9a17-641aa74cf9f5,26400,MCH-c563ceac18,맥도날드,5814,2026-08-01 12:57:00,36.731447,127.416917,KR,DEV-df8b6390a7
2379,787f87e7-cc50-42aa-9a17-641aa74cf9f5,85800,MCH-a5c765e6ce,프리스비,5732,2026-08-02 13:22:00,36.716944,127.407419,KR,DEV-df8b6390a7
2380,787f87e7-cc50-42aa-9a17-641aa74cf9f5,13200,MCH-ab42b36c0b,배달의민족,5812,2026-08-02 14:31:00,36.722157,127.4096,KR,DEV-df8b6390a7
2381,787f87e7-cc50-42aa-9a17-641aa74cf9f5,12760,MCH-06553b267c,카카오택시,4121,2026-08-02 21:51:00,36.690038,127.411369,KR,DEV-df8b6390a7
2382,787f87e7-cc50-42aa-9a17-641aa74cf9f5,156200,MCH-e7751d42a2,올리브영,5977,2026-08-03 18:57:00,36.707119,127.419222,KR,DEV-df8b6390a7
2383,787f87e7-cc50-42aa-9a17-641aa74cf9f5,178200,MCH-a5c765e6ce,프리스비,5732,2026-08-04 12:45:00,36.717688,127.418451,KR,DEV-df8b6390a7
2384,787f87e7-cc50-42aa-9a17-641aa74cf9f5,20680,MCH-06553b267c,카카오택시,4121,2026-08-05 09:19:00,36.709194,127.412572,KR,DEV-df8b6390a7
2385,787f87e7-cc50-42aa-9a17-641aa74cf9f5,96800,MCH-a5c765e6ce,프리스비,5732,2026-08-05 18:50:00,36.740725,127.420264,KR,DEV-df8b6390a7
2386,787f87e7-cc50-42aa-9a17-641aa74cf9f5,616000,MCH-53b4838ce6,어도비(Adobe),5734,2026-08-07 08:37:00,36.723255,127.406326,KR,DEV-df8b6390a7
2387,787f87e7-cc50-42aa-9a17-641aa74cf9f5,72600,MCH-493f24c455,쿠팡,5399,2026-08-07 11:40:00,36.736799,127.409395,KR,DEV-df8b6390a7
2388,787f87e7-cc50-42aa-9a17-641aa74cf9f5,105600,MCH-e7751d42a2,올리브영,5977,2026-08-07 14:30:00,36.732796,127.418975,KR,DEV-df8b6390a7
2389,787f87e7-cc50-42aa-9a17-641aa74cf9f5,171600,MCH-a5c765e6ce,프리스비,5732,2026-08-08 16:42:00,36.701101,127.392335,KR,DEV-df8b6390a7
2390,787f87e7-cc50-42aa-9a17-641aa74cf9f5,2596000,MCH-ba944121a3,무신사,5651,2026-08-08 21:01:00,36.730471,127.397588,KR,DEV-df8b6390a7
2391,787f87e7-cc50-42aa-9a17-641aa74cf9f5,96800,MCH-a5c765e6ce,프리스비,5732,2026-08-10 11:11:00,36.719549,127.434878,KR,DEV-df8b6390a7
2392,787f87e7-cc50-42aa-9a17-641aa74cf9f5,24200,MCH-8e35d3c146,김밥천국,5812,2026-08-10 12:18:00,36.720839,127.428139,KR,DEV-df8b6390a7
2393,787f87e7-cc50-42aa-9a17-641aa74cf9f5,217800,MCH-a5c765e6ce,프리스비,5732,2026-08-10 15:14:00,36.738888,127.417562,KR,DEV-df8b6390a7
2394,787f87e7-cc50-42aa-9a17-641aa74cf9f5,70400,MCH-493f24c455,쿠팡,5399,2026-08-10 17:53:00,36.710591,127.415299,KR,DEV-df8b6390a7
2395,787f87e7-cc50-42aa-9a17-641aa74cf9f5,209000,MCH-e7751d42a2,올리브영,5977,2026-08-10 19:16:00,36.709641,127.438711,KR,DEV-df8b6390a7
2396,787f87e7-cc50-42aa-9a17-641aa74cf9f5,1390000,MCH-cac2f457b6,금은방_귀금속,5944,2026-08-11 02:25:00,36.690031,127.393786,KR,DEV-df8b6390a7
2397,787f87e7-cc50-42aa-9a17-641aa74cf9f5,396000,MCH-53b4838ce6,어도비(Adobe),5734,2026-08-11 09:28:00,36.723219,127.399525,KR,DEV-df8b6390a7
2398,787f87e7-cc50-42aa-9a17-641aa74cf9f5,184800,MCH-e7751d42a2,올리브영,5977,2026-08-11 12:41:00,36.698872,127.391665,KR,DEV-df8b6390a7
2399,787f87e7-cc50-42aa-9a17-641aa74cf9f5,198000,MCH-493f24c455,쿠팡,5399,2026-08-11 12:52:00,36.704102,127.410973,KR,DEV-df8b6390a7
2400,787f87e7-cc50-42aa-9a17-641aa74cf9f5,36520,MCH-5df4849ce1,지하철,4111,2026-08-11 20:46:00,36.726834,127.428883,KR,DEV-df8b6390a7
2401,787f87e7-cc50-42aa-9a17-641aa74cf9f5,16060,MCH-06553b267c,카카오택시,4121,2026-08-11 20:48:00,36.693202,127.430141,KR,DEV-df8b6390a7
2402,787f87e7-cc50-42aa-9a17-641aa74cf9f5,83600,MCH-ba944121a3,무신사,5651,2026-08-12 09:35:00,36.741713,127.425545,KR,DEV-df8b6390a7
2403,787f87e7-cc50-42aa-9a17-641aa74cf9f5,110000,MCH-a5c765e6ce,프리스비,5732,2026-08-12 10:51:00,36.689402,127.438966,KR,DEV-df8b6390a7
2404,787f87e7-cc50-42aa-9a17-641aa74cf9f5,94600,MCH-a5c765e6ce,프리스비,5732,2026-08-12 12:39:00,36.691055,127.427941,KR,DEV-df8b6390a7
2405,787f87e7-cc50-42aa-9a17-641aa74cf9f5,39600,MCH-8e35d3c146,김밥천국,5812,2026-08-12 14:27:00,36.711787,127.409508,KR,DEV-df8b6390a7
2406,787f87e7-cc50-42aa-9a17-641aa74cf9f5,74800,MCH-493f24c455,쿠팡,5399,2026-08-12 14:54:00,36.743209,127.437545,KR,DEV-df8b6390a7
2407,787f87e7-cc50-42aa-9a17-641aa74cf9f5,149600,MCH-a5c765e6ce,프리스비,5732,2026-08-13 15:22:00,36.700605,127.408713,KR,DEV-df8b6390a7
2408,787f87e7-cc50-42aa-9a17-641aa74cf9f5,28600,MCH-ab42b36c0b,배달의민족,5812,2026-08-14 21:25:00,36.713772,127.388954,KR,DEV-df8b6390a7
2409,787f87e7-cc50-42aa-9a17-641aa74cf9f5,132000,MCH-bed94775b8,패스트파이브,7011,2026-08-15 09:35:00,36.712796,127.401657,KR,DEV-df8b6390a7
2410,787f87e7-cc50-42aa-9a17-641aa74cf9f5,39380,MCH-0d60345572,버스,4111,2026-08-15 14:57:00,36.715787,127.391985,KR,DEV-df8b6390a7
2411,787f87e7-cc50-42aa-9a17-641aa74cf9f5,116600,MCH-ba944121a3,무신사,5651,2026-08-15 21:25:00,36.700742,127.427046,KR,DEV-df8b6390a7
2412,787f87e7-cc50-42aa-9a17-641aa74cf9f5,50600,MCH-c563ceac18,맥도날드,5814,2026-08-16 08:19:00,36.736619,127.406638,KR,DEV-df8b6390a7
2413,787f87e7-cc50-42aa-9a17-641aa74cf9f5,110000,MCH-8fff18fdd2,노션,7372,2026-08-16 10:47:00,36.691752,127.396747,KR,DEV-df8b6390a7
2414,787f87e7-cc50-42aa-9a17-641aa74cf9f5,638000,MCH-8fff18fdd2,노션,7372,2026-08-16 12:59:00,36.707876,127.424437,KR,DEV-df8b6390a7
2415,787f87e7-cc50-42aa-9a17-641aa74cf9f5,105600,MCH-ba944121a3,무신사,5651,2026-08-16 20:05:00,36.697859,127.394929,KR,DEV-df8b6390a7
2416,787f87e7-cc50-42aa-9a17-641aa74cf9f5,136400,MCH-493f24c455,쿠팡,5399,2026-08-17 18:30:00,36.739329,127.399972,KR,DEV-df8b6390a7
2417,787f87e7-cc50-42aa-9a17-641aa74cf9f5,59400,MCH-ab42b36c0b,배달의민족,5812,2026-08-17 20:37:00,36.734157,127.393097,KR,DEV-df8b6390a7
2418,787f87e7-cc50-42aa-9a17-641aa74cf9f5,101200,MCH-ba944121a3,무신사,5651,2026-08-18 09:19:00,36.716459,127.388284,KR,DEV-df8b6390a7
2419,787f87e7-cc50-42aa-9a17-641aa74cf9f5,68200,MCH-e7751d42a2,올리브영,5977,2026-08-18 13:48:00,36.725612,127.419154,KR,DEV-df8b6390a7
2420,787f87e7-cc50-42aa-9a17-641aa74cf9f5,48400,MCH-fb4fb59d3a,스타벅스,5814,2026-08-18 15:06:00,36.723446,127.43615,KR,DEV-df8b6390a7
2421,787f87e7-cc50-42aa-9a17-641aa74cf9f5,39600,MCH-c563ceac18,맥도날드,5814,2026-08-18 15:34:00,36.693878,127.390031,KR,DEV-df8b6390a7
2422,787f87e7-cc50-42aa-9a17-641aa74cf9f5,35200,MCH-e7751d42a2,올리브영,5977,2026-08-18 17:20:00,36.70087,127.392297,KR,DEV-df8b6390a7
2423,787f87e7-cc50-42aa-9a17-641aa74cf9f5,46200,MCH-a5c765e6ce,프리스비,5732,2026-08-18 19:33:00,36.713149,127.420222,KR,DEV-df8b6390a7
2424,787f87e7-cc50-42aa-9a17-641aa74cf9f5,35200,MCH-a5c765e6ce,프리스비,5732,2026-08-19 14:02:00,36.709445,127.399284,KR,DEV-df8b6390a7
2425,787f87e7-cc50-42aa-9a17-641aa74cf9f5,264000,MCH-ca5e0a9e0b,AWS,7372,2026-08-19 22:51:00,36.724548,127.385177,KR,DEV-df8b6390a7
2426,787f87e7-cc50-42aa-9a17-641aa74cf9f5,594000,MCH-8fff18fdd2,노션,7372,2026-08-20 08:43:00,36.716467,127.432311,KR,DEV-df8b6390a7
2427,787f87e7-cc50-42aa-9a17-641aa74cf9f5,114400,MCH-493f24c455,쿠팡,5399,2026-08-20 20:09:00,36.734237,127.394145,KR,DEV-df8b6390a7
2428,787f87e7-cc50-42aa-9a17-641aa74cf9f5,15400,MCH-fb4fb59d3a,스타벅스,5814,2026-08-21 09:48:00,36.709742,127.420459,KR,DEV-df8b6390a7
2429,787f87e7-cc50-42aa-9a17-641aa74cf9f5,37400,MCH-a5c765e6ce,프리스비,5732,2026-08-21 09:55:00,36.70635,127.398896,KR,DEV-987528f230
2430,787f87e7-cc50-42aa-9a17-641aa74cf9f5,68200,MCH-a5c765e6ce,프리스비,5732,2026-08-21 10:54:00,36.737582,127.396178,KR,DEV-df8b6390a7
2431,787f87e7-cc50-42aa-9a17-641aa74cf9f5,13640,MCH-5df4849ce1,지하철,4111,2026-08-21 18:11:00,36.69134,127.438632,KR,DEV-df8b6390a7
2432,787f87e7-cc50-42aa-9a17-641aa74cf9f5,96800,MCH-a5c765e6ce,프리스비,5732,2026-08-21 18:11:00,36.718196,127.396354,KR,DEV-df8b6390a7
2433,787f87e7-cc50-42aa-9a17-641aa74cf9f5,107800,MCH-a5c765e6ce,프리스비,5732,2026-08-22 10:47:00,36.698687,127.416602,KR,DEV-df8b6390a7
2434,787f87e7-cc50-42aa-9a17-641aa74cf9f5,41360,MCH-5b1162a765,KTX,4112,2026-08-22 12:21:00,36.697879,127.424671,KR,DEV-df8b6390a7
2435,787f87e7-cc50-42aa-9a17-641aa74cf9f5,37620,MCH-0d60345572,버스,4111,2026-08-22 15:27:00,36.705769,127.412112,KR,DEV-df8b6390a7
2436,787f87e7-cc50-42aa-9a17-641aa74cf9f5,38940,MCH-5b1162a765,KTX,4112,2026-08-22 18:30:00,36.733118,127.436445,KR,DEV-df8b6390a7
2437,7e5021d1-7d20-47c8-9e22-cd2cd2ccc30b,132000,MCH-493f24c455,쿠팡,5399,2026-05-25 17:06:00,35.364588,126.842513,KR,DEV-fb8f5ab380
2438,7e5021d1-7d20-47c8-9e22-cd2cd2ccc30b,39600,MCH-a5c765e6ce,프리스비,5732,2026-05-25 20:44:00,35.398699,126.874366,KR,DEV-fb8f5ab380
2439,7e5021d1-7d20-47c8-9e22-cd2cd2ccc30b,39600,MCH-ba944121a3,무신사,5651,2026-05-27 16:38:00,35.390556,126.875834,KR,DEV-fb8f5ab380
2440,7e5021d1-7d20-47c8-9e22-cd2cd2ccc30b,101200,MCH-a5c765e6ce,프리스비,5732,2026-05-27 19:41:00,35.3906,126.863911,KR,DEV-fb8f5ab380
2441,7e5021d1-7d20-47c8-9e22-cd2cd2ccc30b,37400,MCH-ba944121a3,무신사,5651,2026-05-28 18:31:00,35.376783,126.833002,KR,DEV-fb8f5ab380
2442,7e5021d1-7d20-47c8-9e22-cd2cd2ccc30b,132000,MCH-e7751d42a2,올리브영,5977,2026-05-28 21:09:00,35.361059,126.840989,KR,DEV-fb8f5ab380
2443,7e5021d1-7d20-47c8-9e22-cd2cd2ccc30b,44000,MCH-fb4fb59d3a,스타벅스,5814,2026-05-29 16:56:00,35.359088,126.836155,KR,DEV-fb8f5ab380
2444,7e5021d1-7d20-47c8-9e22-cd2cd2ccc30b,63800,MCH-ba944121a3,무신사,5651,2026-05-29 17:42:00,35.381719,126.857322,KR,DEV-fb8f5ab380
2445,7e5021d1-7d20-47c8-9e22-cd2cd2ccc30b,660000,MCH-bed94775b8,패스트파이브,7011,2026-05-29 19:52:00,35.380924,126.863135,KR,DEV-fb8f5ab380
2446,7e5021d1-7d20-47c8-9e22-cd2cd2ccc30b,189200,MCH-493f24c455,쿠팡,5399,2026-06-02 09:41:00,35.3589,126.857149,KR,DEV-fb8f5ab380
2447,7e5021d1-7d20-47c8-9e22-cd2cd2ccc30b,41800,MCH-8e35d3c146,김밥천국,5812,2026-06-04 21:31:00,35.380684,126.831135,KR,DEV-fb8f5ab380
2448,7e5021d1-7d20-47c8-9e22-cd2cd2ccc30b,506000,MCH-53b4838ce6,어도비(Adobe),5734,2026-06-06 13:27:00,35.379574,126.829046,KR,DEV-fb8f5ab380
2449,7e5021d1-7d20-47c8-9e22-cd2cd2ccc30b,39600,MCH-ba944121a3,무신사,5651,2026-06-06 15:28:00,35.400505,126.854476,KR,DEV-fb8f5ab380
2450,7e5021d1-7d20-47c8-9e22-cd2cd2ccc30b,198000,MCH-493f24c455,쿠팡,5399,2026-06-06 21:10:00,35.375912,126.854191,KR,DEV-fb8f5ab380
2451,7e5021d1-7d20-47c8-9e22-cd2cd2ccc30b,180400,MCH-e7751d42a2,올리브영,5977,2026-06-07 20:42:00,35.389479,126.861969,KR,DEV-fb8f5ab380
2452,7e5021d1-7d20-47c8-9e22-cd2cd2ccc30b,16720,MCH-5b1162a765,KTX,4112,2026-06-07 21:59:00,35.40746,126.828542,KR,DEV-fb8f5ab380
2453,7e5021d1-7d20-47c8-9e22-cd2cd2ccc30b,180400,MCH-e7751d42a2,올리브영,5977,2026-06-08 14:40:00,35.385536,126.82777,KR,DEV-fb8f5ab380
2454,7e5021d1-7d20-47c8-9e22-cd2cd2ccc30b,44000,MCH-fb4fb59d3a,스타벅스,5814,2026-06-08 19:31:00,35.378353,126.82857,KR,DEV-fb8f5ab380
2455,7e5021d1-7d20-47c8-9e22-cd2cd2ccc30b,66000,MCH-ba944121a3,무신사,5651,2026-06-09 10:22:00,35.371439,126.842948,KR,DEV-fb8f5ab380
2456,7e5021d1-7d20-47c8-9e22-cd2cd2ccc30b,17600,MCH-5b1162a765,KTX,4112,2026-06-09 14:40:00,35.360677,126.826387,KR,DEV-fb8f5ab380
2457,7e5021d1-7d20-47c8-9e22-cd2cd2ccc30b,40040,MCH-0d60345572,버스,4111,2026-06-09 16:19:00,35.373977,126.846434,KR,DEV-fb8f5ab380
2458,7e5021d1-7d20-47c8-9e22-cd2cd2ccc30b,90200,MCH-a5c765e6ce,프리스비,5732,2026-06-10 13:15:00,35.385261,126.853256,KR,DEV-fb8f5ab380
2459,7e5021d1-7d20-47c8-9e22-cd2cd2ccc30b,123200,MCH-493f24c455,쿠팡,5399,2026-06-11 18:25:00,35.371986,126.852055,KR,DEV-fb8f5ab380
2460,7e5021d1-7d20-47c8-9e22-cd2cd2ccc30b,9680,MCH-06553b267c,카카오택시,4121,2026-06-12 10:35:00,35.400648,126.87373,KR,DEV-fb8f5ab380
2461,7e5021d1-7d20-47c8-9e22-cd2cd2ccc30b,13200,MCH-c563ceac18,맥도날드,5814,2026-06-12 10:38:00,35.371451,126.867622,KR,DEV-fb8f5ab380
2462,7e5021d1-7d20-47c8-9e22-cd2cd2ccc30b,17600,MCH-ab42b36c0b,배달의민족,5812,2026-06-12 15:14:00,35.390666,126.857965,KR,DEV-fb8f5ab380
2463,7e5021d1-7d20-47c8-9e22-cd2cd2ccc30b,176000,MCH-ba944121a3,무신사,5651,2026-06-13 14:21:00,35.366155,126.833996,KR,DEV-fb8f5ab380
2464,7e5021d1-7d20-47c8-9e22-cd2cd2ccc30b,160600,MCH-493f24c455,쿠팡,5399,2026-06-15 12:13:00,35.38548,126.848131,KR,DEV-fb8f5ab380
2465,7e5021d1-7d20-47c8-9e22-cd2cd2ccc30b,121000,MCH-493f24c455,쿠팡,5399,2026-06-15 13:30:00,35.40257,126.845799,KR,DEV-fb8f5ab380
2466,7e5021d1-7d20-47c8-9e22-cd2cd2ccc30b,31460,MCH-5df4849ce1,지하철,4111,2026-06-16 22:44:00,35.370168,126.856684,KR,DEV-fb8f5ab380
2467,7e5021d1-7d20-47c8-9e22-cd2cd2ccc30b,220000,MCH-bed94775b8,패스트파이브,7011,2026-06-17 08:39:00,35.360437,126.853812,KR,DEV-fb8f5ab380
2468,7e5021d1-7d20-47c8-9e22-cd2cd2ccc30b,158400,MCH-e7751d42a2,올리브영,5977,2026-06-17 18:22:00,35.360598,126.864601,KR,DEV-fb8f5ab380
2469,7e5021d1-7d20-47c8-9e22-cd2cd2ccc30b,66000,MCH-8e35d3c146,김밥천국,5812,2026-06-18 15:00:00,35.372595,126.832831,KR,DEV-fb8f5ab380
2470,7e5021d1-7d20-47c8-9e22-cd2cd2ccc30b,63800,MCH-8e35d3c146,김밥천국,5812,2026-06-19 19:37:00,35.397475,126.822894,KR,DEV-fb8f5ab380
2471,7e5021d1-7d20-47c8-9e22-cd2cd2ccc30b,18260,MCH-0d60345572,버스,4111,2026-06-19 20:06:00,35.380333,126.863077,KR,DEV-fb8f5ab380
2472,7e5021d1-7d20-47c8-9e22-cd2cd2ccc30b,176000,MCH-53b4838ce6,어도비(Adobe),5734,2026-06-20 21:33:00,35.404212,126.830171,KR,DEV-fb8f5ab380
2473,7e5021d1-7d20-47c8-9e22-cd2cd2ccc30b,59400,MCH-493f24c455,쿠팡,5399,2026-06-21 09:20:00,35.41122,126.839398,KR,DEV-fb8f5ab380
2474,7e5021d1-7d20-47c8-9e22-cd2cd2ccc30b,38500,MCH-5df4849ce1,지하철,4111,2026-06-21 17:15:00,35.409432,126.856725,KR,DEV-fb8f5ab380
2475,7e5021d1-7d20-47c8-9e22-cd2cd2ccc30b,46200,MCH-ba944121a3,무신사,5651,2026-06-21 18:05:00,35.360758,126.832246,KR,DEV-fb8f5ab380
2476,7e5021d1-7d20-47c8-9e22-cd2cd2ccc30b,50600,MCH-c563ceac18,맥도날드,5814,2026-06-22 12:00:00,35.379774,126.860384,KR,DEV-fb8f5ab380
2477,7e5021d1-7d20-47c8-9e22-cd2cd2ccc30b,26400,MCH-fb4fb59d3a,스타벅스,5814,2026-06-22 13:45:00,35.412193,126.822224,KR,DEV-fb8f5ab380
2478,7e5021d1-7d20-47c8-9e22-cd2cd2ccc30b,125400,MCH-e7751d42a2,올리브영,5977,2026-06-22 22:20:00,35.40916,126.85919,KR,DEV-fb8f5ab380
2479,7e5021d1-7d20-47c8-9e22-cd2cd2ccc30b,286000,MCH-8fff18fdd2,노션,7372,2026-06-24 15:43:00,35.371108,126.842856,KR,DEV-fb8f5ab380
2480,7e5021d1-7d20-47c8-9e22-cd2cd2ccc30b,17600,MCH-ab42b36c0b,배달의민족,5812,2026-06-26 14:12:00,35.387131,126.875307,KR,DEV-fb8f5ab380
2481,7e5021d1-7d20-47c8-9e22-cd2cd2ccc30b,52800,MCH-fb4fb59d3a,스타벅스,5814,2026-06-30 13:27:00,35.364493,126.840317,KR,DEV-fb8f5ab380
2482,7e5021d1-7d20-47c8-9e22-cd2cd2ccc30b,35200,MCH-e7751d42a2,올리브영,5977,2026-07-02 10:33:00,35.369091,126.858487,KR,DEV-fb8f5ab380
2483,7e5021d1-7d20-47c8-9e22-cd2cd2ccc30b,59400,MCH-8e35d3c146,김밥천국,5812,2026-07-02 20:56:00,35.409557,126.865299,KR,DEV-fb8f5ab380
2484,7e5021d1-7d20-47c8-9e22-cd2cd2ccc30b,63800,MCH-fb4fb59d3a,스타벅스,5814,2026-07-05 09:13:00,35.373339,126.828152,KR,DEV-fb8f5ab380
2485,7e5021d1-7d20-47c8-9e22-cd2cd2ccc30b,50600,MCH-ab42b36c0b,배달의민족,5812,2026-07-05 10:10:00,35.389311,126.860097,KR,DEV-fb8f5ab380
2486,7e5021d1-7d20-47c8-9e22-cd2cd2ccc30b,77000,MCH-e7751d42a2,올리브영,5977,2026-07-05 17:37:00,35.390342,126.828327,KR,DEV-fb8f5ab380
2487,7e5021d1-7d20-47c8-9e22-cd2cd2ccc30b,61600,MCH-493f24c455,쿠팡,5399,2026-07-06 15:19:00,35.367041,126.871009,KR,DEV-fb8f5ab380
2488,7e5021d1-7d20-47c8-9e22-cd2cd2ccc30b,30800,MCH-fb4fb59d3a,스타벅스,5814,2026-07-06 21:10:00,35.380173,126.853251,KR,DEV-fb8f5ab380
2489,7e5021d1-7d20-47c8-9e22-cd2cd2ccc30b,206800,MCH-ba944121a3,무신사,5651,2026-07-07 16:32:00,35.407492,126.857,KR,DEV-fb8f5ab380
2490,7e5021d1-7d20-47c8-9e22-cd2cd2ccc30b,528000,MCH-8fff18fdd2,노션,7372,2026-07-08 09:58:00,35.372093,126.842891,KR,DEV-fb8f5ab380
2491,7e5021d1-7d20-47c8-9e22-cd2cd2ccc30b,162800,MCH-a5c765e6ce,프리스비,5732,2026-07-08 10:51:00,35.392469,126.851441,KR,DEV-fb8f5ab380
2492,7e5021d1-7d20-47c8-9e22-cd2cd2ccc30b,85800,MCH-e7751d42a2,올리브영,5977,2026-07-08 20:09:00,35.410434,126.859554,KR,DEV-fb8f5ab380
2493,7e5021d1-7d20-47c8-9e22-cd2cd2ccc30b,99000,MCH-a5c765e6ce,프리스비,5732,2026-07-11 12:11:00,35.370495,126.841471,KR,DEV-fb8f5ab380
2494,7e5021d1-7d20-47c8-9e22-cd2cd2ccc30b,103400,MCH-a5c765e6ce,프리스비,5732,2026-07-11 14:11:00,35.409217,126.874635,KR,DEV-fb8f5ab380
2495,7e5021d1-7d20-47c8-9e22-cd2cd2ccc30b,33000,MCH-c563ceac18,맥도날드,5814,2026-07-12 11:59:00,35.392766,126.876053,KR,DEV-fb8f5ab380
2496,7e5021d1-7d20-47c8-9e22-cd2cd2ccc30b,215600,MCH-a5c765e6ce,프리스비,5732,2026-07-12 18:59:00,35.384352,126.823651,KR,DEV-fb8f5ab380
2497,7e5021d1-7d20-47c8-9e22-cd2cd2ccc30b,27940,MCH-5b1162a765,KTX,4112,2026-07-12 20:02:00,35.399676,126.835732,KR,DEV-fb8f5ab380
2498,7e5021d1-7d20-47c8-9e22-cd2cd2ccc30b,116600,MCH-ba944121a3,무신사,5651,2026-07-13 08:34:00,35.407911,126.845109,KR,DEV-fb8f5ab380
2499,7e5021d1-7d20-47c8-9e22-cd2cd2ccc30b,132000,MCH-53b4838ce6,어도비(Adobe),5734,2026-07-13 15:41:00,35.407142,126.849033,KR,DEV-fb8f5ab380
2500,7e5021d1-7d20-47c8-9e22-cd2cd2ccc30b,24200,MCH-c563ceac18,맥도날드,5814,2026-07-13 19:02:00,35.401617,126.867608,KR,DEV-fb8f5ab380
2501,7e5021d1-7d20-47c8-9e22-cd2cd2ccc30b,72600,MCH-ba944121a3,무신사,5651,2026-07-14 12:51:00,35.359735,126.858439,KR,DEV-fb8f5ab380
2502,7e5021d1-7d20-47c8-9e22-cd2cd2ccc30b,30800,MCH-ab42b36c0b,배달의민족,5812,2026-07-14 22:04:00,35.411408,126.84068,KR,DEV-fb8f5ab380
2503,7e5021d1-7d20-47c8-9e22-cd2cd2ccc30b,195800,MCH-a5c765e6ce,프리스비,5732,2026-07-15 16:20:00,35.384964,126.867671,KR,DEV-fb8f5ab380
2504,7e5021d1-7d20-47c8-9e22-cd2cd2ccc30b,138600,MCH-a5c765e6ce,프리스비,5732,2026-07-16 18:12:00,35.364315,126.851851,KR,DEV-fb8f5ab380
2505,7e5021d1-7d20-47c8-9e22-cd2cd2ccc30b,44000,MCH-ba944121a3,무신사,5651,2026-07-17 12:11:00,35.383559,126.857233,KR,DEV-fb8f5ab380
2506,7e5021d1-7d20-47c8-9e22-cd2cd2ccc30b,35860,MCH-0d60345572,버스,4111,2026-07-18 11:04:00,35.408136,126.863848,KR,DEV-fb8f5ab380
2507,7e5021d1-7d20-47c8-9e22-cd2cd2ccc30b,3890000,MCH-9449f2d5d1,중고거래_송금,6051,2026-07-19 04:42:00,35.38892,126.871715,KR,DEV-fb8f5ab380
2508,7e5021d1-7d20-47c8-9e22-cd2cd2ccc30b,101200,MCH-e7751d42a2,올리브영,5977,2026-07-19 12:45:00,35.390789,126.858506,KR,DEV-fb8f5ab380
2509,7e5021d1-7d20-47c8-9e22-cd2cd2ccc30b,171600,MCH-493f24c455,쿠팡,5399,2026-07-19 15:23:00,35.361809,126.822419,KR,DEV-fb8f5ab380
2510,7e5021d1-7d20-47c8-9e22-cd2cd2ccc30b,154000,MCH-8fff18fdd2,노션,7372,2026-07-20 17:49:00,35.409232,126.865934,KR,DEV-fb8f5ab380
2511,7e5021d1-7d20-47c8-9e22-cd2cd2ccc30b,68200,MCH-ba944121a3,무신사,5651,2026-07-20 20:04:00,35.377456,126.842475,KR,DEV-fb8f5ab380
2512,7e5021d1-7d20-47c8-9e22-cd2cd2ccc30b,12320,MCH-5df4849ce1,지하철,4111,2026-07-20 22:23:00,35.388588,126.862041,KR,DEV-fb8f5ab380
2513,7e5021d1-7d20-47c8-9e22-cd2cd2ccc30b,59400,MCH-493f24c455,쿠팡,5399,2026-07-21 08:38:00,35.390177,126.833301,KR,DEV-fb8f5ab380
2514,7e5021d1-7d20-47c8-9e22-cd2cd2ccc30b,204600,MCH-e7751d42a2,올리브영,5977,2026-07-21 09:22:00,35.402895,126.866615,KR,DEV-fb8f5ab380
2515,7e5021d1-7d20-47c8-9e22-cd2cd2ccc30b,103400,MCH-493f24c455,쿠팡,5399,2026-07-22 09:31:00,35.391451,126.87301,KR,DEV-fb8f5ab380
2516,7e5021d1-7d20-47c8-9e22-cd2cd2ccc30b,96800,MCH-ba944121a3,무신사,5651,2026-07-22 14:48:00,35.395079,126.874877,KR,DEV-fb8f5ab380
2517,7e5021d1-7d20-47c8-9e22-cd2cd2ccc30b,44000,MCH-ba944121a3,무신사,5651,2026-07-23 19:12:00,35.372824,126.844741,KR,DEV-fb8f5ab380
2518,7e5021d1-7d20-47c8-9e22-cd2cd2ccc30b,50600,MCH-ba944121a3,무신사,5651,2026-07-24 22:50:00,35.40335,126.828105,KR,DEV-fb8f5ab380
2519,7e5021d1-7d20-47c8-9e22-cd2cd2ccc30b,70400,MCH-e7751d42a2,올리브영,5977,2026-07-25 21:07:00,35.405251,126.858522,KR,DEV-fb8f5ab380
2520,7e5021d1-7d20-47c8-9e22-cd2cd2ccc30b,15400,MCH-5b1162a765,KTX,4112,2026-07-26 09:05:00,35.375871,126.853473,KR,DEV-fb8f5ab380
2521,7e5021d1-7d20-47c8-9e22-cd2cd2ccc30b,220000,MCH-bed94775b8,패스트파이브,7011,2026-07-27 11:03:00,35.412133,126.870571,KR,DEV-fb8f5ab380
2522,7e5021d1-7d20-47c8-9e22-cd2cd2ccc30b,187000,MCH-e7751d42a2,올리브영,5977,2026-07-28 13:45:00,35.386263,126.82306,KR,DEV-fb8f5ab380
2523,7e5021d1-7d20-47c8-9e22-cd2cd2ccc30b,99000,MCH-493f24c455,쿠팡,5399,2026-07-28 21:59:00,35.390157,126.836071,KR,DEV-fb8f5ab380
2524,7e5021d1-7d20-47c8-9e22-cd2cd2ccc30b,28380,MCH-06553b267c,카카오택시,4121,2026-07-30 08:08:00,35.367,126.826146,KR,DEV-fb8f5ab380
2525,7e5021d1-7d20-47c8-9e22-cd2cd2ccc30b,242000,MCH-53b4838ce6,어도비(Adobe),5734,2026-07-31 18:08:00,35.391514,126.8479,KR,DEV-fb8f5ab380
2526,7e5021d1-7d20-47c8-9e22-cd2cd2ccc30b,92400,MCH-e7751d42a2,올리브영,5977,2026-07-31 19:13:00,35.373867,126.856872,KR,DEV-fb8f5ab380
2527,7e5021d1-7d20-47c8-9e22-cd2cd2ccc30b,83600,MCH-a5c765e6ce,프리스비,5732,2026-07-31 20:04:00,35.393018,126.847486,KR,DEV-fb8f5ab380
2528,7e5021d1-7d20-47c8-9e22-cd2cd2ccc30b,50000,MCH-cf62dbb6a8,게임아이템_스토어,7994,2026-08-01 18:18:00,35.3647,126.828641,KR,DEV-fb8f5ab380
2529,7e5021d1-7d20-47c8-9e22-cd2cd2ccc30b,50000,MCH-cf62dbb6a8,게임아이템_스토어,7994,2026-08-01 18:19:00,35.3647,126.828641,KR,DEV-fb8f5ab380
2530,7e5021d1-7d20-47c8-9e22-cd2cd2ccc30b,50000,MCH-cf62dbb6a8,게임아이템_스토어,7994,2026-08-01 18:20:00,35.3647,126.828641,KR,DEV-fb8f5ab380
2531,7e5021d1-7d20-47c8-9e22-cd2cd2ccc30b,30800,MCH-fb4fb59d3a,스타벅스,5814,2026-08-01 21:25:00,35.380962,126.825635,KR,DEV-fb8f5ab380
2532,7e5021d1-7d20-47c8-9e22-cd2cd2ccc30b,165000,MCH-493f24c455,쿠팡,5399,2026-08-02 20:09:00,35.41062,126.846655,KR,DEV-fb8f5ab380
2533,7e5021d1-7d20-47c8-9e22-cd2cd2ccc30b,638000,MCH-bed94775b8,패스트파이브,7011,2026-08-02 21:44:00,35.36564,126.834591,KR,DEV-fb8f5ab380
2534,7e5021d1-7d20-47c8-9e22-cd2cd2ccc30b,44000,MCH-a5c765e6ce,프리스비,5732,2026-08-05 12:32:00,35.41121,126.834114,KR,DEV-fb8f5ab380
2535,7e5021d1-7d20-47c8-9e22-cd2cd2ccc30b,92400,MCH-a5c765e6ce,프리스비,5732,2026-08-05 17:34:00,35.370496,126.848016,KR,DEV-fb8f5ab380
2536,7e5021d1-7d20-47c8-9e22-cd2cd2ccc30b,156200,MCH-ba944121a3,무신사,5651,2026-08-05 22:23:00,35.407711,126.866545,KR,DEV-fb8f5ab380
2537,7e5021d1-7d20-47c8-9e22-cd2cd2ccc30b,171600,MCH-493f24c455,쿠팡,5399,2026-08-08 17:42:00,35.397871,126.837214,KR,DEV-fb8f5ab380
2538,7e5021d1-7d20-47c8-9e22-cd2cd2ccc30b,213400,MCH-493f24c455,쿠팡,5399,2026-08-08 19:50:00,35.385823,126.872286,KR,DEV-fb8f5ab380
2539,7e5021d1-7d20-47c8-9e22-cd2cd2ccc30b,26400,MCH-ab42b36c0b,배달의민족,5812,2026-08-09 18:25:00,35.39223,126.871085,KR,DEV-fb8f5ab380
2540,7e5021d1-7d20-47c8-9e22-cd2cd2ccc30b,169400,MCH-e7751d42a2,올리브영,5977,2026-08-09 20:20:00,35.360891,126.855907,KR,DEV-fb8f5ab380
2541,7e5021d1-7d20-47c8-9e22-cd2cd2ccc30b,158400,MCH-a5c765e6ce,프리스비,5732,2026-08-10 09:43:00,35.403442,126.854533,KR,DEV-fb8f5ab380
2542,7e5021d1-7d20-47c8-9e22-cd2cd2ccc30b,26840,MCH-0d60345572,버스,4111,2026-08-10 22:29:00,35.372329,126.87303,KR,DEV-fb8f5ab380
2543,7e5021d1-7d20-47c8-9e22-cd2cd2ccc30b,22000,MCH-ab42b36c0b,배달의민족,5812,2026-08-11 08:43:00,35.393044,126.863548,KR,DEV-fb8f5ab380
2544,7e5021d1-7d20-47c8-9e22-cd2cd2ccc30b,121000,MCH-a5c765e6ce,프리스비,5732,2026-08-11 12:18:00,35.378134,126.857124,KR,DEV-fb8f5ab380
2545,7e5021d1-7d20-47c8-9e22-cd2cd2ccc30b,418000,MCH-bed94775b8,패스트파이브,7011,2026-08-11 15:44:00,35.404641,126.846383,KR,DEV-fb8f5ab380
2546,7e5021d1-7d20-47c8-9e22-cd2cd2ccc30b,59400,MCH-fb4fb59d3a,스타벅스,5814,2026-08-12 12:35:00,35.359571,126.873054,KR,DEV-fb8f5ab380
2547,7e5021d1-7d20-47c8-9e22-cd2cd2ccc30b,41800,MCH-493f24c455,쿠팡,5399,2026-08-12 15:49:00,35.398181,126.874749,KR,DEV-fb8f5ab380
2548,7e5021d1-7d20-47c8-9e22-cd2cd2ccc30b,35200,MCH-8e35d3c146,김밥천국,5812,2026-08-12 18:31:00,35.401012,126.837997,KR,DEV-fb8f5ab380
2549,7e5021d1-7d20-47c8-9e22-cd2cd2ccc30b,44000,MCH-ab42b36c0b,배달의민족,5812,2026-08-12 20:04:00,35.394731,126.87208,KR,DEV-fb8f5ab380
2550,7e5021d1-7d20-47c8-9e22-cd2cd2ccc30b,29700,MCH-5b1162a765,KTX,4112,2026-08-13 09:07:00,35.410682,126.825254,KR,DEV-fb8f5ab380
2551,7e5021d1-7d20-47c8-9e22-cd2cd2ccc30b,96800,MCH-493f24c455,쿠팡,5399,2026-08-13 11:10:00,35.411681,126.849188,KR,DEV-fb8f5ab380
2552,7e5021d1-7d20-47c8-9e22-cd2cd2ccc30b,638000,MCH-ca5e0a9e0b,AWS,7372,2026-08-13 12:19:00,35.372624,126.836829,KR,DEV-fb8f5ab380
2553,7e5021d1-7d20-47c8-9e22-cd2cd2ccc30b,39600,MCH-a5c765e6ce,프리스비,5732,2026-08-13 15:15:00,35.400702,126.859505,KR,DEV-fb8f5ab380
2554,7e5021d1-7d20-47c8-9e22-cd2cd2ccc30b,46200,MCH-c563ceac18,맥도날드,5814,2026-08-14 09:51:00,35.399524,126.856594,KR,DEV-fb8f5ab380
2555,7e5021d1-7d20-47c8-9e22-cd2cd2ccc30b,101200,MCH-e7751d42a2,올리브영,5977,2026-08-14 10:15:00,35.361925,126.849706,KR,DEV-fb8f5ab380
2556,7e5021d1-7d20-47c8-9e22-cd2cd2ccc30b,105600,MCH-a5c765e6ce,프리스비,5732,2026-08-14 14:53:00,35.392473,126.869527,KR,DEV-fb8f5ab380
2557,7e5021d1-7d20-47c8-9e22-cd2cd2ccc30b,59400,MCH-e7751d42a2,올리브영,5977,2026-08-14 16:50:00,35.373012,126.841361,KR,DEV-fb8f5ab380
2558,7e5021d1-7d20-47c8-9e22-cd2cd2ccc30b,528000,MCH-8fff18fdd2,노션,7372,2026-08-14 20:51:00,35.387381,126.875664,KR,DEV-fb8f5ab380
2559,7e5021d1-7d20-47c8-9e22-cd2cd2ccc30b,176000,MCH-53b4838ce6,어도비(Adobe),5734,2026-08-14 22:59:00,35.374057,126.823256,KR,DEV-fb8f5ab380
2560,7e5021d1-7d20-47c8-9e22-cd2cd2ccc30b,28600,MCH-ab42b36c0b,배달의민족,5812,2026-08-15 09:40:00,35.395037,126.833157,KR,DEV-fb8f5ab380
2561,7e5021d1-7d20-47c8-9e22-cd2cd2ccc30b,165000,MCH-ba944121a3,무신사,5651,2026-08-15 12:01:00,35.369418,126.86761,KR,DEV-fb8f5ab380
2562,7e5021d1-7d20-47c8-9e22-cd2cd2ccc30b,70400,MCH-ba944121a3,무신사,5651,2026-08-15 13:05:00,35.401642,126.864322,KR,DEV-fb8f5ab380
2563,7e5021d1-7d20-47c8-9e22-cd2cd2ccc30b,11000,MCH-c563ceac18,맥도날드,5814,2026-08-15 14:00:00,35.390719,126.871787,KR,DEV-fb8f5ab380
2564,7e5021d1-7d20-47c8-9e22-cd2cd2ccc30b,26400,MCH-ab42b36c0b,배달의민족,5812,2026-08-15 22:48:00,35.407241,126.847705,KR,DEV-fb8f5ab380
2565,7e5021d1-7d20-47c8-9e22-cd2cd2ccc30b,151800,MCH-e7751d42a2,올리브영,5977,2026-08-16 09:07:00,35.40285,126.852348,KR,DEV-fb8f5ab380
2566,7e5021d1-7d20-47c8-9e22-cd2cd2ccc30b,22000,MCH-c563ceac18,맥도날드,5814,2026-08-16 09:43:00,35.390243,126.824901,KR,DEV-fb8f5ab380
2567,7e5021d1-7d20-47c8-9e22-cd2cd2ccc30b,215600,MCH-ba944121a3,무신사,5651,2026-08-16 11:47:00,35.367588,126.868785,KR,DEV-fb8f5ab380
2568,7e5021d1-7d20-47c8-9e22-cd2cd2ccc30b,107800,MCH-e7751d42a2,올리브영,5977,2026-08-16 19:09:00,35.3646,126.859099,KR,DEV-fb8f5ab380
2569,7e5021d1-7d20-47c8-9e22-cd2cd2ccc30b,182600,MCH-e7751d42a2,올리브영,5977,2026-08-17 10:25:00,35.40343,126.839053,KR,DEV-fb8f5ab380
2570,7e5021d1-7d20-47c8-9e22-cd2cd2ccc30b,19800,MCH-c563ceac18,맥도날드,5814,2026-08-17 11:22:00,35.404785,126.838857,KR,DEV-fb8f5ab380
2571,7e5021d1-7d20-47c8-9e22-cd2cd2ccc30b,28600,MCH-fb4fb59d3a,스타벅스,5814,2026-08-17 21:39:00,35.397636,126.855826,KR,DEV-fb8f5ab380
2572,7e5021d1-7d20-47c8-9e22-cd2cd2ccc30b,213400,MCH-e7751d42a2,올리브영,5977,2026-08-18 10:32:00,35.396221,126.873347,KR,DEV-fb8f5ab380
2573,7e5021d1-7d20-47c8-9e22-cd2cd2ccc30b,92400,MCH-ba944121a3,무신사,5651,2026-08-18 13:16:00,35.390397,126.869753,KR,DEV-fb8f5ab380
2574,7e5021d1-7d20-47c8-9e22-cd2cd2ccc30b,171600,MCH-493f24c455,쿠팡,5399,2026-08-18 19:42:00,35.376892,126.872106,KR,DEV-fb8f5ab380
2575,7e5021d1-7d20-47c8-9e22-cd2cd2ccc30b,140800,MCH-a5c765e6ce,프리스비,5732,2026-08-19 12:34:00,35.361364,126.82252,KR,DEV-fb8f5ab380
2576,7e5021d1-7d20-47c8-9e22-cd2cd2ccc30b,103400,MCH-ba944121a3,무신사,5651,2026-08-19 12:49:00,35.373888,126.859953,KR,DEV-fb8f5ab380
2577,7e5021d1-7d20-47c8-9e22-cd2cd2ccc30b,118800,MCH-493f24c455,쿠팡,5399,2026-08-19 14:18:00,35.389293,126.836349,KR,DEV-fb8f5ab380
2578,7e5021d1-7d20-47c8-9e22-cd2cd2ccc30b,28600,MCH-fb4fb59d3a,스타벅스,5814,2026-08-20 08:29:00,35.379258,126.853552,KR,DEV-fb8f5ab380
2579,7e5021d1-7d20-47c8-9e22-cd2cd2ccc30b,202400,MCH-a5c765e6ce,프리스비,5732,2026-08-20 14:02:00,35.37821,126.865823,KR,DEV-fb8f5ab380
2580,7e5021d1-7d20-47c8-9e22-cd2cd2ccc30b,35200,MCH-c563ceac18,맥도날드,5814,2026-08-20 18:57:00,35.384063,126.845852,KR,DEV-fb8f5ab380
2581,7e5021d1-7d20-47c8-9e22-cd2cd2ccc30b,215600,MCH-e7751d42a2,올리브영,5977,2026-08-20 21:18:00,35.402095,126.848905,KR,DEV-fb8f5ab380
2582,7e5021d1-7d20-47c8-9e22-cd2cd2ccc30b,198000,MCH-ca5e0a9e0b,AWS,7372,2026-08-20 21:40:00,35.382193,126.853049,KR,DEV-fb8f5ab380
2583,7e5021d1-7d20-47c8-9e22-cd2cd2ccc30b,206800,MCH-e7751d42a2,올리브영,5977,2026-08-21 13:53:00,35.408805,126.838605,KR,DEV-fb8f5ab380
2584,7e5021d1-7d20-47c8-9e22-cd2cd2ccc30b,191400,MCH-e7751d42a2,올리브영,5977,2026-08-21 14:46:00,35.363634,126.868058,KR,DEV-fb8f5ab380
2585,7e5021d1-7d20-47c8-9e22-cd2cd2ccc30b,211200,MCH-a5c765e6ce,프리스비,5732,2026-08-21 17:32:00,35.395504,126.859484,KR,DEV-fb8f5ab380
2586,7e5021d1-7d20-47c8-9e22-cd2cd2ccc30b,6600,MCH-0d60345572,버스,4111,2026-08-21 18:52:00,35.395787,126.863879,KR,DEV-fb8f5ab380
2587,7e5021d1-7d20-47c8-9e22-cd2cd2ccc30b,19800,MCH-ab42b36c0b,배달의민족,5812,2026-08-21 18:59:00,35.372707,126.836505,KR,DEV-fb8f5ab380
2588,7e5021d1-7d20-47c8-9e22-cd2cd2ccc30b,217800,MCH-e7751d42a2,올리브영,5977,2026-08-22 20:09:00,35.369161,126.827951,KR,DEV-fb8f5ab380
2589,8f1cc424-911d-4eda-b575-e9298c148f7c,211200,MCH-a5c765e6ce,프리스비,5732,2026-05-25 12:14:00,36.066444,128.764328,KR,DEV-38ea039604
2590,8f1cc424-911d-4eda-b575-e9298c148f7c,79200,MCH-ba944121a3,무신사,5651,2026-05-25 17:27:00,36.085432,128.807297,KR,DEV-38ea039604
2591,8f1cc424-911d-4eda-b575-e9298c148f7c,209000,MCH-ba944121a3,무신사,5651,2026-05-26 09:46:00,36.079635,128.797235,KR,DEV-38ea039604
2592,8f1cc424-911d-4eda-b575-e9298c148f7c,202400,MCH-ba944121a3,무신사,5651,2026-05-26 12:13:00,36.048251,128.779145,KR,DEV-38ea039604
2593,8f1cc424-911d-4eda-b575-e9298c148f7c,46200,MCH-ba944121a3,무신사,5651,2026-05-26 19:59:00,36.068562,128.804632,KR,DEV-38ea039604
2594,8f1cc424-911d-4eda-b575-e9298c148f7c,242000,MCH-ca5e0a9e0b,AWS,7372,2026-05-27 09:10:00,36.067722,128.774935,KR,DEV-38ea039604
2595,8f1cc424-911d-4eda-b575-e9298c148f7c,110000,MCH-bed94775b8,패스트파이브,7011,2026-05-28 12:28:00,36.058557,128.789436,KR,DEV-38ea039604
2596,8f1cc424-911d-4eda-b575-e9298c148f7c,103400,MCH-ba944121a3,무신사,5651,2026-05-30 08:29:00,36.07121,128.77608,KR,DEV-38ea039604
2597,8f1cc424-911d-4eda-b575-e9298c148f7c,173800,MCH-a5c765e6ce,프리스비,5732,2026-05-31 14:55:00,36.076045,128.76621,KR,DEV-38ea039604
2598,8f1cc424-911d-4eda-b575-e9298c148f7c,33000,MCH-493f24c455,쿠팡,5399,2026-05-31 18:28:00,36.087645,128.812424,KR,DEV-38ea039604
2599,8f1cc424-911d-4eda-b575-e9298c148f7c,176000,MCH-ca5e0a9e0b,AWS,7372,2026-05-31 21:11:00,36.079938,128.768102,KR,DEV-38ea039604
2600,8f1cc424-911d-4eda-b575-e9298c148f7c,59400,MCH-ab42b36c0b,배달의민족,5812,2026-06-01 20:13:00,36.083889,128.800561,KR,DEV-38ea039604
2601,8f1cc424-911d-4eda-b575-e9298c148f7c,191400,MCH-ba944121a3,무신사,5651,2026-06-02 10:42:00,36.090169,128.798365,KR,DEV-38ea039604
2602,8f1cc424-911d-4eda-b575-e9298c148f7c,352000,MCH-bed94775b8,패스트파이브,7011,2026-06-03 09:09:00,36.093427,128.7949,KR,DEV-38ea039604
2603,8f1cc424-911d-4eda-b575-e9298c148f7c,16280,MCH-0d60345572,버스,4111,2026-06-03 09:11:00,36.093429,128.761097,KR,DEV-38ea039604
2604,8f1cc424-911d-4eda-b575-e9298c148f7c,506000,MCH-8fff18fdd2,노션,7372,2026-06-03 22:35:00,36.0765,128.773646,KR,DEV-38ea039604
2605,8f1cc424-911d-4eda-b575-e9298c148f7c,165000,MCH-493f24c455,쿠팡,5399,2026-06-04 20:45:00,36.088364,128.799848,KR,DEV-38ea039604
2606,8f1cc424-911d-4eda-b575-e9298c148f7c,61600,MCH-8e35d3c146,김밥천국,5812,2026-06-05 13:37:00,36.054823,128.810677,KR,DEV-38ea039604
2607,8f1cc424-911d-4eda-b575-e9298c148f7c,79200,MCH-e7751d42a2,올리브영,5977,2026-06-06 09:39:00,36.085518,128.802936,KR,DEV-38ea039604
2608,8f1cc424-911d-4eda-b575-e9298c148f7c,24200,MCH-8e35d3c146,김밥천국,5812,2026-06-06 22:44:00,36.072196,128.770009,KR,DEV-38ea039604
2609,8f1cc424-911d-4eda-b575-e9298c148f7c,57200,MCH-e7751d42a2,올리브영,5977,2026-06-07 15:16:00,36.071395,128.763229,KR,DEV-38ea039604
2610,8f1cc424-911d-4eda-b575-e9298c148f7c,134200,MCH-ba944121a3,무신사,5651,2026-06-07 17:13:00,36.062787,128.782459,KR,DEV-38ea039604
2611,8f1cc424-911d-4eda-b575-e9298c148f7c,187000,MCH-493f24c455,쿠팡,5399,2026-06-07 18:34:00,36.045123,128.778047,KR,DEV-38ea039604
2612,8f1cc424-911d-4eda-b575-e9298c148f7c,41360,MCH-06553b267c,카카오택시,4121,2026-06-08 20:31:00,36.067741,128.766384,KR,DEV-38ea039604
2613,8f1cc424-911d-4eda-b575-e9298c148f7c,105600,MCH-493f24c455,쿠팡,5399,2026-06-14 17:38:00,36.063487,128.772916,KR,DEV-38ea039604
2614,8f1cc424-911d-4eda-b575-e9298c148f7c,418000,MCH-bed94775b8,패스트파이브,7011,2026-06-16 17:36:00,36.06719,128.788008,KR,DEV-38ea039604
2615,8f1cc424-911d-4eda-b575-e9298c148f7c,870000,MCH-489f756ae2,Steam_Global,5816,2026-06-16 18:05:00,36.086544,128.812357,CN,DEV-38ea039604
2616,8f1cc424-911d-4eda-b575-e9298c148f7c,418000,MCH-8fff18fdd2,노션,7372,2026-06-16 19:38:00,36.091653,128.80136,KR,DEV-38ea039604
2617,8f1cc424-911d-4eda-b575-e9298c148f7c,44000,MCH-493f24c455,쿠팡,5399,2026-06-17 20:11:00,36.05099,128.761319,KR,DEV-38ea039604
2618,8f1cc424-911d-4eda-b575-e9298c148f7c,50600,MCH-8e35d3c146,김밥천국,5812,2026-06-18 17:28:00,36.057695,128.795808,KR,DEV-38ea039604
2619,8f1cc424-911d-4eda-b575-e9298c148f7c,61600,MCH-ba944121a3,무신사,5651,2026-06-18 18:54:00,36.089601,128.808594,KR,DEV-38ea039604
2620,8f1cc424-911d-4eda-b575-e9298c148f7c,77000,MCH-a5c765e6ce,프리스비,5732,2026-06-18 20:56:00,36.060857,128.808802,KR,DEV-38ea039604
2621,8f1cc424-911d-4eda-b575-e9298c148f7c,176000,MCH-ba944121a3,무신사,5651,2026-06-20 13:26:00,36.086406,128.781705,KR,DEV-38ea039604
2622,8f1cc424-911d-4eda-b575-e9298c148f7c,90200,MCH-ba944121a3,무신사,5651,2026-06-20 18:51:00,36.074616,128.804398,KR,DEV-38ea039604
2623,8f1cc424-911d-4eda-b575-e9298c148f7c,88000,MCH-ba944121a3,무신사,5651,2026-06-21 13:32:00,36.043067,128.800217,KR,DEV-38ea039604
2624,8f1cc424-911d-4eda-b575-e9298c148f7c,220000,MCH-53b4838ce6,어도비(Adobe),5734,2026-06-21 14:12:00,36.087416,128.774142,KR,DEV-38ea039604
2625,8f1cc424-911d-4eda-b575-e9298c148f7c,92400,MCH-e7751d42a2,올리브영,5977,2026-06-21 19:58:00,36.093516,128.805936,KR,DEV-38ea039604
2626,8f1cc424-911d-4eda-b575-e9298c148f7c,200200,MCH-e7751d42a2,올리브영,5977,2026-06-22 14:51:00,36.076739,128.807181,KR,DEV-38ea039604
2627,8f1cc424-911d-4eda-b575-e9298c148f7c,140800,MCH-ba944121a3,무신사,5651,2026-06-22 17:16:00,36.05544,128.777438,KR,DEV-38ea039604
2628,8f1cc424-911d-4eda-b575-e9298c148f7c,132000,MCH-e7751d42a2,올리브영,5977,2026-06-22 21:40:00,36.075396,128.811907,KR,DEV-38ea039604
2629,8f1cc424-911d-4eda-b575-e9298c148f7c,211200,MCH-493f24c455,쿠팡,5399,2026-06-23 10:16:00,36.065144,128.773004,KR,DEV-38ea039604
2630,8f1cc424-911d-4eda-b575-e9298c148f7c,57200,MCH-ab42b36c0b,배달의민족,5812,2026-06-24 21:47:00,36.067944,128.791802,KR,DEV-38ea039604
2631,8f1cc424-911d-4eda-b575-e9298c148f7c,125400,MCH-e7751d42a2,올리브영,5977,2026-06-24 22:01:00,36.062712,128.806828,KR,DEV-38ea039604
2632,8f1cc424-911d-4eda-b575-e9298c148f7c,352000,MCH-53b4838ce6,어도비(Adobe),5734,2026-06-25 11:34:00,36.088038,128.761101,KR,DEV-38ea039604
2633,8f1cc424-911d-4eda-b575-e9298c148f7c,83600,MCH-a5c765e6ce,프리스비,5732,2026-06-25 19:38:00,36.080606,128.779443,KR,DEV-38ea039604
2634,8f1cc424-911d-4eda-b575-e9298c148f7c,57200,MCH-e7751d42a2,올리브영,5977,2026-06-26 13:00:00,36.065968,128.762335,KR,DEV-38ea039604
2635,8f1cc424-911d-4eda-b575-e9298c148f7c,110000,MCH-8fff18fdd2,노션,7372,2026-06-26 13:06:00,36.062061,128.768892,KR,DEV-38ea039604
2636,8f1cc424-911d-4eda-b575-e9298c148f7c,66000,MCH-ab42b36c0b,배달의민족,5812,2026-06-26 20:01:00,36.057554,128.79936,KR,DEV-38ea039604
2637,8f1cc424-911d-4eda-b575-e9298c148f7c,90200,MCH-ba944121a3,무신사,5651,2026-06-27 11:57:00,36.069099,128.806334,KR,DEV-38ea039604
2638,8f1cc424-911d-4eda-b575-e9298c148f7c,50600,MCH-e7751d42a2,올리브영,5977,2026-06-28 08:56:00,36.047204,128.791484,KR,DEV-38ea039604
2639,8f1cc424-911d-4eda-b575-e9298c148f7c,660000,MCH-ca5e0a9e0b,AWS,7372,2026-06-28 17:39:00,36.087166,128.810782,KR,DEV-38ea039604
2640,8f1cc424-911d-4eda-b575-e9298c148f7c,396000,MCH-bed94775b8,패스트파이브,7011,2026-06-28 19:02:00,36.076191,128.773746,KR,DEV-38ea039604
2641,8f1cc424-911d-4eda-b575-e9298c148f7c,63800,MCH-e7751d42a2,올리브영,5977,2026-06-29 14:19:00,36.064758,128.785447,KR,DEV-38ea039604
2642,8f1cc424-911d-4eda-b575-e9298c148f7c,4180000,MCH-bed94775b8,패스트파이브,7011,2026-06-30 18:23:00,36.045892,128.772943,KR,DEV-38ea039604
2643,8f1cc424-911d-4eda-b575-e9298c148f7c,99000,MCH-a5c765e6ce,프리스비,5732,2026-06-30 21:53:00,36.066124,128.789925,KR,DEV-38ea039604
2644,8f1cc424-911d-4eda-b575-e9298c148f7c,77000,MCH-493f24c455,쿠팡,5399,2026-07-01 17:11:00,36.064569,128.784771,KR,DEV-38ea039604
2645,8f1cc424-911d-4eda-b575-e9298c148f7c,572000,MCH-8fff18fdd2,노션,7372,2026-07-01 20:49:00,36.052551,128.777796,KR,DEV-38ea039604
2646,8f1cc424-911d-4eda-b575-e9298c148f7c,145200,MCH-493f24c455,쿠팡,5399,2026-07-01 21:33:00,36.051094,128.761056,KR,DEV-38ea039604
2647,8f1cc424-911d-4eda-b575-e9298c148f7c,41800,MCH-8e35d3c146,김밥천국,5812,2026-07-02 12:23:00,36.087811,128.790152,KR,DEV-38ea039604
2648,8f1cc424-911d-4eda-b575-e9298c148f7c,594000,MCH-53b4838ce6,어도비(Adobe),5734,2026-07-02 19:13:00,36.072976,128.811525,KR,DEV-38ea039604
2649,8f1cc424-911d-4eda-b575-e9298c148f7c,125400,MCH-493f24c455,쿠팡,5399,2026-07-02 22:44:00,36.054609,128.78157,KR,DEV-38ea039604
2650,8f1cc424-911d-4eda-b575-e9298c148f7c,29260,MCH-0d60345572,버스,4111,2026-07-05 11:27:00,36.093557,128.802884,KR,DEV-38ea039604
2651,8f1cc424-911d-4eda-b575-e9298c148f7c,44000,MCH-e7751d42a2,올리브영,5977,2026-07-05 15:02:00,36.06082,128.807258,KR,DEV-38ea039604
2652,8f1cc424-911d-4eda-b575-e9298c148f7c,156200,MCH-e7751d42a2,올리브영,5977,2026-07-05 16:46:00,36.069704,128.800496,KR,DEV-38ea039604
2653,8f1cc424-911d-4eda-b575-e9298c148f7c,38060,MCH-0d60345572,버스,4111,2026-07-06 10:30:00,36.078482,128.759733,KR,DEV-38ea039604
2654,8f1cc424-911d-4eda-b575-e9298c148f7c,48400,MCH-8e35d3c146,김밥천국,5812,2026-07-06 21:52:00,36.044301,128.759877,KR,DEV-38ea039604
2655,8f1cc424-911d-4eda-b575-e9298c148f7c,88000,MCH-493f24c455,쿠팡,5399,2026-07-07 10:40:00,36.089882,128.813208,KR,DEV-38ea039604
2656,8f1cc424-911d-4eda-b575-e9298c148f7c,61600,MCH-8e35d3c146,김밥천국,5812,2026-07-07 16:20:00,36.055035,128.799307,KR,DEV-38ea039604
2657,8f1cc424-911d-4eda-b575-e9298c148f7c,5500,MCH-0d60345572,버스,4111,2026-07-07 16:35:00,36.068345,128.773773,KR,DEV-38ea039604
2658,8f1cc424-911d-4eda-b575-e9298c148f7c,374000,MCH-bed94775b8,패스트파이브,7011,2026-07-08 11:14:00,36.086228,128.794422,KR,DEV-38ea039604
2659,8f1cc424-911d-4eda-b575-e9298c148f7c,17600,MCH-fb4fb59d3a,스타벅스,5814,2026-07-08 19:23:00,36.086841,128.803928,KR,DEV-38ea039604
2660,8f1cc424-911d-4eda-b575-e9298c148f7c,101200,MCH-493f24c455,쿠팡,5399,2026-07-09 08:28:00,36.060542,128.811468,KR,DEV-38ea039604
2661,8f1cc424-911d-4eda-b575-e9298c148f7c,77000,MCH-a5c765e6ce,프리스비,5732,2026-07-11 08:07:00,36.08667,128.802818,KR,DEV-38ea039604
2662,8f1cc424-911d-4eda-b575-e9298c148f7c,3520,MCH-0d60345572,버스,4111,2026-07-11 08:18:00,36.093865,128.792275,KR,DEV-38ea039604
2663,8f1cc424-911d-4eda-b575-e9298c148f7c,48400,MCH-a5c765e6ce,프리스비,5732,2026-07-13 12:33:00,36.082155,128.796794,KR,DEV-38ea039604
2664,8f1cc424-911d-4eda-b575-e9298c148f7c,418000,MCH-8fff18fdd2,노션,7372,2026-07-16 20:52:00,36.05674,128.783574,KR,DEV-38ea039604
2665,8f1cc424-911d-4eda-b575-e9298c148f7c,107800,MCH-a5c765e6ce,프리스비,5732,2026-07-16 21:45:00,36.065345,128.7704,KR,DEV-38ea039604
2666,8f1cc424-911d-4eda-b575-e9298c148f7c,44000,MCH-c563ceac18,맥도날드,5814,2026-07-17 10:55:00,36.086037,128.779599,KR,DEV-38ea039604
2667,8f1cc424-911d-4eda-b575-e9298c148f7c,68200,MCH-e7751d42a2,올리브영,5977,2026-07-17 17:22:00,36.082514,128.806387,KR,DEV-38ea039604
2668,8f1cc424-911d-4eda-b575-e9298c148f7c,127600,MCH-493f24c455,쿠팡,5399,2026-07-19 22:21:00,36.060916,128.784587,KR,DEV-38ea039604
2669,8f1cc424-911d-4eda-b575-e9298c148f7c,116600,MCH-e7751d42a2,올리브영,5977,2026-07-20 12:47:00,36.068925,128.790433,KR,DEV-38ea039604
2670,8f1cc424-911d-4eda-b575-e9298c148f7c,11000,MCH-ab42b36c0b,배달의민족,5812,2026-07-21 15:59:00,36.056752,128.79782,KR,DEV-38ea039604
2671,8f1cc424-911d-4eda-b575-e9298c148f7c,176000,MCH-e7751d42a2,올리브영,5977,2026-07-21 16:18:00,36.084379,128.760147,KR,DEV-38ea039604
2672,8f1cc424-911d-4eda-b575-e9298c148f7c,176000,MCH-493f24c455,쿠팡,5399,2026-07-21 17:08:00,36.047402,128.797882,KR,DEV-38ea039604
2673,8f1cc424-911d-4eda-b575-e9298c148f7c,217800,MCH-a5c765e6ce,프리스비,5732,2026-07-22 10:28:00,36.045385,128.762693,KR,DEV-38ea039604
2674,8f1cc424-911d-4eda-b575-e9298c148f7c,136400,MCH-a5c765e6ce,프리스비,5732,2026-07-22 21:21:00,36.060222,128.797059,KR,DEV-38ea039604
2675,8f1cc424-911d-4eda-b575-e9298c148f7c,107800,MCH-ba944121a3,무신사,5651,2026-07-23 13:36:00,36.082673,128.783776,KR,DEV-38ea039604
2676,8f1cc424-911d-4eda-b575-e9298c148f7c,46200,MCH-c563ceac18,맥도날드,5814,2026-07-23 15:09:00,36.061176,128.806876,KR,DEV-38ea039604
2677,8f1cc424-911d-4eda-b575-e9298c148f7c,125400,MCH-e7751d42a2,올리브영,5977,2026-07-24 22:23:00,36.066581,128.761425,KR,DEV-38ea039604
2678,8f1cc424-911d-4eda-b575-e9298c148f7c,66000,MCH-ba944121a3,무신사,5651,2026-07-25 10:21:00,36.077814,128.77777,KR,DEV-38ea039604
2679,8f1cc424-911d-4eda-b575-e9298c148f7c,61600,MCH-e7751d42a2,올리브영,5977,2026-07-25 14:27:00,36.057965,128.796531,KR,DEV-38ea039604
2680,8f1cc424-911d-4eda-b575-e9298c148f7c,105600,MCH-ba944121a3,무신사,5651,2026-07-26 17:46:00,36.042794,128.768464,KR,DEV-38ea039604
2681,8f1cc424-911d-4eda-b575-e9298c148f7c,48400,MCH-493f24c455,쿠팡,5399,2026-07-27 13:18:00,36.046758,128.808337,KR,DEV-38ea039604
2682,8f1cc424-911d-4eda-b575-e9298c148f7c,198000,MCH-bed94775b8,패스트파이브,7011,2026-07-27 18:30:00,36.083462,128.8086,KR,DEV-38ea039604
2683,8f1cc424-911d-4eda-b575-e9298c148f7c,9460,MCH-0d60345572,버스,4111,2026-07-27 19:40:00,36.051846,128.762734,KR,DEV-38ea039604
2684,8f1cc424-911d-4eda-b575-e9298c148f7c,90200,MCH-a5c765e6ce,프리스비,5732,2026-07-28 13:50:00,36.092975,128.782259,KR,DEV-38ea039604
2685,8f1cc424-911d-4eda-b575-e9298c148f7c,134200,MCH-e7751d42a2,올리브영,5977,2026-07-28 22:27:00,36.083898,128.778433,KR,DEV-38ea039604
2686,8f1cc424-911d-4eda-b575-e9298c148f7c,77000,MCH-e7751d42a2,올리브영,5977,2026-07-29 09:40:00,36.061209,128.77716,KR,DEV-38ea039604
2687,8f1cc424-911d-4eda-b575-e9298c148f7c,114400,MCH-493f24c455,쿠팡,5399,2026-07-29 11:05:00,36.046133,128.786517,KR,DEV-38ea039604
2688,8f1cc424-911d-4eda-b575-e9298c148f7c,33000,MCH-e7751d42a2,올리브영,5977,2026-07-29 12:51:00,36.0877,128.781753,KR,DEV-38ea039604
2689,8f1cc424-911d-4eda-b575-e9298c148f7c,200200,MCH-a5c765e6ce,프리스비,5732,2026-07-30 09:05:00,36.042985,128.77944,KR,DEV-38ea039604
2690,8f1cc424-911d-4eda-b575-e9298c148f7c,550000,MCH-8fff18fdd2,노션,7372,2026-07-30 18:01:00,36.069477,128.811,KR,DEV-38ea039604
2691,8f1cc424-911d-4eda-b575-e9298c148f7c,154000,MCH-ca5e0a9e0b,AWS,7372,2026-07-30 18:43:00,36.053237,128.789395,KR,DEV-38ea039604
2692,8f1cc424-911d-4eda-b575-e9298c148f7c,57200,MCH-c563ceac18,맥도날드,5814,2026-07-31 18:46:00,36.049923,128.774749,KR,DEV-38ea039604
2693,8f1cc424-911d-4eda-b575-e9298c148f7c,57200,MCH-fb4fb59d3a,스타벅스,5814,2026-08-01 18:56:00,36.064608,128.786357,KR,DEV-38ea039604
2694,8f1cc424-911d-4eda-b575-e9298c148f7c,48400,MCH-fb4fb59d3a,스타벅스,5814,2026-08-02 11:19:00,36.055934,128.804927,KR,DEV-38ea039604
2695,8f1cc424-911d-4eda-b575-e9298c148f7c,46200,MCH-c563ceac18,맥도날드,5814,2026-08-02 12:18:00,36.092186,128.813087,KR,DEV-38ea039604
2696,8f1cc424-911d-4eda-b575-e9298c148f7c,154000,MCH-ba944121a3,무신사,5651,2026-08-02 14:15:00,36.065492,128.764712,KR,DEV-38ea039604
2697,8f1cc424-911d-4eda-b575-e9298c148f7c,20460,MCH-5b1162a765,KTX,4112,2026-08-04 12:54:00,36.063058,128.775131,KR,DEV-38ea039604
2698,8f1cc424-911d-4eda-b575-e9298c148f7c,187000,MCH-493f24c455,쿠팡,5399,2026-08-05 15:28:00,36.065089,128.801769,KR,DEV-38ea039604
2699,8f1cc424-911d-4eda-b575-e9298c148f7c,46200,MCH-8e35d3c146,김밥천국,5812,2026-08-05 15:42:00,36.057522,128.792282,KR,DEV-38ea039604
2700,8f1cc424-911d-4eda-b575-e9298c148f7c,52800,MCH-8e35d3c146,김밥천국,5812,2026-08-05 21:27:00,36.051672,128.796327,KR,DEV-38ea039604
2701,8f1cc424-911d-4eda-b575-e9298c148f7c,101200,MCH-e7751d42a2,올리브영,5977,2026-08-06 09:51:00,36.074144,128.812464,KR,DEV-38ea039604
2702,8f1cc424-911d-4eda-b575-e9298c148f7c,204600,MCH-a5c765e6ce,프리스비,5732,2026-08-06 12:00:00,36.084859,128.781146,KR,DEV-38ea039604
2703,8f1cc424-911d-4eda-b575-e9298c148f7c,18260,MCH-5df4849ce1,지하철,4111,2026-08-07 14:35:00,36.072343,128.802081,KR,DEV-38ea039604
2704,8f1cc424-911d-4eda-b575-e9298c148f7c,217800,MCH-493f24c455,쿠팡,5399,2026-08-07 16:11:00,36.06379,128.81318,KR,DEV-38ea039604
2705,8f1cc424-911d-4eda-b575-e9298c148f7c,107800,MCH-ba944121a3,무신사,5651,2026-08-07 20:37:00,36.072711,128.759942,KR,DEV-38ea039604
2706,8f1cc424-911d-4eda-b575-e9298c148f7c,46200,MCH-e7751d42a2,올리브영,5977,2026-08-08 14:43:00,36.053425,128.770574,KR,DEV-38ea039604
2707,8f1cc424-911d-4eda-b575-e9298c148f7c,440000,MCH-8fff18fdd2,노션,7372,2026-08-09 16:15:00,36.06777,128.775602,KR,DEV-38ea039604
2708,8f1cc424-911d-4eda-b575-e9298c148f7c,173800,MCH-ba944121a3,무신사,5651,2026-08-10 14:35:00,36.090695,128.812363,KR,DEV-38ea039604
2709,8f1cc424-911d-4eda-b575-e9298c148f7c,572000,MCH-bed94775b8,패스트파이브,7011,2026-08-10 14:41:00,36.061992,128.80259,KR,DEV-38ea039604
2710,8f1cc424-911d-4eda-b575-e9298c148f7c,242000,MCH-8fff18fdd2,노션,7372,2026-08-10 14:58:00,36.064117,128.79389,KR,DEV-38ea039604
2711,8f1cc424-911d-4eda-b575-e9298c148f7c,37400,MCH-c563ceac18,맥도날드,5814,2026-08-10 18:47:00,36.044104,128.778399,KR,DEV-38ea039604
2712,8f1cc424-911d-4eda-b575-e9298c148f7c,103400,MCH-e7751d42a2,올리브영,5977,2026-08-11 10:02:00,36.046983,128.811349,KR,DEV-38ea039604
2713,8f1cc424-911d-4eda-b575-e9298c148f7c,99000,MCH-493f24c455,쿠팡,5399,2026-08-11 11:20:00,36.076714,128.802827,KR,DEV-38ea039604
2714,8f1cc424-911d-4eda-b575-e9298c148f7c,103400,MCH-ba944121a3,무신사,5651,2026-08-11 15:45:00,36.049337,128.812352,KR,DEV-38ea039604
2715,8f1cc424-911d-4eda-b575-e9298c148f7c,193600,MCH-493f24c455,쿠팡,5399,2026-08-11 16:22:00,36.061106,128.762083,KR,DEV-38ea039604
2716,8f1cc424-911d-4eda-b575-e9298c148f7c,14740,MCH-5df4849ce1,지하철,4111,2026-08-12 16:06:00,36.078576,128.761916,KR,DEV-38ea039604
2717,8f1cc424-911d-4eda-b575-e9298c148f7c,594000,MCH-ca5e0a9e0b,AWS,7372,2026-08-12 17:32:00,36.075012,128.812796,KR,DEV-38ea039604
2718,8f1cc424-911d-4eda-b575-e9298c148f7c,83600,MCH-a5c765e6ce,프리스비,5732,2026-08-12 21:31:00,36.066898,128.782224,KR,DEV-38ea039604
2719,8f1cc424-911d-4eda-b575-e9298c148f7c,50000,MCH-cf62dbb6a8,게임아이템_스토어,7994,2026-08-12 22:47:00,36.084444,128.792618,KR,DEV-38ea039604
2720,8f1cc424-911d-4eda-b575-e9298c148f7c,50000,MCH-cf62dbb6a8,게임아이템_스토어,7994,2026-08-12 22:48:00,36.084444,128.792618,KR,DEV-38ea039604
2721,8f1cc424-911d-4eda-b575-e9298c148f7c,50000,MCH-cf62dbb6a8,게임아이템_스토어,7994,2026-08-12 22:49:00,36.084444,128.792618,KR,DEV-38ea039604
2722,8f1cc424-911d-4eda-b575-e9298c148f7c,330000,MCH-489f756ae2,Steam_Global,5816,2026-08-13 11:39:00,36.086976,128.784914,UK,DEV-38ea039604
2723,8f1cc424-911d-4eda-b575-e9298c148f7c,46200,MCH-fb4fb59d3a,스타벅스,5814,2026-08-13 12:22:00,36.043515,128.778998,KR,DEV-38ea039604
2724,8f1cc424-911d-4eda-b575-e9298c148f7c,352000,MCH-bed94775b8,패스트파이브,7011,2026-08-13 17:38:00,36.086508,128.801423,KR,DEV-38ea039604
2725,8f1cc424-911d-4eda-b575-e9298c148f7c,39600,MCH-fb4fb59d3a,스타벅스,5814,2026-08-14 09:00:00,36.089657,128.798236,KR,DEV-38ea039604
2726,8f1cc424-911d-4eda-b575-e9298c148f7c,11000,MCH-ab42b36c0b,배달의민족,5812,2026-08-14 18:30:00,36.09002,128.786574,KR,DEV-38ea039604
2727,8f1cc424-911d-4eda-b575-e9298c148f7c,160600,MCH-a5c765e6ce,프리스비,5732,2026-08-15 09:18:00,36.070896,128.783978,KR,DEV-38ea039604
2728,8f1cc424-911d-4eda-b575-e9298c148f7c,15400,MCH-c563ceac18,맥도날드,5814,2026-08-15 17:08:00,36.054109,128.804443,KR,DEV-38ea039604
2729,8f1cc424-911d-4eda-b575-e9298c148f7c,264000,MCH-ca5e0a9e0b,AWS,7372,2026-08-16 11:25:00,36.064151,128.778336,KR,DEV-38ea039604
2730,8f1cc424-911d-4eda-b575-e9298c148f7c,72600,MCH-ba944121a3,무신사,5651,2026-08-16 12:29:00,36.063548,128.778575,KR,DEV-38ea039604
2731,8f1cc424-911d-4eda-b575-e9298c148f7c,151800,MCH-493f24c455,쿠팡,5399,2026-08-17 17:00:00,36.090774,128.80925,KR,DEV-38ea039604
2732,8f1cc424-911d-4eda-b575-e9298c148f7c,209000,MCH-ba944121a3,무신사,5651,2026-08-17 22:30:00,36.091999,128.80768,KR,DEV-38ea039604
2733,8f1cc424-911d-4eda-b575-e9298c148f7c,35200,MCH-fb4fb59d3a,스타벅스,5814,2026-08-17 22:47:00,36.048961,128.798478,KR,DEV-38ea039604
2734,8f1cc424-911d-4eda-b575-e9298c148f7c,200200,MCH-ba944121a3,무신사,5651,2026-08-18 11:51:00,36.045678,128.787588,KR,DEV-38ea039604
2735,8f1cc424-911d-4eda-b575-e9298c148f7c,149600,MCH-493f24c455,쿠팡,5399,2026-08-19 13:30:00,36.069813,128.799022,KR,DEV-38ea039604
2736,8f1cc424-911d-4eda-b575-e9298c148f7c,59400,MCH-fb4fb59d3a,스타벅스,5814,2026-08-19 16:14:00,36.089632,128.790784,KR,DEV-38ea039604
2737,8f1cc424-911d-4eda-b575-e9298c148f7c,37400,MCH-a5c765e6ce,프리스비,5732,2026-08-19 18:55:00,36.051321,128.802772,KR,DEV-38ea039604
2738,8f1cc424-911d-4eda-b575-e9298c148f7c,24200,MCH-c563ceac18,맥도날드,5814,2026-08-20 12:25:00,36.042951,128.776426,KR,DEV-38ea039604
2739,8f1cc424-911d-4eda-b575-e9298c148f7c,63800,MCH-e7751d42a2,올리브영,5977,2026-08-20 17:01:00,36.055507,128.799876,KR,DEV-38ea039604
2740,8f1cc424-911d-4eda-b575-e9298c148f7c,123200,MCH-493f24c455,쿠팡,5399,2026-08-20 19:19:00,36.043045,128.763062,KR,DEV-38ea039604
2741,8f1cc424-911d-4eda-b575-e9298c148f7c,116600,MCH-e7751d42a2,올리브영,5977,2026-08-21 11:29:00,36.052156,128.772213,KR,DEV-38ea039604
2742,8f1cc424-911d-4eda-b575-e9298c148f7c,66000,MCH-e7751d42a2,올리브영,5977,2026-08-21 14:49:00,36.04404,128.790566,KR,DEV-38ea039604
2743,8f1cc424-911d-4eda-b575-e9298c148f7c,154000,MCH-bed94775b8,패스트파이브,7011,2026-08-22 15:41:00,36.053286,128.770811,KR,DEV-38ea039604
2744,8f1cc424-911d-4eda-b575-e9298c148f7c,11000,MCH-8e35d3c146,김밥천국,5812,2026-08-22 21:47:00,36.042963,128.794302,KR,DEV-38ea039604
2745,8f1cc424-911d-4eda-b575-e9298c148f7c,187000,MCH-a5c765e6ce,프리스비,5732,2026-08-22 22:43:00,36.044503,128.803608,KR,DEV-38ea039604
2746,93163119-0cb3-4d08-b56f-3d8d02fdab1a,44000,MCH-8e35d3c146,김밥천국,5812,2026-05-25 10:02:00,37.423313,127.481398,KR,DEV-343a0ea886
2747,93163119-0cb3-4d08-b56f-3d8d02fdab1a,572000,MCH-53b4838ce6,어도비(Adobe),5734,2026-05-26 20:29:00,37.429765,127.519991,KR,DEV-343a0ea886
2748,93163119-0cb3-4d08-b56f-3d8d02fdab1a,59400,MCH-fb4fb59d3a,스타벅스,5814,2026-05-27 09:41:00,37.428192,127.508731,KR,DEV-343a0ea886
2749,93163119-0cb3-4d08-b56f-3d8d02fdab1a,330000,MCH-bed94775b8,패스트파이브,7011,2026-05-27 21:56:00,37.451024,127.511943,KR,DEV-343a0ea886
2750,93163119-0cb3-4d08-b56f-3d8d02fdab1a,31900,MCH-5df4849ce1,지하철,4111,2026-05-28 22:49:00,37.443037,127.500101,KR,DEV-343a0ea886
2751,93163119-0cb3-4d08-b56f-3d8d02fdab1a,63800,MCH-493f24c455,쿠팡,5399,2026-05-29 15:40:00,37.413993,127.510327,KR,DEV-343a0ea886
2752,93163119-0cb3-4d08-b56f-3d8d02fdab1a,19800,MCH-8e35d3c146,김밥천국,5812,2026-05-29 16:11:00,37.435772,127.501336,KR,DEV-343a0ea886
2753,93163119-0cb3-4d08-b56f-3d8d02fdab1a,22000,MCH-c563ceac18,맥도날드,5814,2026-05-30 09:24:00,37.430992,127.502171,KR,DEV-343a0ea886
2754,93163119-0cb3-4d08-b56f-3d8d02fdab1a,184800,MCH-493f24c455,쿠팡,5399,2026-05-30 22:46:00,37.430784,127.506976,KR,DEV-343a0ea886
2755,93163119-0cb3-4d08-b56f-3d8d02fdab1a,22000,MCH-ab42b36c0b,배달의민족,5812,2026-06-01 19:28:00,37.434819,127.501008,KR,DEV-343a0ea886
2756,93163119-0cb3-4d08-b56f-3d8d02fdab1a,17600,MCH-fb4fb59d3a,스타벅스,5814,2026-06-02 14:29:00,37.444065,127.519261,KR,DEV-343a0ea886
2757,93163119-0cb3-4d08-b56f-3d8d02fdab1a,220000,MCH-ca5e0a9e0b,AWS,7372,2026-06-02 22:24:00,37.436314,127.480427,KR,DEV-343a0ea886
2758,93163119-0cb3-4d08-b56f-3d8d02fdab1a,200200,MCH-a5c765e6ce,프리스비,5732,2026-06-06 08:11:00,37.422407,127.516303,KR,DEV-343a0ea886
2759,93163119-0cb3-4d08-b56f-3d8d02fdab1a,396000,MCH-ca5e0a9e0b,AWS,7372,2026-06-06 15:14:00,37.4151,127.49889,KR,DEV-343a0ea886
2760,93163119-0cb3-4d08-b56f-3d8d02fdab1a,167200,MCH-493f24c455,쿠팡,5399,2026-06-06 18:51:00,37.406318,127.473679,KR,DEV-343a0ea886
2761,93163119-0cb3-4d08-b56f-3d8d02fdab1a,88000,MCH-e7751d42a2,올리브영,5977,2026-06-07 09:38:00,37.443426,127.486767,KR,DEV-343a0ea886
2762,93163119-0cb3-4d08-b56f-3d8d02fdab1a,90000,MCH-cf62dbb6a8,게임아이템_스토어,7994,2026-06-07 16:20:00,37.40595,127.487215,KR,DEV-343a0ea886
2763,93163119-0cb3-4d08-b56f-3d8d02fdab1a,90000,MCH-cf62dbb6a8,게임아이템_스토어,7994,2026-06-07 16:21:00,37.40595,127.487215,KR,DEV-343a0ea886
2764,93163119-0cb3-4d08-b56f-3d8d02fdab1a,90000,MCH-cf62dbb6a8,게임아이템_스토어,7994,2026-06-07 16:22:00,37.40595,127.487215,KR,DEV-343a0ea886
2765,93163119-0cb3-4d08-b56f-3d8d02fdab1a,123200,MCH-ba944121a3,무신사,5651,2026-06-07 20:20:00,37.43922,127.474752,KR,DEV-343a0ea886
2766,93163119-0cb3-4d08-b56f-3d8d02fdab1a,374000,MCH-bed94775b8,패스트파이브,7011,2026-06-08 12:42:00,37.427318,127.510721,KR,DEV-343a0ea886
2767,93163119-0cb3-4d08-b56f-3d8d02fdab1a,37620,MCH-5b1162a765,KTX,4112,2026-06-08 15:03:00,37.409673,127.498316,KR,DEV-343a0ea886
2768,93163119-0cb3-4d08-b56f-3d8d02fdab1a,43560,MCH-0d60345572,버스,4111,2026-06-08 22:00:00,37.399275,127.521948,KR,DEV-343a0ea886
2769,93163119-0cb3-4d08-b56f-3d8d02fdab1a,187000,MCH-a5c765e6ce,프리스비,5732,2026-06-09 10:36:00,37.421666,127.503633,KR,DEV-343a0ea886
2770,93163119-0cb3-4d08-b56f-3d8d02fdab1a,28600,MCH-c563ceac18,맥도날드,5814,2026-06-10 08:27:00,37.416609,127.476338,KR,DEV-343a0ea886
2771,93163119-0cb3-4d08-b56f-3d8d02fdab1a,22000,MCH-fb4fb59d3a,스타벅스,5814,2026-06-11 12:02:00,37.401041,127.504877,KR,DEV-343a0ea886
2772,93163119-0cb3-4d08-b56f-3d8d02fdab1a,27940,MCH-0d60345572,버스,4111,2026-06-11 17:27:00,37.422008,127.507598,KR,DEV-343a0ea886
2773,93163119-0cb3-4d08-b56f-3d8d02fdab1a,165000,MCH-e7751d42a2,올리브영,5977,2026-06-11 20:04:00,37.400566,127.507928,KR,DEV-343a0ea886
2774,93163119-0cb3-4d08-b56f-3d8d02fdab1a,132000,MCH-8fff18fdd2,노션,7372,2026-06-12 15:47:00,37.43119,127.476315,KR,DEV-343a0ea886
2775,93163119-0cb3-4d08-b56f-3d8d02fdab1a,101200,MCH-493f24c455,쿠팡,5399,2026-06-12 16:42:00,37.398459,127.505783,KR,DEV-343a0ea886
2776,93163119-0cb3-4d08-b56f-3d8d02fdab1a,33000,MCH-ab42b36c0b,배달의민족,5812,2026-06-12 19:26:00,37.428314,127.520875,KR,DEV-343a0ea886
2777,93163119-0cb3-4d08-b56f-3d8d02fdab1a,41800,MCH-fb4fb59d3a,스타벅스,5814,2026-06-13 14:19:00,37.402308,127.473583,KR,DEV-343a0ea886
2778,93163119-0cb3-4d08-b56f-3d8d02fdab1a,286000,MCH-ca5e0a9e0b,AWS,7372,2026-06-13 17:25:00,37.419586,127.475324,KR,DEV-343a0ea886
2779,93163119-0cb3-4d08-b56f-3d8d02fdab1a,198000,MCH-53b4838ce6,어도비(Adobe),5734,2026-06-13 22:09:00,37.447473,127.497591,KR,DEV-343a0ea886
2780,93163119-0cb3-4d08-b56f-3d8d02fdab1a,57200,MCH-8e35d3c146,김밥천국,5812,2026-06-15 10:20:00,37.413599,127.498761,KR,DEV-343a0ea886
2781,93163119-0cb3-4d08-b56f-3d8d02fdab1a,484000,MCH-ca5e0a9e0b,AWS,7372,2026-06-15 12:33:00,37.436475,127.47468,KR,DEV-343a0ea886
2782,93163119-0cb3-4d08-b56f-3d8d02fdab1a,209000,MCH-ba944121a3,무신사,5651,2026-06-16 08:10:00,37.407375,127.505453,KR,DEV-343a0ea886
2783,93163119-0cb3-4d08-b56f-3d8d02fdab1a,220000,MCH-ba944121a3,무신사,5651,2026-06-16 14:12:00,37.410875,127.519813,KR,DEV-343a0ea886
2784,93163119-0cb3-4d08-b56f-3d8d02fdab1a,22000,MCH-8e35d3c146,김밥천국,5812,2026-06-16 17:38:00,37.416596,127.498611,KR,DEV-343a0ea886
2785,93163119-0cb3-4d08-b56f-3d8d02fdab1a,99000,MCH-a5c765e6ce,프리스비,5732,2026-06-17 17:04:00,37.436167,127.492712,KR,DEV-343a0ea886
2786,93163119-0cb3-4d08-b56f-3d8d02fdab1a,26400,MCH-8e35d3c146,김밥천국,5812,2026-06-17 17:35:00,37.412564,127.486933,KR,DEV-343a0ea886
2787,93163119-0cb3-4d08-b56f-3d8d02fdab1a,132000,MCH-ca5e0a9e0b,AWS,7372,2026-06-18 21:06:00,37.443413,127.51985,KR,DEV-343a0ea886
2788,93163119-0cb3-4d08-b56f-3d8d02fdab1a,33000,MCH-c563ceac18,맥도날드,5814,2026-06-18 21:14:00,37.419001,127.514124,KR,DEV-343a0ea886
2789,93163119-0cb3-4d08-b56f-3d8d02fdab1a,59400,MCH-ab42b36c0b,배달의민족,5812,2026-06-18 22:08:00,37.407605,127.486078,KR,DEV-343a0ea886
2790,93163119-0cb3-4d08-b56f-3d8d02fdab1a,90200,MCH-e7751d42a2,올리브영,5977,2026-06-19 12:55:00,37.411492,127.491099,KR,DEV-343a0ea886
2791,93163119-0cb3-4d08-b56f-3d8d02fdab1a,92400,MCH-ba944121a3,무신사,5651,2026-06-19 14:10:00,37.410902,127.508719,KR,DEV-343a0ea886
2792,93163119-0cb3-4d08-b56f-3d8d02fdab1a,352000,MCH-ca5e0a9e0b,AWS,7372,2026-06-19 15:02:00,37.425645,127.494155,KR,DEV-343a0ea886
2793,93163119-0cb3-4d08-b56f-3d8d02fdab1a,308000,MCH-8fff18fdd2,노션,7372,2026-06-20 17:21:00,37.402784,127.489827,KR,DEV-343a0ea886
2794,93163119-0cb3-4d08-b56f-3d8d02fdab1a,220000,MCH-53b4838ce6,어도비(Adobe),5734,2026-06-21 17:07:00,37.417558,127.498807,KR,DEV-343a0ea886
2795,93163119-0cb3-4d08-b56f-3d8d02fdab1a,81400,MCH-e7751d42a2,올리브영,5977,2026-06-21 21:40:00,37.441038,127.505624,KR,DEV-343a0ea886
2796,93163119-0cb3-4d08-b56f-3d8d02fdab1a,308000,MCH-bed94775b8,패스트파이브,7011,2026-06-22 10:37:00,37.423642,127.504471,KR,DEV-343a0ea886
2797,93163119-0cb3-4d08-b56f-3d8d02fdab1a,21340,MCH-5df4849ce1,지하철,4111,2026-06-22 11:41:00,37.424182,127.495374,KR,DEV-343a0ea886
2798,93163119-0cb3-4d08-b56f-3d8d02fdab1a,134200,MCH-493f24c455,쿠팡,5399,2026-06-22 11:54:00,37.430518,127.519158,KR,DEV-343a0ea886
2799,93163119-0cb3-4d08-b56f-3d8d02fdab1a,120000,MCH-cf62dbb6a8,게임아이템_스토어,7994,2026-06-22 13:07:00,37.411208,127.524532,KR,DEV-343a0ea886
2800,93163119-0cb3-4d08-b56f-3d8d02fdab1a,120000,MCH-cf62dbb6a8,게임아이템_스토어,7994,2026-06-22 13:08:00,37.411208,127.524532,KR,DEV-343a0ea886
2801,93163119-0cb3-4d08-b56f-3d8d02fdab1a,120000,MCH-cf62dbb6a8,게임아이템_스토어,7994,2026-06-22 13:09:00,37.411208,127.524532,KR,DEV-343a0ea886
2802,93163119-0cb3-4d08-b56f-3d8d02fdab1a,132000,MCH-ca5e0a9e0b,AWS,7372,2026-06-24 13:29:00,37.423047,127.502222,KR,DEV-343a0ea886
2803,93163119-0cb3-4d08-b56f-3d8d02fdab1a,19800,MCH-fb4fb59d3a,스타벅스,5814,2026-06-25 12:25:00,37.437103,127.525401,KR,DEV-343a0ea886
2804,93163119-0cb3-4d08-b56f-3d8d02fdab1a,308000,MCH-ca5e0a9e0b,AWS,7372,2026-06-26 11:47:00,37.426018,127.508261,KR,DEV-343a0ea886
2805,93163119-0cb3-4d08-b56f-3d8d02fdab1a,202400,MCH-e7751d42a2,올리브영,5977,2026-06-28 09:56:00,37.429254,127.49381,KR,DEV-343a0ea886
2806,93163119-0cb3-4d08-b56f-3d8d02fdab1a,200200,MCH-ba944121a3,무신사,5651,2026-06-28 19:40:00,37.440283,127.51449,KR,DEV-343a0ea886
2807,93163119-0cb3-4d08-b56f-3d8d02fdab1a,240000,MCH-fa2d4c28ac,AliExpress_CN,5399,2026-06-28 23:01:00,37.419837,127.51166,CN,DEV-343a0ea886
2808,93163119-0cb3-4d08-b56f-3d8d02fdab1a,1710000,MCH-cac2f457b6,금은방_귀금속,5944,2026-06-29 03:05:00,37.402905,127.480376,KR,DEV-343a0ea886
2809,93163119-0cb3-4d08-b56f-3d8d02fdab1a,1420000,MCH-9449f2d5d1,중고거래_송금,6051,2026-06-29 04:37:00,37.401286,127.513244,KR,DEV-343a0ea886
2810,93163119-0cb3-4d08-b56f-3d8d02fdab1a,211200,MCH-a5c765e6ce,프리스비,5732,2026-07-02 10:07:00,37.447276,127.505041,KR,DEV-343a0ea886
2811,93163119-0cb3-4d08-b56f-3d8d02fdab1a,19800,MCH-ab42b36c0b,배달의민족,5812,2026-07-02 13:02:00,37.400342,127.492615,KR,DEV-343a0ea886
2812,93163119-0cb3-4d08-b56f-3d8d02fdab1a,173800,MCH-ba944121a3,무신사,5651,2026-07-02 22:16:00,37.430526,127.51271,KR,DEV-343a0ea886
2813,93163119-0cb3-4d08-b56f-3d8d02fdab1a,195800,MCH-e7751d42a2,올리브영,5977,2026-07-04 13:10:00,37.435233,127.500299,KR,DEV-343a0ea886
2814,93163119-0cb3-4d08-b56f-3d8d02fdab1a,94600,MCH-ba944121a3,무신사,5651,2026-07-04 21:31:00,37.4424,127.478848,KR,DEV-343a0ea886
2815,93163119-0cb3-4d08-b56f-3d8d02fdab1a,198000,MCH-a5c765e6ce,프리스비,5732,2026-07-05 11:01:00,37.445494,127.519997,KR,DEV-343a0ea886
2816,93163119-0cb3-4d08-b56f-3d8d02fdab1a,217800,MCH-e7751d42a2,올리브영,5977,2026-07-05 15:44:00,37.435402,127.503886,KR,DEV-343a0ea886
2817,93163119-0cb3-4d08-b56f-3d8d02fdab1a,140800,MCH-a5c765e6ce,프리스비,5732,2026-07-06 15:27:00,37.422459,127.515841,KR,DEV-343a0ea886
2818,93163119-0cb3-4d08-b56f-3d8d02fdab1a,26400,MCH-ab42b36c0b,배달의민족,5812,2026-07-06 17:03:00,37.433455,127.477062,KR,DEV-343a0ea886
2819,93163119-0cb3-4d08-b56f-3d8d02fdab1a,570000,MCH-96930209b1,Amazon_US,5942,2026-07-06 18:13:00,37.413954,127.505297,UK,DEV-343a0ea886
2820,93163119-0cb3-4d08-b56f-3d8d02fdab1a,92400,MCH-ba944121a3,무신사,5651,2026-07-07 13:19:00,37.431296,127.49218,KR,DEV-343a0ea886
2821,93163119-0cb3-4d08-b56f-3d8d02fdab1a,63800,MCH-ab42b36c0b,배달의민족,5812,2026-07-07 16:40:00,37.420536,127.472848,KR,DEV-343a0ea886
2822,93163119-0cb3-4d08-b56f-3d8d02fdab1a,210000,MCH-96930209b1,Amazon_US,5942,2026-07-08 01:05:00,37.423374,127.517164,UK,DEV-343a0ea886
2823,93163119-0cb3-4d08-b56f-3d8d02fdab1a,173800,MCH-493f24c455,쿠팡,5399,2026-07-08 13:50:00,37.404157,127.48647,KR,DEV-343a0ea886
2824,93163119-0cb3-4d08-b56f-3d8d02fdab1a,61600,MCH-e7751d42a2,올리브영,5977,2026-07-08 16:01:00,37.418145,127.507327,KR,DEV-343a0ea886
2825,93163119-0cb3-4d08-b56f-3d8d02fdab1a,165000,MCH-a5c765e6ce,프리스비,5732,2026-07-09 20:29:00,37.417284,127.489656,KR,DEV-343a0ea886
2826,93163119-0cb3-4d08-b56f-3d8d02fdab1a,74800,MCH-e7751d42a2,올리브영,5977,2026-07-10 13:04:00,37.444418,127.485096,KR,DEV-343a0ea886
2827,93163119-0cb3-4d08-b56f-3d8d02fdab1a,123200,MCH-8fff18fdd2,노션,7372,2026-07-10 15:57:00,37.421271,127.519826,KR,DEV-08e81def05
2828,93163119-0cb3-4d08-b56f-3d8d02fdab1a,528000,MCH-ca5e0a9e0b,AWS,7372,2026-07-11 12:36:00,37.438871,127.517533,KR,DEV-343a0ea886
2829,93163119-0cb3-4d08-b56f-3d8d02fdab1a,55000,MCH-493f24c455,쿠팡,5399,2026-07-11 18:31:00,37.437337,127.516309,KR,DEV-343a0ea886
2830,93163119-0cb3-4d08-b56f-3d8d02fdab1a,3920000,MCH-9449f2d5d1,중고거래_송금,6051,2026-07-12 02:08:00,37.42738,127.512534,KR,DEV-343a0ea886
2831,93163119-0cb3-4d08-b56f-3d8d02fdab1a,107800,MCH-e7751d42a2,올리브영,5977,2026-07-12 08:28:00,37.404782,127.515795,KR,DEV-343a0ea886
2832,93163119-0cb3-4d08-b56f-3d8d02fdab1a,195800,MCH-e7751d42a2,올리브영,5977,2026-07-12 22:36:00,37.405858,127.51399,KR,DEV-343a0ea886
2833,93163119-0cb3-4d08-b56f-3d8d02fdab1a,107800,MCH-493f24c455,쿠팡,5399,2026-07-13 08:32:00,37.413976,127.510556,KR,DEV-343a0ea886
2834,93163119-0cb3-4d08-b56f-3d8d02fdab1a,77000,MCH-e7751d42a2,올리브영,5977,2026-07-13 17:18:00,37.429975,127.497532,KR,DEV-343a0ea886
2835,93163119-0cb3-4d08-b56f-3d8d02fdab1a,7040,MCH-0d60345572,버스,4111,2026-07-13 19:12:00,37.414386,127.519525,KR,DEV-343a0ea886
2836,93163119-0cb3-4d08-b56f-3d8d02fdab1a,180400,MCH-ba944121a3,무신사,5651,2026-07-15 15:12:00,37.444941,127.475594,KR,DEV-343a0ea886
2837,93163119-0cb3-4d08-b56f-3d8d02fdab1a,572000,MCH-ca5e0a9e0b,AWS,7372,2026-07-16 11:44:00,37.445848,127.525344,KR,DEV-343a0ea886
2838,93163119-0cb3-4d08-b56f-3d8d02fdab1a,13200,MCH-8e35d3c146,김밥천국,5812,2026-07-17 11:12:00,37.448687,127.475039,KR,DEV-343a0ea886
2839,93163119-0cb3-4d08-b56f-3d8d02fdab1a,30800,MCH-ab42b36c0b,배달의민족,5812,2026-07-17 12:05:00,37.436986,127.508089,KR,DEV-343a0ea886
2840,93163119-0cb3-4d08-b56f-3d8d02fdab1a,57200,MCH-c563ceac18,맥도날드,5814,2026-07-18 08:40:00,37.432376,127.518232,KR,DEV-343a0ea886
2841,93163119-0cb3-4d08-b56f-3d8d02fdab1a,616000,MCH-53b4838ce6,어도비(Adobe),5734,2026-07-18 10:43:00,37.407863,127.483502,KR,DEV-343a0ea886
2842,93163119-0cb3-4d08-b56f-3d8d02fdab1a,129800,MCH-e7751d42a2,올리브영,5977,2026-07-20 12:21:00,37.415585,127.523049,KR,DEV-343a0ea886
2843,93163119-0cb3-4d08-b56f-3d8d02fdab1a,528000,MCH-53b4838ce6,어도비(Adobe),5734,2026-07-20 13:51:00,37.400239,127.484998,KR,DEV-343a0ea886
2844,93163119-0cb3-4d08-b56f-3d8d02fdab1a,162800,MCH-ba944121a3,무신사,5651,2026-07-20 15:15:00,37.449876,127.521842,KR,DEV-343a0ea886
2845,93163119-0cb3-4d08-b56f-3d8d02fdab1a,19800,MCH-fb4fb59d3a,스타벅스,5814,2026-07-21 14:39:00,37.438799,127.510497,KR,DEV-343a0ea886
2846,93163119-0cb3-4d08-b56f-3d8d02fdab1a,85800,MCH-a5c765e6ce,프리스비,5732,2026-07-21 19:15:00,37.414129,127.482578,KR,DEV-343a0ea886
2847,93163119-0cb3-4d08-b56f-3d8d02fdab1a,11000,MCH-ab42b36c0b,배달의민족,5812,2026-07-24 14:08:00,37.439553,127.496583,KR,DEV-343a0ea886
2848,93163119-0cb3-4d08-b56f-3d8d02fdab1a,21120,MCH-06553b267c,카카오택시,4121,2026-07-24 18:07:00,37.419937,127.492312,KR,DEV-343a0ea886
2849,93163119-0cb3-4d08-b56f-3d8d02fdab1a,101200,MCH-ba944121a3,무신사,5651,2026-07-25 08:11:00,37.410877,127.478815,KR,DEV-343a0ea886
2850,93163119-0cb3-4d08-b56f-3d8d02fdab1a,30800,MCH-8e35d3c146,김밥천국,5812,2026-07-25 16:15:00,37.424503,127.495094,KR,DEV-343a0ea886
2851,93163119-0cb3-4d08-b56f-3d8d02fdab1a,77000,MCH-493f24c455,쿠팡,5399,2026-07-27 13:34:00,37.416621,127.504988,KR,DEV-343a0ea886
2852,93163119-0cb3-4d08-b56f-3d8d02fdab1a,96800,MCH-a5c765e6ce,프리스비,5732,2026-07-27 19:51:00,37.446729,127.490116,KR,DEV-343a0ea886
2853,93163119-0cb3-4d08-b56f-3d8d02fdab1a,52800,MCH-ab42b36c0b,배달의민족,5812,2026-07-28 13:05:00,37.438528,127.504046,KR,DEV-343a0ea886
2854,93163119-0cb3-4d08-b56f-3d8d02fdab1a,33000,MCH-ab42b36c0b,배달의민족,5812,2026-07-28 21:52:00,37.436297,127.505255,KR,DEV-343a0ea886
2855,93163119-0cb3-4d08-b56f-3d8d02fdab1a,11000,MCH-fb4fb59d3a,스타벅스,5814,2026-07-29 12:04:00,37.420477,127.512958,KR,DEV-343a0ea886
2856,93163119-0cb3-4d08-b56f-3d8d02fdab1a,440000,MCH-bed94775b8,패스트파이브,7011,2026-07-29 16:23:00,37.406277,127.518664,KR,DEV-343a0ea886
2857,93163119-0cb3-4d08-b56f-3d8d02fdab1a,616000,MCH-53b4838ce6,어도비(Adobe),5734,2026-07-30 10:58:00,37.423586,127.512489,KR,DEV-343a0ea886
2858,93163119-0cb3-4d08-b56f-3d8d02fdab1a,200200,MCH-ba944121a3,무신사,5651,2026-07-30 18:22:00,37.439661,127.498615,KR,DEV-343a0ea886
2859,93163119-0cb3-4d08-b56f-3d8d02fdab1a,204600,MCH-493f24c455,쿠팡,5399,2026-07-30 18:48:00,37.403848,127.508493,KR,DEV-343a0ea886
2860,93163119-0cb3-4d08-b56f-3d8d02fdab1a,217800,MCH-a5c765e6ce,프리스비,5732,2026-08-01 12:00:00,37.399414,127.48489,KR,DEV-343a0ea886
2861,93163119-0cb3-4d08-b56f-3d8d02fdab1a,26400,MCH-8e35d3c146,김밥천국,5812,2026-08-01 12:44:00,37.422037,127.520139,KR,DEV-343a0ea886
2862,93163119-0cb3-4d08-b56f-3d8d02fdab1a,21340,MCH-5b1162a765,KTX,4112,2026-08-02 21:11:00,37.437406,127.492303,KR,DEV-343a0ea886
2863,93163119-0cb3-4d08-b56f-3d8d02fdab1a,132000,MCH-493f24c455,쿠팡,5399,2026-08-03 18:03:00,37.423575,127.520075,KR,DEV-343a0ea886
2864,93163119-0cb3-4d08-b56f-3d8d02fdab1a,68200,MCH-a5c765e6ce,프리스비,5732,2026-08-03 20:35:00,37.435882,127.50994,KR,DEV-343a0ea886
2865,93163119-0cb3-4d08-b56f-3d8d02fdab1a,123200,MCH-493f24c455,쿠팡,5399,2026-08-04 13:53:00,37.424559,127.490259,KR,DEV-343a0ea886
2866,93163119-0cb3-4d08-b56f-3d8d02fdab1a,44000,MCH-e7751d42a2,올리브영,5977,2026-08-04 17:15:00,37.419603,127.517939,KR,DEV-343a0ea886
2867,93163119-0cb3-4d08-b56f-3d8d02fdab1a,127600,MCH-493f24c455,쿠팡,5399,2026-08-04 17:56:00,37.437434,127.492447,KR,DEV-343a0ea886
2868,93163119-0cb3-4d08-b56f-3d8d02fdab1a,462000,MCH-53b4838ce6,어도비(Adobe),5734,2026-08-08 10:23:00,37.407251,127.478593,KR,DEV-343a0ea886
2869,93163119-0cb3-4d08-b56f-3d8d02fdab1a,55000,MCH-c563ceac18,맥도날드,5814,2026-08-08 19:27:00,37.418938,127.503553,KR,DEV-343a0ea886
2870,93163119-0cb3-4d08-b56f-3d8d02fdab1a,88000,MCH-ba944121a3,무신사,5651,2026-08-09 09:36:00,37.423135,127.512213,KR,DEV-343a0ea886
2871,93163119-0cb3-4d08-b56f-3d8d02fdab1a,195800,MCH-ba944121a3,무신사,5651,2026-08-09 15:35:00,37.44531,127.501638,KR,DEV-343a0ea886
2872,93163119-0cb3-4d08-b56f-3d8d02fdab1a,105600,MCH-493f24c455,쿠팡,5399,2026-08-09 19:13:00,37.409228,127.490258,KR,DEV-343a0ea886
2873,93163119-0cb3-4d08-b56f-3d8d02fdab1a,99000,MCH-a5c765e6ce,프리스비,5732,2026-08-10 08:07:00,37.441079,127.511029,KR,DEV-343a0ea886
2874,93163119-0cb3-4d08-b56f-3d8d02fdab1a,63800,MCH-493f24c455,쿠팡,5399,2026-08-10 15:24:00,37.412315,127.503172,KR,DEV-343a0ea886
2875,93163119-0cb3-4d08-b56f-3d8d02fdab1a,85800,MCH-a5c765e6ce,프리스비,5732,2026-08-11 08:26:00,37.441003,127.471713,KR,DEV-343a0ea886
2876,93163119-0cb3-4d08-b56f-3d8d02fdab1a,160600,MCH-ba944121a3,무신사,5651,2026-08-11 13:25:00,37.419645,127.482614,KR,DEV-343a0ea886
2877,93163119-0cb3-4d08-b56f-3d8d02fdab1a,32780,MCH-06553b267c,카카오택시,4121,2026-08-11 13:42:00,37.441716,127.518083,KR,DEV-343a0ea886
2878,93163119-0cb3-4d08-b56f-3d8d02fdab1a,68200,MCH-5df4849ce1,지하철,4111,2026-08-12 12:49:00,37.443319,127.480087,KR,DEV-3ff352d6ba
2879,93163119-0cb3-4d08-b56f-3d8d02fdab1a,90200,MCH-ba944121a3,무신사,5651,2026-08-12 19:50:00,37.435444,127.487939,KR,DEV-343a0ea886
2880,93163119-0cb3-4d08-b56f-3d8d02fdab1a,11000,MCH-ab42b36c0b,배달의민족,5812,2026-08-12 21:45:00,37.425248,127.514738,KR,DEV-343a0ea886
2881,93163119-0cb3-4d08-b56f-3d8d02fdab1a,59400,MCH-fb4fb59d3a,스타벅스,5814,2026-08-13 09:06:00,37.432842,127.501862,KR,DEV-343a0ea886
2882,93163119-0cb3-4d08-b56f-3d8d02fdab1a,35200,MCH-a5c765e6ce,프리스비,5732,2026-08-13 11:53:00,37.401466,127.501571,KR,DEV-343a0ea886
2883,93163119-0cb3-4d08-b56f-3d8d02fdab1a,462000,MCH-8fff18fdd2,노션,7372,2026-08-13 18:26:00,37.397274,127.517045,KR,DEV-343a0ea886
2884,93163119-0cb3-4d08-b56f-3d8d02fdab1a,127600,MCH-e7751d42a2,올리브영,5977,2026-08-14 08:12:00,37.410407,127.49386,KR,DEV-343a0ea886
2885,93163119-0cb3-4d08-b56f-3d8d02fdab1a,440000,MCH-8fff18fdd2,노션,7372,2026-08-14 10:32:00,37.409448,127.506659,KR,DEV-343a0ea886
2886,93163119-0cb3-4d08-b56f-3d8d02fdab1a,55000,MCH-c563ceac18,맥도날드,5814,2026-08-14 14:27:00,37.422318,127.514456,KR,DEV-343a0ea886
2887,93163119-0cb3-4d08-b56f-3d8d02fdab1a,39600,MCH-e7751d42a2,올리브영,5977,2026-08-14 21:14:00,37.434061,127.504507,KR,DEV-343a0ea886
2888,93163119-0cb3-4d08-b56f-3d8d02fdab1a,136400,MCH-493f24c455,쿠팡,5399,2026-08-15 14:32:00,37.441057,127.516249,KR,DEV-343a0ea886
2889,93163119-0cb3-4d08-b56f-3d8d02fdab1a,59400,MCH-ba944121a3,무신사,5651,2026-08-15 17:40:00,37.434353,127.52298,KR,DEV-343a0ea886
2890,93163119-0cb3-4d08-b56f-3d8d02fdab1a,103400,MCH-a5c765e6ce,프리스비,5732,2026-08-15 19:21:00,37.407794,127.511596,KR,DEV-343a0ea886
2891,93163119-0cb3-4d08-b56f-3d8d02fdab1a,200200,MCH-a5c765e6ce,프리스비,5732,2026-08-16 16:15:00,37.440094,127.504103,KR,DEV-343a0ea886
2892,93163119-0cb3-4d08-b56f-3d8d02fdab1a,112200,MCH-a5c765e6ce,프리스비,5732,2026-08-16 21:54:00,37.403895,127.517859,KR,DEV-343a0ea886
2893,93163119-0cb3-4d08-b56f-3d8d02fdab1a,171600,MCH-ba944121a3,무신사,5651,2026-08-17 14:17:00,37.401086,127.478004,KR,DEV-343a0ea886
2894,93163119-0cb3-4d08-b56f-3d8d02fdab1a,156200,MCH-e7751d42a2,올리브영,5977,2026-08-17 14:53:00,37.410397,127.510711,KR,DEV-343a0ea886
2895,93163119-0cb3-4d08-b56f-3d8d02fdab1a,506000,MCH-ca5e0a9e0b,AWS,7372,2026-08-18 12:35:00,37.433117,127.472755,KR,DEV-343a0ea886
2896,93163119-0cb3-4d08-b56f-3d8d02fdab1a,217800,MCH-e7751d42a2,올리브영,5977,2026-08-18 12:45:00,37.440606,127.492378,KR,DEV-343a0ea886
2897,93163119-0cb3-4d08-b56f-3d8d02fdab1a,330000,MCH-bed94775b8,패스트파이브,7011,2026-08-19 18:21:00,37.443767,127.475627,KR,DEV-343a0ea886
2898,93163119-0cb3-4d08-b56f-3d8d02fdab1a,1000000,MCH-96930209b1,Amazon_US,5942,2026-08-19 18:54:00,37.436922,127.519128,US,DEV-343a0ea886
2899,93163119-0cb3-4d08-b56f-3d8d02fdab1a,440000,MCH-bed94775b8,패스트파이브,7011,2026-08-19 21:51:00,37.437348,127.485313,KR,DEV-343a0ea886
2900,93163119-0cb3-4d08-b56f-3d8d02fdab1a,147400,MCH-a5c765e6ce,프리스비,5732,2026-08-20 08:45:00,37.419531,127.477208,KR,DEV-343a0ea886
2901,93163119-0cb3-4d08-b56f-3d8d02fdab1a,50600,MCH-493f24c455,쿠팡,5399,2026-08-20 10:00:00,37.445916,127.521551,KR,DEV-343a0ea886
2902,93163119-0cb3-4d08-b56f-3d8d02fdab1a,220000,MCH-493f24c455,쿠팡,5399,2026-08-20 10:01:00,37.426009,127.525271,KR,DEV-343a0ea886
2903,93163119-0cb3-4d08-b56f-3d8d02fdab1a,57200,MCH-e7751d42a2,올리브영,5977,2026-08-20 10:40:00,37.44072,127.521403,KR,DEV-343a0ea886
2904,93163119-0cb3-4d08-b56f-3d8d02fdab1a,638000,MCH-8fff18fdd2,노션,7372,2026-08-20 17:48:00,37.421073,127.48161,KR,DEV-343a0ea886
2905,93163119-0cb3-4d08-b56f-3d8d02fdab1a,1010000,MCH-c3acdc127f,유흥업소,5813,2026-08-21 04:25:00,37.431722,127.502788,KR,DEV-343a0ea886
2906,93163119-0cb3-4d08-b56f-3d8d02fdab1a,52800,MCH-a5c765e6ce,프리스비,5732,2026-08-21 14:16:00,37.414265,127.492614,KR,DEV-343a0ea886
2907,93163119-0cb3-4d08-b56f-3d8d02fdab1a,352000,MCH-bed94775b8,패스트파이브,7011,2026-08-21 14:30:00,37.438951,127.498679,KR,DEV-343a0ea886
2908,93163119-0cb3-4d08-b56f-3d8d02fdab1a,198000,MCH-a5c765e6ce,프리스비,5732,2026-08-21 14:31:00,37.414715,127.515016,KR,DEV-343a0ea886
2909,93163119-0cb3-4d08-b56f-3d8d02fdab1a,24200,MCH-fb4fb59d3a,스타벅스,5814,2026-08-21 18:28:00,37.420263,127.483357,KR,DEV-343a0ea886
2910,93163119-0cb3-4d08-b56f-3d8d02fdab1a,99000,MCH-ba944121a3,무신사,5651,2026-08-22 19:42:00,37.450855,127.486098,KR,DEV-343a0ea886
2911,93163119-0cb3-4d08-b56f-3d8d02fdab1a,48400,MCH-493f24c455,쿠팡,5399,2026-08-22 21:10:00,37.416219,127.523804,KR,DEV-343a0ea886
2912,93163119-0cb3-4d08-b56f-3d8d02fdab1a,151800,MCH-a5c765e6ce,프리스비,5732,2026-08-22 21:56:00,37.450123,127.478858,KR,DEV-343a0ea886
2913,9bb679cb-8d83-45af-8297-e91440efb0d0,99000,MCH-8fff18fdd2,노션,7372,2026-05-25 13:37:00,35.617256,127.296707,KR,DEV-de1900fe8a
2914,9bb679cb-8d83-45af-8297-e91440efb0d0,40500,MCH-e7751d42a2,올리브영,5977,2026-05-25 18:04:00,35.612356,127.325112,KR,DEV-de1900fe8a
2915,9bb679cb-8d83-45af-8297-e91440efb0d0,13500,MCH-fb4fb59d3a,스타벅스,5814,2026-05-25 18:16:00,35.57269,127.286434,KR,DEV-de1900fe8a
2916,9bb679cb-8d83-45af-8297-e91440efb0d0,126000,MCH-bed94775b8,패스트파이브,7011,2026-05-26 09:25:00,35.578002,127.298294,KR,DEV-de1900fe8a
2917,9bb679cb-8d83-45af-8297-e91440efb0d0,189000,MCH-bed94775b8,패스트파이브,7011,2026-05-26 13:25:00,35.592083,127.293029,KR,DEV-de1900fe8a
2918,9bb679cb-8d83-45af-8297-e91440efb0d0,19800,MCH-c563ceac18,맥도날드,5814,2026-05-27 13:23:00,35.599424,127.300657,KR,DEV-de1900fe8a
2919,9bb679cb-8d83-45af-8297-e91440efb0d0,69300,MCH-e7751d42a2,올리브영,5977,2026-05-27 19:38:00,35.566888,127.325585,KR,DEV-de1900fe8a
2920,9bb679cb-8d83-45af-8297-e91440efb0d0,17100,MCH-fb4fb59d3a,스타벅스,5814,2026-05-28 09:16:00,35.617952,127.300002,KR,DEV-de1900fe8a
2921,9bb679cb-8d83-45af-8297-e91440efb0d0,6210,MCH-5df4849ce1,지하철,4111,2026-05-28 19:47:00,35.600543,127.325663,KR,DEV-de1900fe8a
2922,9bb679cb-8d83-45af-8297-e91440efb0d0,13500,MCH-5df4849ce1,지하철,4111,2026-05-28 20:58:00,35.593047,127.319011,KR,DEV-de1900fe8a
2923,9bb679cb-8d83-45af-8297-e91440efb0d0,2160,MCH-5b1162a765,KTX,4112,2026-05-29 09:29:00,35.57765,127.334428,KR,DEV-de1900fe8a
2924,9bb679cb-8d83-45af-8297-e91440efb0d0,79200,MCH-e7751d42a2,올리브영,5977,2026-05-29 13:02:00,35.579207,127.299401,KR,DEV-de1900fe8a
2925,9bb679cb-8d83-45af-8297-e91440efb0d0,17910,MCH-5b1162a765,KTX,4112,2026-05-29 20:51:00,35.571124,127.323114,KR,DEV-de1900fe8a
2926,9bb679cb-8d83-45af-8297-e91440efb0d0,25200,MCH-493f24c455,쿠팡,5399,2026-05-30 15:47:00,35.570141,127.302487,KR,DEV-de1900fe8a
2927,9bb679cb-8d83-45af-8297-e91440efb0d0,69300,MCH-493f24c455,쿠팡,5399,2026-05-30 16:27:00,35.586648,127.314641,KR,DEV-5b72c144b2
2928,9bb679cb-8d83-45af-8297-e91440efb0d0,10440,MCH-06553b267c,카카오택시,4121,2026-05-30 22:45:00,35.575561,127.312275,KR,DEV-de1900fe8a
2929,9bb679cb-8d83-45af-8297-e91440efb0d0,63900,MCH-ba944121a3,무신사,5651,2026-05-31 14:43:00,35.608128,127.319603,KR,DEV-de1900fe8a
2930,9bb679cb-8d83-45af-8297-e91440efb0d0,9810,MCH-5df4849ce1,지하철,4111,2026-05-31 22:43:00,35.619892,127.326414,KR,DEV-de1900fe8a
2931,9bb679cb-8d83-45af-8297-e91440efb0d0,21600,MCH-c563ceac18,맥도날드,5814,2026-06-01 08:04:00,35.578393,127.302351,KR,DEV-de1900fe8a
2932,9bb679cb-8d83-45af-8297-e91440efb0d0,180000,MCH-ca5e0a9e0b,AWS,7372,2026-06-01 18:19:00,35.568481,127.308982,KR,DEV-de1900fe8a
2933,9bb679cb-8d83-45af-8297-e91440efb0d0,7560,MCH-5df4849ce1,지하철,4111,2026-06-01 20:05:00,35.569058,127.290604,KR,DEV-de1900fe8a
2934,9bb679cb-8d83-45af-8297-e91440efb0d0,11520,MCH-5b1162a765,KTX,4112,2026-06-02 20:52:00,35.611938,127.333566,KR,DEV-de1900fe8a
2935,9bb679cb-8d83-45af-8297-e91440efb0d0,234000,MCH-53b4838ce6,어도비(Adobe),5734,2026-06-03 08:58:00,35.567142,127.321712,KR,DEV-de1900fe8a
2936,9bb679cb-8d83-45af-8297-e91440efb0d0,54900,MCH-ba944121a3,무신사,5651,2026-06-03 16:52:00,35.604902,127.327171,KR,DEV-de1900fe8a
2937,9bb679cb-8d83-45af-8297-e91440efb0d0,11160,MCH-5b1162a765,KTX,4112,2026-06-05 17:06:00,35.609173,127.291328,KR,DEV-de1900fe8a
2938,9bb679cb-8d83-45af-8297-e91440efb0d0,270000,MCH-bed94775b8,패스트파이브,7011,2026-06-05 17:16:00,35.619537,127.306117,KR,DEV-de1900fe8a
2939,9bb679cb-8d83-45af-8297-e91440efb0d0,22500,MCH-ab42b36c0b,배달의민족,5812,2026-06-06 18:10:00,35.617659,127.326748,KR,DEV-de1900fe8a
2940,9bb679cb-8d83-45af-8297-e91440efb0d0,9000,MCH-5df4849ce1,지하철,4111,2026-06-07 20:39:00,35.570399,127.289529,KR,DEV-de1900fe8a
2941,9bb679cb-8d83-45af-8297-e91440efb0d0,3060,MCH-0d60345572,버스,4111,2026-06-08 09:33:00,35.57571,127.320785,KR,DEV-de1900fe8a
2942,9bb679cb-8d83-45af-8297-e91440efb0d0,63000,MCH-8fff18fdd2,노션,7372,2026-06-08 11:24:00,35.607689,127.312454,KR,DEV-de1900fe8a
2943,9bb679cb-8d83-45af-8297-e91440efb0d0,15300,MCH-ab42b36c0b,배달의민족,5812,2026-06-08 22:23:00,35.606949,127.308086,KR,DEV-de1900fe8a
2944,9bb679cb-8d83-45af-8297-e91440efb0d0,24300,MCH-fb4fb59d3a,스타벅스,5814,2026-06-09 17:13:00,35.566923,127.301957,KR,DEV-de1900fe8a
2945,9bb679cb-8d83-45af-8297-e91440efb0d0,9900,MCH-c563ceac18,맥도날드,5814,2026-06-10 11:20:00,35.574897,127.334822,KR,DEV-de1900fe8a
2946,9bb679cb-8d83-45af-8297-e91440efb0d0,19800,MCH-c563ceac18,맥도날드,5814,2026-06-10 11:58:00,35.569159,127.288947,KR,DEV-de1900fe8a
2947,9bb679cb-8d83-45af-8297-e91440efb0d0,63000,MCH-bed94775b8,패스트파이브,7011,2026-06-10 12:24:00,35.608114,127.31271,KR,DEV-de1900fe8a
2948,9bb679cb-8d83-45af-8297-e91440efb0d0,3390000,MCH-9449f2d5d1,중고거래_송금,6051,2026-06-11 05:02:00,35.591971,127.325718,KR,DEV-de1900fe8a
2949,9bb679cb-8d83-45af-8297-e91440efb0d0,9000,MCH-8e35d3c146,김밥천국,5812,2026-06-13 09:31:00,35.601296,127.320926,KR,DEV-de1900fe8a
2950,9bb679cb-8d83-45af-8297-e91440efb0d0,16470,MCH-06553b267c,카카오택시,4121,2026-06-13 12:06:00,35.581174,127.31198,KR,DEV-de1900fe8a
2951,9bb679cb-8d83-45af-8297-e91440efb0d0,15210,MCH-5df4849ce1,지하철,4111,2026-06-13 13:00:00,35.618438,127.296504,KR,DEV-de1900fe8a
2952,9bb679cb-8d83-45af-8297-e91440efb0d0,16380,MCH-0d60345572,버스,4111,2026-06-14 13:50:00,35.613828,127.319966,KR,DEV-de1900fe8a
2953,9bb679cb-8d83-45af-8297-e91440efb0d0,78300,MCH-e7751d42a2,올리브영,5977,2026-06-15 08:36:00,35.598865,127.284784,KR,DEV-de1900fe8a
2954,9bb679cb-8d83-45af-8297-e91440efb0d0,13500,MCH-c563ceac18,맥도날드,5814,2026-06-15 21:42:00,35.606512,127.318554,KR,DEV-de1900fe8a
2955,9bb679cb-8d83-45af-8297-e91440efb0d0,17820,MCH-0d60345572,버스,4111,2026-06-15 22:43:00,35.571836,127.316808,KR,DEV-de1900fe8a
2956,9bb679cb-8d83-45af-8297-e91440efb0d0,9180,MCH-5df4849ce1,지하철,4111,2026-06-16 10:25:00,35.598278,127.318146,KR,DEV-de1900fe8a
2957,9bb679cb-8d83-45af-8297-e91440efb0d0,4050,MCH-5df4849ce1,지하철,4111,2026-06-16 13:59:00,35.587083,127.335274,KR,DEV-de1900fe8a
2958,9bb679cb-8d83-45af-8297-e91440efb0d0,99000,MCH-53b4838ce6,어도비(Adobe),5734,2026-06-16 14:34:00,35.572603,127.287418,KR,DEV-de1900fe8a
2959,9bb679cb-8d83-45af-8297-e91440efb0d0,54900,MCH-ba944121a3,무신사,5651,2026-06-17 20:17:00,35.588823,127.323408,KR,DEV-de1900fe8a
2960,9bb679cb-8d83-45af-8297-e91440efb0d0,75600,MCH-e7751d42a2,올리브영,5977,2026-06-18 11:48:00,35.616099,127.296215,KR,DEV-de1900fe8a
2961,9bb679cb-8d83-45af-8297-e91440efb0d0,17100,MCH-ab42b36c0b,배달의민족,5812,2026-06-19 11:56:00,35.611296,127.318209,KR,DEV-de1900fe8a
2962,9bb679cb-8d83-45af-8297-e91440efb0d0,9990,MCH-0d60345572,버스,4111,2026-06-19 17:13:00,35.611949,127.309627,KR,DEV-de1900fe8a
2963,9bb679cb-8d83-45af-8297-e91440efb0d0,14310,MCH-5b1162a765,KTX,4112,2026-06-20 17:00:00,35.570625,127.30154,KR,DEV-de1900fe8a
2964,9bb679cb-8d83-45af-8297-e91440efb0d0,4770,MCH-06553b267c,카카오택시,4121,2026-06-20 22:34:00,35.61329,127.323378,KR,DEV-de1900fe8a
2965,9bb679cb-8d83-45af-8297-e91440efb0d0,14490,MCH-06553b267c,카카오택시,4121,2026-06-21 12:04:00,35.576326,127.30235,KR,DEV-de1900fe8a
2966,9bb679cb-8d83-45af-8297-e91440efb0d0,3150,MCH-5b1162a765,KTX,4112,2026-06-21 21:31:00,35.612546,127.308209,KR,DEV-de1900fe8a
2967,9bb679cb-8d83-45af-8297-e91440efb0d0,2180000,MCH-c3acdc127f,유흥업소,5813,2026-06-22 04:13:00,35.570973,127.304878,KR,DEV-de1900fe8a
2968,9bb679cb-8d83-45af-8297-e91440efb0d0,8460,MCH-5df4849ce1,지하철,4111,2026-06-22 13:41:00,35.589479,127.286958,KR,DEV-de1900fe8a
2969,9bb679cb-8d83-45af-8297-e91440efb0d0,59400,MCH-ba944121a3,무신사,5651,2026-06-22 15:29:00,35.586755,127.297673,KR,DEV-de1900fe8a
2970,9bb679cb-8d83-45af-8297-e91440efb0d0,261000,MCH-53b4838ce6,어도비(Adobe),5734,2026-06-23 08:19:00,35.614374,127.297952,KR,DEV-de1900fe8a
2971,9bb679cb-8d83-45af-8297-e91440efb0d0,26100,MCH-8e35d3c146,김밥천국,5812,2026-06-23 11:02:00,35.602058,127.296284,KR,DEV-de1900fe8a
2972,9bb679cb-8d83-45af-8297-e91440efb0d0,9000,MCH-5b1162a765,KTX,4112,2026-06-23 22:48:00,35.575504,127.315039,KR,DEV-de1900fe8a
2973,9bb679cb-8d83-45af-8297-e91440efb0d0,15300,MCH-ab42b36c0b,배달의민족,5812,2026-06-25 08:54:00,35.577675,127.290008,KR,DEV-de1900fe8a
2974,9bb679cb-8d83-45af-8297-e91440efb0d0,18000,MCH-fb4fb59d3a,스타벅스,5814,2026-06-25 17:30:00,35.591735,127.328651,KR,DEV-de1900fe8a
2975,9bb679cb-8d83-45af-8297-e91440efb0d0,14670,MCH-0d60345572,버스,4111,2026-06-25 19:56:00,35.581583,127.309823,KR,DEV-de1900fe8a
2976,9bb679cb-8d83-45af-8297-e91440efb0d0,13140,MCH-5df4849ce1,지하철,4111,2026-06-26 17:50:00,35.602345,127.302658,KR,DEV-de1900fe8a
2977,9bb679cb-8d83-45af-8297-e91440efb0d0,11700,MCH-ab42b36c0b,배달의민족,5812,2026-06-26 18:01:00,35.57493,127.320606,KR,DEV-de1900fe8a
2978,9bb679cb-8d83-45af-8297-e91440efb0d0,18900,MCH-8e35d3c146,김밥천국,5812,2026-06-26 21:22:00,35.597284,127.316591,KR,DEV-de1900fe8a
2979,9bb679cb-8d83-45af-8297-e91440efb0d0,63000,MCH-bed94775b8,패스트파이브,7011,2026-06-28 11:33:00,35.605335,127.293518,KR,DEV-de1900fe8a
2980,9bb679cb-8d83-45af-8297-e91440efb0d0,29700,MCH-ba944121a3,무신사,5651,2026-06-28 14:14:00,35.586182,127.28589,KR,DEV-de1900fe8a
2981,9bb679cb-8d83-45af-8297-e91440efb0d0,17100,MCH-8e35d3c146,김밥천국,5812,2026-06-28 22:29:00,35.588084,127.313294,KR,DEV-de1900fe8a
2982,9bb679cb-8d83-45af-8297-e91440efb0d0,5400,MCH-fb4fb59d3a,스타벅스,5814,2026-06-29 15:48:00,35.609604,127.333561,KR,DEV-de1900fe8a
2983,9bb679cb-8d83-45af-8297-e91440efb0d0,16200,MCH-fb4fb59d3a,스타벅스,5814,2026-06-30 16:57:00,35.595874,127.306353,KR,DEV-de1900fe8a
2984,9bb679cb-8d83-45af-8297-e91440efb0d0,5400,MCH-c563ceac18,맥도날드,5814,2026-06-30 20:09:00,35.575011,127.294584,KR,DEV-de1900fe8a
2985,9bb679cb-8d83-45af-8297-e91440efb0d0,153000,MCH-53b4838ce6,어도비(Adobe),5734,2026-07-01 17:16:00,35.586425,127.326247,KR,DEV-de1900fe8a
2986,9bb679cb-8d83-45af-8297-e91440efb0d0,261000,MCH-8fff18fdd2,노션,7372,2026-07-03 10:38:00,35.576244,127.307337,KR,DEV-de1900fe8a
2987,9bb679cb-8d83-45af-8297-e91440efb0d0,2070,MCH-06553b267c,카카오택시,4121,2026-07-03 20:24:00,35.573315,127.302255,KR,DEV-de1900fe8a
2988,9bb679cb-8d83-45af-8297-e91440efb0d0,42300,MCH-493f24c455,쿠팡,5399,2026-07-04 10:23:00,35.617926,127.317829,KR,DEV-de1900fe8a
2989,9bb679cb-8d83-45af-8297-e91440efb0d0,26100,MCH-8e35d3c146,김밥천국,5812,2026-07-04 13:15:00,35.613814,127.313717,KR,DEV-de1900fe8a
2990,9bb679cb-8d83-45af-8297-e91440efb0d0,13950,MCH-5b1162a765,KTX,4112,2026-07-05 16:40:00,35.585673,127.326962,KR,DEV-de1900fe8a
2991,9bb679cb-8d83-45af-8297-e91440efb0d0,16200,MCH-8e35d3c146,김밥천국,5812,2026-07-05 20:19:00,35.594551,127.284029,KR,DEV-de1900fe8a
2992,9bb679cb-8d83-45af-8297-e91440efb0d0,909000,MCH-a5c765e6ce,프리스비,5732,2026-07-06 09:15:00,35.575687,127.296041,KR,DEV-de1900fe8a
2993,9bb679cb-8d83-45af-8297-e91440efb0d0,198000,MCH-8fff18fdd2,노션,7372,2026-07-06 14:26:00,35.615504,127.285528,KR,DEV-de1900fe8a
2994,9bb679cb-8d83-45af-8297-e91440efb0d0,78300,MCH-ba944121a3,무신사,5651,2026-07-06 16:49:00,35.617362,127.325609,KR,DEV-de1900fe8a
2995,9bb679cb-8d83-45af-8297-e91440efb0d0,12150,MCH-06553b267c,카카오택시,4121,2026-07-07 08:01:00,35.578607,127.324774,KR,DEV-de1900fe8a
2996,9bb679cb-8d83-45af-8297-e91440efb0d0,126000,MCH-bed94775b8,패스트파이브,7011,2026-07-07 12:07:00,35.597084,127.289794,KR,DEV-de1900fe8a
2997,9bb679cb-8d83-45af-8297-e91440efb0d0,207000,MCH-8fff18fdd2,노션,7372,2026-07-07 13:51:00,35.609046,127.287804,KR,DEV-de1900fe8a
2998,9bb679cb-8d83-45af-8297-e91440efb0d0,7560,MCH-0d60345572,버스,4111,2026-07-09 09:25:00,35.570381,127.33165,KR,DEV-de1900fe8a
2999,9bb679cb-8d83-45af-8297-e91440efb0d0,25200,MCH-c563ceac18,맥도날드,5814,2026-07-09 19:41:00,35.602949,127.291791,KR,DEV-de1900fe8a
3000,9bb679cb-8d83-45af-8297-e91440efb0d0,54000,MCH-53b4838ce6,어도비(Adobe),5734,2026-07-09 21:56:00,35.592869,127.291112,KR,DEV-de1900fe8a
3001,9bb679cb-8d83-45af-8297-e91440efb0d0,5940,MCH-5df4849ce1,지하철,4111,2026-07-10 08:36:00,35.591949,127.332791,KR,DEV-de1900fe8a
3002,9bb679cb-8d83-45af-8297-e91440efb0d0,14400,MCH-fb4fb59d3a,스타벅스,5814,2026-07-10 10:25:00,35.591148,127.318828,KR,DEV-de1900fe8a
3003,9bb679cb-8d83-45af-8297-e91440efb0d0,10800,MCH-fb4fb59d3a,스타벅스,5814,2026-07-10 21:46:00,35.596807,127.297348,KR,DEV-de1900fe8a
3004,9bb679cb-8d83-45af-8297-e91440efb0d0,11160,MCH-06553b267c,카카오택시,4121,2026-07-11 08:50:00,35.578794,127.313701,KR,DEV-de1900fe8a
3005,9bb679cb-8d83-45af-8297-e91440efb0d0,28800,MCH-a5c765e6ce,프리스비,5732,2026-07-11 14:31:00,35.579967,127.307757,KR,DEV-de1900fe8a
3006,9bb679cb-8d83-45af-8297-e91440efb0d0,15570,MCH-06553b267c,카카오택시,4121,2026-07-11 18:29:00,35.606016,127.312411,KR,DEV-de1900fe8a
3007,9bb679cb-8d83-45af-8297-e91440efb0d0,90000,MCH-ba944121a3,무신사,5651,2026-07-12 10:01:00,35.57171,127.307047,KR,DEV-de1900fe8a
3008,9bb679cb-8d83-45af-8297-e91440efb0d0,19800,MCH-c563ceac18,맥도날드,5814,2026-07-12 19:46:00,35.584874,127.31457,KR,DEV-de1900fe8a
3009,9bb679cb-8d83-45af-8297-e91440efb0d0,207000,MCH-8fff18fdd2,노션,7372,2026-07-13 18:54:00,35.574009,127.314226,KR,DEV-de1900fe8a
3010,9bb679cb-8d83-45af-8297-e91440efb0d0,45900,MCH-493f24c455,쿠팡,5399,2026-07-14 17:10:00,35.611465,127.327035,KR,DEV-de1900fe8a
3011,9bb679cb-8d83-45af-8297-e91440efb0d0,126000,MCH-bed94775b8,패스트파이브,7011,2026-07-14 19:54:00,35.614801,127.308904,KR,DEV-de1900fe8a
3012,9bb679cb-8d83-45af-8297-e91440efb0d0,13500,MCH-ab42b36c0b,배달의민족,5812,2026-07-14 20:07:00,35.593259,127.315755,KR,DEV-de1900fe8a
3013,9bb679cb-8d83-45af-8297-e91440efb0d0,9000,MCH-fb4fb59d3a,스타벅스,5814,2026-07-15 12:41:00,35.570244,127.333717,KR,DEV-de1900fe8a
3014,9bb679cb-8d83-45af-8297-e91440efb0d0,90000,MCH-bed94775b8,패스트파이브,7011,2026-07-15 14:08:00,35.582098,127.327502,KR,DEV-de1900fe8a
3015,9bb679cb-8d83-45af-8297-e91440efb0d0,180000,MCH-8fff18fdd2,노션,7372,2026-07-16 09:21:00,35.592713,127.316307,KR,DEV-de1900fe8a
3016,9bb679cb-8d83-45af-8297-e91440efb0d0,12330,MCH-5b1162a765,KTX,4112,2026-07-16 10:56:00,35.578671,127.333626,KR,DEV-de1900fe8a
3017,9bb679cb-8d83-45af-8297-e91440efb0d0,12600,MCH-ab42b36c0b,배달의민족,5812,2026-07-16 17:57:00,35.581992,127.318024,KR,DEV-de1900fe8a
3018,9bb679cb-8d83-45af-8297-e91440efb0d0,16110,MCH-06553b267c,카카오택시,4121,2026-07-17 12:08:00,35.609506,127.298286,KR,DEV-de1900fe8a
3019,9bb679cb-8d83-45af-8297-e91440efb0d0,21600,MCH-c563ceac18,맥도날드,5814,2026-07-17 22:36:00,35.593962,127.320239,KR,DEV-de1900fe8a
3020,9bb679cb-8d83-45af-8297-e91440efb0d0,81900,MCH-493f24c455,쿠팡,5399,2026-07-18 09:26:00,35.599798,127.322653,KR,DEV-de1900fe8a
3021,9bb679cb-8d83-45af-8297-e91440efb0d0,2070,MCH-5df4849ce1,지하철,4111,2026-07-18 11:26:00,35.603441,127.291162,KR,DEV-de1900fe8a
3022,9bb679cb-8d83-45af-8297-e91440efb0d0,15300,MCH-c563ceac18,맥도날드,5814,2026-07-18 14:44:00,35.592038,127.309511,KR,DEV-de1900fe8a
3023,9bb679cb-8d83-45af-8297-e91440efb0d0,7200,MCH-fb4fb59d3a,스타벅스,5814,2026-07-19 18:21:00,35.607041,127.322482,KR,DEV-de1900fe8a
3024,9bb679cb-8d83-45af-8297-e91440efb0d0,15300,MCH-c563ceac18,맥도날드,5814,2026-07-20 12:58:00,35.604353,127.324336,KR,DEV-de1900fe8a
3025,9bb679cb-8d83-45af-8297-e91440efb0d0,86400,MCH-493f24c455,쿠팡,5399,2026-07-21 09:33:00,35.583678,127.314576,KR,DEV-de1900fe8a
3026,9bb679cb-8d83-45af-8297-e91440efb0d0,21600,MCH-ab42b36c0b,배달의민족,5812,2026-07-21 16:47:00,35.615578,127.326771,KR,DEV-de1900fe8a
3027,9bb679cb-8d83-45af-8297-e91440efb0d0,87300,MCH-a5c765e6ce,프리스비,5732,2026-07-21 20:20:00,35.609238,127.292522,KR,DEV-de1900fe8a
3028,9bb679cb-8d83-45af-8297-e91440efb0d0,20700,MCH-fb4fb59d3a,스타벅스,5814,2026-07-22 08:45:00,35.566507,127.322583,KR,DEV-de1900fe8a
3029,9bb679cb-8d83-45af-8297-e91440efb0d0,480000,MCH-96930209b1,Amazon_US,5942,2026-07-22 14:46:00,35.575059,127.306992,US,DEV-de1900fe8a
3030,9bb679cb-8d83-45af-8297-e91440efb0d0,108000,MCH-8fff18fdd2,노션,7372,2026-07-22 21:38:00,35.59195,127.309446,KR,DEV-de1900fe8a
3031,9bb679cb-8d83-45af-8297-e91440efb0d0,45900,MCH-493f24c455,쿠팡,5399,2026-07-24 10:41:00,35.604078,127.300875,KR,DEV-de1900fe8a
3032,9bb679cb-8d83-45af-8297-e91440efb0d0,25200,MCH-fb4fb59d3a,스타벅스,5814,2026-07-24 14:28:00,35.587585,127.310313,KR,DEV-de1900fe8a
3033,9bb679cb-8d83-45af-8297-e91440efb0d0,12870,MCH-5b1162a765,KTX,4112,2026-07-24 15:15:00,35.612673,127.318541,KR,DEV-de1900fe8a
3034,9bb679cb-8d83-45af-8297-e91440efb0d0,207000,MCH-bed94775b8,패스트파이브,7011,2026-07-25 08:17:00,35.578076,127.294299,KR,DEV-de1900fe8a
3035,9bb679cb-8d83-45af-8297-e91440efb0d0,53100,MCH-a5c765e6ce,프리스비,5732,2026-07-25 10:32:00,35.577394,127.325727,KR,DEV-de1900fe8a
3036,9bb679cb-8d83-45af-8297-e91440efb0d0,108000,MCH-53b4838ce6,어도비(Adobe),5734,2026-07-26 11:01:00,35.576644,127.328395,KR,DEV-de1900fe8a
3037,9bb679cb-8d83-45af-8297-e91440efb0d0,34200,MCH-493f24c455,쿠팡,5399,2026-07-27 11:27:00,35.579369,127.332228,KR,DEV-de1900fe8a
3038,9bb679cb-8d83-45af-8297-e91440efb0d0,9900,MCH-ab42b36c0b,배달의민족,5812,2026-07-28 19:52:00,35.606915,127.334134,KR,DEV-de1900fe8a
3039,9bb679cb-8d83-45af-8297-e91440efb0d0,13500,MCH-c563ceac18,맥도날드,5814,2026-07-30 09:52:00,35.61544,127.305289,KR,DEV-de1900fe8a
3040,9bb679cb-8d83-45af-8297-e91440efb0d0,774000,MCH-5b1162a765,KTX,4112,2026-07-30 20:37:00,35.604242,127.303444,KR,DEV-de1900fe8a
3041,9bb679cb-8d83-45af-8297-e91440efb0d0,81000,MCH-53b4838ce6,어도비(Adobe),5734,2026-07-31 13:14:00,35.598028,127.292127,KR,DEV-de1900fe8a
3042,9bb679cb-8d83-45af-8297-e91440efb0d0,13500,MCH-ab42b36c0b,배달의민족,5812,2026-07-31 14:19:00,35.603678,127.298457,KR,DEV-de1900fe8a
3043,9bb679cb-8d83-45af-8297-e91440efb0d0,243000,MCH-8fff18fdd2,노션,7372,2026-08-03 19:14:00,35.605543,127.331568,KR,DEV-de1900fe8a
3044,9bb679cb-8d83-45af-8297-e91440efb0d0,7200,MCH-8e35d3c146,김밥천국,5812,2026-08-04 13:44:00,35.57966,127.324874,KR,DEV-de1900fe8a
3045,9bb679cb-8d83-45af-8297-e91440efb0d0,162000,MCH-bed94775b8,패스트파이브,7011,2026-08-04 20:14:00,35.606823,127.303028,KR,DEV-de1900fe8a
3046,9bb679cb-8d83-45af-8297-e91440efb0d0,60300,MCH-493f24c455,쿠팡,5399,2026-08-05 10:54:00,35.588073,127.284623,KR,DEV-de1900fe8a
3047,9bb679cb-8d83-45af-8297-e91440efb0d0,17100,MCH-fb4fb59d3a,스타벅스,5814,2026-08-06 14:04:00,35.604643,127.296515,KR,DEV-de1900fe8a
3048,9bb679cb-8d83-45af-8297-e91440efb0d0,71100,MCH-ba944121a3,무신사,5651,2026-08-06 20:22:00,35.581564,127.286639,KR,DEV-de1900fe8a
3049,9bb679cb-8d83-45af-8297-e91440efb0d0,18000,MCH-493f24c455,쿠팡,5399,2026-08-07 09:58:00,35.593241,127.323959,KR,DEV-de1900fe8a
3050,9bb679cb-8d83-45af-8297-e91440efb0d0,216000,MCH-ca5e0a9e0b,AWS,7372,2026-08-07 10:31:00,35.606708,127.323287,KR,DEV-de1900fe8a
3051,9bb679cb-8d83-45af-8297-e91440efb0d0,24300,MCH-c563ceac18,맥도날드,5814,2026-08-07 14:01:00,35.59083,127.287861,KR,DEV-de1900fe8a
3052,9bb679cb-8d83-45af-8297-e91440efb0d0,41400,MCH-ba944121a3,무신사,5651,2026-08-09 16:33:00,35.609137,127.332103,KR,DEV-5689ccebc8
3053,9bb679cb-8d83-45af-8297-e91440efb0d0,12330,MCH-06553b267c,카카오택시,4121,2026-08-10 10:45:00,35.574599,127.309552,KR,DEV-de1900fe8a
3054,9bb679cb-8d83-45af-8297-e91440efb0d0,59400,MCH-e7751d42a2,올리브영,5977,2026-08-10 20:35:00,35.584881,127.285582,KR,DEV-de1900fe8a
3055,9bb679cb-8d83-45af-8297-e91440efb0d0,162000,MCH-8fff18fdd2,노션,7372,2026-08-10 22:38:00,35.605602,127.288469,KR,DEV-de1900fe8a
3056,9bb679cb-8d83-45af-8297-e91440efb0d0,1710,MCH-0d60345572,버스,4111,2026-08-13 15:33:00,35.600111,127.308442,KR,DEV-de1900fe8a
3057,9bb679cb-8d83-45af-8297-e91440efb0d0,54000,MCH-ca5e0a9e0b,AWS,7372,2026-08-13 20:25:00,35.605092,127.3259,KR,DEV-de1900fe8a
3058,9bb679cb-8d83-45af-8297-e91440efb0d0,60300,MCH-a5c765e6ce,프리스비,5732,2026-08-14 15:57:00,35.579734,127.336488,KR,DEV-de1900fe8a
3059,9bb679cb-8d83-45af-8297-e91440efb0d0,15300,MCH-8e35d3c146,김밥천국,5812,2026-08-14 16:32:00,35.586881,127.29792,KR,DEV-de1900fe8a
3060,9bb679cb-8d83-45af-8297-e91440efb0d0,36900,MCH-ba944121a3,무신사,5651,2026-08-15 12:15:00,35.56839,127.319833,KR,DEV-de1900fe8a
3061,9bb679cb-8d83-45af-8297-e91440efb0d0,3240,MCH-06553b267c,카카오택시,4121,2026-08-15 14:19:00,35.612874,127.30193,KR,DEV-de1900fe8a
3062,9bb679cb-8d83-45af-8297-e91440efb0d0,36900,MCH-ba944121a3,무신사,5651,2026-08-15 17:59:00,35.570767,127.286319,KR,DEV-de1900fe8a
3063,9bb679cb-8d83-45af-8297-e91440efb0d0,810000,MCH-489f756ae2,Steam_Global,5816,2026-08-17 15:06:00,35.576748,127.304141,UK,DEV-de1900fe8a
3064,9bb679cb-8d83-45af-8297-e91440efb0d0,68400,MCH-ba944121a3,무신사,5651,2026-08-17 20:15:00,35.60693,127.295244,KR,DEV-de1900fe8a
3065,9bb679cb-8d83-45af-8297-e91440efb0d0,8100,MCH-fb4fb59d3a,스타벅스,5814,2026-08-18 12:42:00,35.581241,127.309652,KR,DEV-de1900fe8a
3066,9bb679cb-8d83-45af-8297-e91440efb0d0,16650,MCH-06553b267c,카카오택시,4121,2026-08-18 17:37:00,35.581922,127.337331,KR,DEV-de1900fe8a
3067,9bb679cb-8d83-45af-8297-e91440efb0d0,4500,MCH-ab42b36c0b,배달의민족,5812,2026-08-18 18:03:00,35.617498,127.335318,KR,DEV-de1900fe8a
3068,9bb679cb-8d83-45af-8297-e91440efb0d0,8100,MCH-8e35d3c146,김밥천국,5812,2026-08-19 12:24:00,35.592743,127.317793,KR,DEV-de1900fe8a
3069,9bb679cb-8d83-45af-8297-e91440efb0d0,770000,MCH-96930209b1,Amazon_US,5942,2026-08-20 07:49:00,35.609087,127.325406,UK,DEV-de1900fe8a
3070,9bb679cb-8d83-45af-8297-e91440efb0d0,135000,MCH-bed94775b8,패스트파이브,7011,2026-08-22 12:26:00,35.589593,127.31439,KR,DEV-de1900fe8a
3071,9bb679cb-8d83-45af-8297-e91440efb0d0,180000,MCH-53b4838ce6,어도비(Adobe),5734,2026-08-22 19:45:00,35.574441,127.300286,KR,DEV-de1900fe8a
3072,a0598579-8124-47ac-ab26-dc5e2c7c8c1a,13200,MCH-c563ceac18,맥도날드,5814,2026-05-25 21:18:00,37.434685,126.704597,KR,DEV-1604ba75f8
3073,a0598579-8124-47ac-ab26-dc5e2c7c8c1a,198000,MCH-53b4838ce6,어도비(Adobe),5734,2026-05-26 18:41:00,37.388123,126.736333,KR,DEV-1604ba75f8
3074,a0598579-8124-47ac-ab26-dc5e2c7c8c1a,136400,MCH-493f24c455,쿠팡,5399,2026-05-26 21:21:00,37.401184,126.71398,KR,DEV-1604ba75f8
3075,a0598579-8124-47ac-ab26-dc5e2c7c8c1a,63800,MCH-8e35d3c146,김밥천국,5812,2026-05-27 13:39:00,37.425224,126.72699,KR,DEV-1604ba75f8
3076,a0598579-8124-47ac-ab26-dc5e2c7c8c1a,17600,MCH-c563ceac18,맥도날드,5814,2026-05-27 14:58:00,37.387969,126.727951,KR,DEV-1604ba75f8
3077,a0598579-8124-47ac-ab26-dc5e2c7c8c1a,149600,MCH-ba944121a3,무신사,5651,2026-05-27 18:56:00,37.406536,126.735493,KR,DEV-1604ba75f8
3078,a0598579-8124-47ac-ab26-dc5e2c7c8c1a,105600,MCH-493f24c455,쿠팡,5399,2026-05-28 18:20:00,37.408243,126.738298,KR,DEV-1604ba75f8
3079,a0598579-8124-47ac-ab26-dc5e2c7c8c1a,154000,MCH-493f24c455,쿠팡,5399,2026-05-29 18:46:00,37.418066,126.708606,KR,DEV-1604ba75f8
3080,a0598579-8124-47ac-ab26-dc5e2c7c8c1a,638000,MCH-53b4838ce6,어도비(Adobe),5734,2026-05-30 15:20:00,37.427742,126.736367,KR,DEV-1604ba75f8
3081,a0598579-8124-47ac-ab26-dc5e2c7c8c1a,35200,MCH-493f24c455,쿠팡,5399,2026-05-30 18:59:00,37.416528,126.698355,KR,DEV-1604ba75f8
3082,a0598579-8124-47ac-ab26-dc5e2c7c8c1a,55000,MCH-a5c765e6ce,프리스비,5732,2026-05-31 15:28:00,37.393896,126.725094,KR,DEV-1604ba75f8
3083,a0598579-8124-47ac-ab26-dc5e2c7c8c1a,171600,MCH-493f24c455,쿠팡,5399,2026-05-31 19:41:00,37.40608,126.736622,KR,DEV-1604ba75f8
3084,a0598579-8124-47ac-ab26-dc5e2c7c8c1a,63800,MCH-ba944121a3,무신사,5651,2026-06-01 09:48:00,37.414288,126.729058,KR,DEV-1604ba75f8
3085,a0598579-8124-47ac-ab26-dc5e2c7c8c1a,160600,MCH-a5c765e6ce,프리스비,5732,2026-06-01 13:35:00,37.406518,126.708745,KR,DEV-1604ba75f8
3086,a0598579-8124-47ac-ab26-dc5e2c7c8c1a,46200,MCH-ab42b36c0b,배달의민족,5812,2026-06-01 16:13:00,37.411973,126.690329,KR,DEV-1604ba75f8
3087,a0598579-8124-47ac-ab26-dc5e2c7c8c1a,37400,MCH-fb4fb59d3a,스타벅스,5814,2026-06-03 11:29:00,37.403977,126.704065,KR,DEV-1604ba75f8
3088,a0598579-8124-47ac-ab26-dc5e2c7c8c1a,198000,MCH-bed94775b8,패스트파이브,7011,2026-06-03 21:45:00,37.402068,126.696067,KR,DEV-1604ba75f8
3089,a0598579-8124-47ac-ab26-dc5e2c7c8c1a,638000,MCH-53b4838ce6,어도비(Adobe),5734,2026-06-04 22:28:00,37.387683,126.712724,KR,DEV-1604ba75f8
3090,a0598579-8124-47ac-ab26-dc5e2c7c8c1a,195800,MCH-ba944121a3,무신사,5651,2026-06-05 15:59:00,37.382092,126.730115,KR,DEV-1604ba75f8
3091,a0598579-8124-47ac-ab26-dc5e2c7c8c1a,46200,MCH-ab42b36c0b,배달의민족,5812,2026-06-06 22:24:00,37.391244,126.734387,KR,DEV-1604ba75f8
3092,a0598579-8124-47ac-ab26-dc5e2c7c8c1a,70400,MCH-a5c765e6ce,프리스비,5732,2026-06-07 14:38:00,37.433944,126.742779,KR,DEV-1604ba75f8
3093,a0598579-8124-47ac-ab26-dc5e2c7c8c1a,88000,MCH-a5c765e6ce,프리스비,5732,2026-06-08 11:39:00,37.411469,126.707288,KR,DEV-1604ba75f8
3094,a0598579-8124-47ac-ab26-dc5e2c7c8c1a,46200,MCH-c563ceac18,맥도날드,5814,2026-06-08 16:44:00,37.418972,126.740114,KR,DEV-1604ba75f8
3095,a0598579-8124-47ac-ab26-dc5e2c7c8c1a,151800,MCH-e7751d42a2,올리브영,5977,2026-06-10 20:00:00,37.432813,126.728705,KR,DEV-1604ba75f8
3096,a0598579-8124-47ac-ab26-dc5e2c7c8c1a,90200,MCH-e7751d42a2,올리브영,5977,2026-06-10 20:34:00,37.397351,126.703864,KR,DEV-1604ba75f8
3097,a0598579-8124-47ac-ab26-dc5e2c7c8c1a,107800,MCH-a5c765e6ce,프리스비,5732,2026-06-10 20:50:00,37.383224,126.698175,KR,DEV-1604ba75f8
3098,a0598579-8124-47ac-ab26-dc5e2c7c8c1a,37400,MCH-8e35d3c146,김밥천국,5812,2026-06-11 14:50:00,37.419487,126.727776,KR,DEV-1604ba75f8
3099,a0598579-8124-47ac-ab26-dc5e2c7c8c1a,264000,MCH-bed94775b8,패스트파이브,7011,2026-06-11 16:50:00,37.428779,126.730293,KR,DEV-1604ba75f8
3100,a0598579-8124-47ac-ab26-dc5e2c7c8c1a,24200,MCH-ab42b36c0b,배달의민족,5812,2026-06-11 17:55:00,37.398758,126.720165,KR,DEV-1604ba75f8
3101,a0598579-8124-47ac-ab26-dc5e2c7c8c1a,37400,MCH-fb4fb59d3a,스타벅스,5814,2026-06-12 08:27:00,37.418758,126.700427,KR,DEV-1604ba75f8
3102,a0598579-8124-47ac-ab26-dc5e2c7c8c1a,85800,MCH-a5c765e6ce,프리스비,5732,2026-06-12 12:28:00,37.431128,126.728408,KR,DEV-1604ba75f8
3103,a0598579-8124-47ac-ab26-dc5e2c7c8c1a,125400,MCH-493f24c455,쿠팡,5399,2026-06-12 15:45:00,37.396141,126.699019,KR,DEV-1604ba75f8
3104,a0598579-8124-47ac-ab26-dc5e2c7c8c1a,178200,MCH-a5c765e6ce,프리스비,5732,2026-06-14 09:50:00,37.385797,126.728573,KR,DEV-1604ba75f8
3105,a0598579-8124-47ac-ab26-dc5e2c7c8c1a,169400,MCH-e7751d42a2,올리브영,5977,2026-06-14 20:36:00,37.423677,126.724124,KR,DEV-1604ba75f8
3106,a0598579-8124-47ac-ab26-dc5e2c7c8c1a,330000,MCH-8fff18fdd2,노션,7372,2026-06-15 13:18:00,37.403664,126.709207,KR,DEV-1604ba75f8
3107,a0598579-8124-47ac-ab26-dc5e2c7c8c1a,123200,MCH-493f24c455,쿠팡,5399,2026-06-15 14:58:00,37.43075,126.723493,KR,DEV-1604ba75f8
3108,a0598579-8124-47ac-ab26-dc5e2c7c8c1a,176000,MCH-53b4838ce6,어도비(Adobe),5734,2026-06-15 18:22:00,37.422542,126.718996,KR,DEV-1604ba75f8
3109,a0598579-8124-47ac-ab26-dc5e2c7c8c1a,3124000,MCH-ba944121a3,무신사,5651,2026-06-17 08:18:00,37.409797,126.731968,KR,DEV-1604ba75f8
3110,a0598579-8124-47ac-ab26-dc5e2c7c8c1a,638000,MCH-ca5e0a9e0b,AWS,7372,2026-06-17 16:34:00,37.392264,126.718098,KR,DEV-1604ba75f8
3111,a0598579-8124-47ac-ab26-dc5e2c7c8c1a,213400,MCH-ba944121a3,무신사,5651,2026-06-19 21:04:00,37.404788,126.695938,KR,DEV-1604ba75f8
3112,a0598579-8124-47ac-ab26-dc5e2c7c8c1a,3982000,MCH-c563ceac18,맥도날드,5814,2026-06-20 12:35:00,37.420608,126.692368,KR,DEV-1604ba75f8
3113,a0598579-8124-47ac-ab26-dc5e2c7c8c1a,37400,MCH-e7751d42a2,올리브영,5977,2026-06-21 14:43:00,37.403892,126.714705,KR,DEV-1604ba75f8
3114,a0598579-8124-47ac-ab26-dc5e2c7c8c1a,211200,MCH-e7751d42a2,올리브영,5977,2026-06-27 10:19:00,37.422223,126.733389,KR,DEV-1604ba75f8
3115,a0598579-8124-47ac-ab26-dc5e2c7c8c1a,165000,MCH-493f24c455,쿠팡,5399,2026-06-27 10:34:00,37.397075,126.740411,KR,DEV-1604ba75f8
3116,a0598579-8124-47ac-ab26-dc5e2c7c8c1a,15180,MCH-0d60345572,버스,4111,2026-06-28 14:57:00,37.411454,126.694921,KR,DEV-1604ba75f8
3117,a0598579-8124-47ac-ab26-dc5e2c7c8c1a,11000,MCH-fb4fb59d3a,스타벅스,5814,2026-06-28 17:38:00,37.382461,126.737605,KR,DEV-1604ba75f8
3118,a0598579-8124-47ac-ab26-dc5e2c7c8c1a,57200,MCH-c563ceac18,맥도날드,5814,2026-06-29 20:36:00,37.393792,126.735442,KR,DEV-1604ba75f8
3119,a0598579-8124-47ac-ab26-dc5e2c7c8c1a,38060,MCH-0d60345572,버스,4111,2026-06-30 09:57:00,37.401163,126.726606,KR,DEV-1604ba75f8
3120,a0598579-8124-47ac-ab26-dc5e2c7c8c1a,191400,MCH-a5c765e6ce,프리스비,5732,2026-06-30 17:23:00,37.408121,126.708068,KR,DEV-1604ba75f8
3121,a0598579-8124-47ac-ab26-dc5e2c7c8c1a,44000,MCH-5df4849ce1,지하철,4111,2026-06-30 17:31:00,37.385812,126.726627,KR,DEV-1604ba75f8
3122,a0598579-8124-47ac-ab26-dc5e2c7c8c1a,33440,MCH-5df4849ce1,지하철,4111,2026-07-01 11:16:00,37.416753,126.694751,KR,DEV-1604ba75f8
3123,a0598579-8124-47ac-ab26-dc5e2c7c8c1a,118800,MCH-e7751d42a2,올리브영,5977,2026-07-01 15:35:00,37.421478,126.737773,KR,DEV-1604ba75f8
3124,a0598579-8124-47ac-ab26-dc5e2c7c8c1a,110000,MCH-ba944121a3,무신사,5651,2026-07-01 21:23:00,37.398789,126.732788,KR,DEV-1604ba75f8
3125,a0598579-8124-47ac-ab26-dc5e2c7c8c1a,176000,MCH-a5c765e6ce,프리스비,5732,2026-07-05 10:28:00,37.403306,126.717464,KR,DEV-1604ba75f8
3126,a0598579-8124-47ac-ab26-dc5e2c7c8c1a,70400,MCH-e7751d42a2,올리브영,5977,2026-07-05 15:32:00,37.393929,126.732058,KR,DEV-1604ba75f8
3127,a0598579-8124-47ac-ab26-dc5e2c7c8c1a,40040,MCH-5b1162a765,KTX,4112,2026-07-05 20:09:00,37.393359,126.692301,KR,DEV-1604ba75f8
3128,a0598579-8124-47ac-ab26-dc5e2c7c8c1a,16280,MCH-5b1162a765,KTX,4112,2026-07-06 09:16:00,37.407993,126.709714,KR,DEV-1604ba75f8
3129,a0598579-8124-47ac-ab26-dc5e2c7c8c1a,138600,MCH-a5c765e6ce,프리스비,5732,2026-07-08 18:24:00,37.396642,126.730423,KR,DEV-1604ba75f8
3130,a0598579-8124-47ac-ab26-dc5e2c7c8c1a,17600,MCH-ab42b36c0b,배달의민족,5812,2026-07-08 19:33:00,37.431474,126.737971,KR,DEV-1604ba75f8
3131,a0598579-8124-47ac-ab26-dc5e2c7c8c1a,217800,MCH-493f24c455,쿠팡,5399,2026-07-10 11:26:00,37.389979,126.698826,KR,DEV-1604ba75f8
3132,a0598579-8124-47ac-ab26-dc5e2c7c8c1a,52800,MCH-a5c765e6ce,프리스비,5732,2026-07-10 16:41:00,37.382215,126.737997,KR,DEV-1604ba75f8
3133,a0598579-8124-47ac-ab26-dc5e2c7c8c1a,169400,MCH-e7751d42a2,올리브영,5977,2026-07-10 20:30:00,37.393907,126.712257,KR,DEV-1604ba75f8
3134,a0598579-8124-47ac-ab26-dc5e2c7c8c1a,132000,MCH-ca5e0a9e0b,AWS,7372,2026-07-12 10:16:00,37.38914,126.71803,KR,DEV-1604ba75f8
3135,a0598579-8124-47ac-ab26-dc5e2c7c8c1a,44000,MCH-a5c765e6ce,프리스비,5732,2026-07-12 10:36:00,37.413793,126.725307,KR,DEV-1604ba75f8
3136,a0598579-8124-47ac-ab26-dc5e2c7c8c1a,616000,MCH-53b4838ce6,어도비(Adobe),5734,2026-07-12 19:42:00,37.409784,126.712237,KR,DEV-1604ba75f8
3137,a0598579-8124-47ac-ab26-dc5e2c7c8c1a,96800,MCH-493f24c455,쿠팡,5399,2026-07-14 14:24:00,37.421003,126.708843,KR,DEV-1604ba75f8
3138,a0598579-8124-47ac-ab26-dc5e2c7c8c1a,198000,MCH-bed94775b8,패스트파이브,7011,2026-07-14 17:06:00,37.382753,126.718575,KR,DEV-1604ba75f8
3139,a0598579-8124-47ac-ab26-dc5e2c7c8c1a,206800,MCH-a5c765e6ce,프리스비,5732,2026-07-14 18:32:00,37.391078,126.735204,KR,DEV-1604ba75f8
3140,a0598579-8124-47ac-ab26-dc5e2c7c8c1a,462000,MCH-bed94775b8,패스트파이브,7011,2026-07-17 14:23:00,37.411009,126.690385,KR,DEV-1604ba75f8
3141,a0598579-8124-47ac-ab26-dc5e2c7c8c1a,151800,MCH-493f24c455,쿠팡,5399,2026-07-18 10:16:00,37.425226,126.732999,KR,DEV-1604ba75f8
3142,a0598579-8124-47ac-ab26-dc5e2c7c8c1a,17600,MCH-5b1162a765,KTX,4112,2026-07-18 11:00:00,37.394426,126.736755,KR,DEV-1604ba75f8
3143,a0598579-8124-47ac-ab26-dc5e2c7c8c1a,37400,MCH-fb4fb59d3a,스타벅스,5814,2026-07-18 18:13:00,37.424529,126.721563,KR,DEV-1604ba75f8
3144,a0598579-8124-47ac-ab26-dc5e2c7c8c1a,182600,MCH-e7751d42a2,올리브영,5977,2026-07-19 14:36:00,37.387619,126.713351,KR,DEV-1604ba75f8
3145,a0598579-8124-47ac-ab26-dc5e2c7c8c1a,187000,MCH-ba944121a3,무신사,5651,2026-07-19 20:35:00,37.396753,126.727109,KR,DEV-1604ba75f8
3146,a0598579-8124-47ac-ab26-dc5e2c7c8c1a,59400,MCH-a5c765e6ce,프리스비,5732,2026-07-20 11:32:00,37.42228,126.71446,KR,DEV-1604ba75f8
3147,a0598579-8124-47ac-ab26-dc5e2c7c8c1a,70400,MCH-ba944121a3,무신사,5651,2026-07-20 21:55:00,37.408007,126.743753,KR,DEV-1604ba75f8
3148,a0598579-8124-47ac-ab26-dc5e2c7c8c1a,55000,MCH-8e35d3c146,김밥천국,5812,2026-07-21 08:51:00,37.415049,126.727323,KR,DEV-1604ba75f8
3149,a0598579-8124-47ac-ab26-dc5e2c7c8c1a,105600,MCH-493f24c455,쿠팡,5399,2026-07-21 11:23:00,37.389714,126.740367,KR,DEV-1604ba75f8
3150,a0598579-8124-47ac-ab26-dc5e2c7c8c1a,2460000,MCH-c3acdc127f,유흥업소,5813,2026-07-23 03:02:00,37.427835,126.740631,KR,DEV-1604ba75f8
3151,a0598579-8124-47ac-ab26-dc5e2c7c8c1a,70000,MCH-cf62dbb6a8,게임아이템_스토어,7994,2026-07-23 09:17:00,37.424002,126.709408,KR,DEV-1604ba75f8
3152,a0598579-8124-47ac-ab26-dc5e2c7c8c1a,70000,MCH-cf62dbb6a8,게임아이템_스토어,7994,2026-07-23 09:18:00,37.424002,126.709408,KR,DEV-1604ba75f8
3153,a0598579-8124-47ac-ab26-dc5e2c7c8c1a,70000,MCH-cf62dbb6a8,게임아이템_스토어,7994,2026-07-23 09:19:00,37.424002,126.709408,KR,DEV-1604ba75f8
3154,a0598579-8124-47ac-ab26-dc5e2c7c8c1a,134200,MCH-493f24c455,쿠팡,5399,2026-07-23 11:41:00,37.409455,126.728074,KR,DEV-1604ba75f8
3155,a0598579-8124-47ac-ab26-dc5e2c7c8c1a,211200,MCH-a5c765e6ce,프리스비,5732,2026-07-23 15:28:00,37.41002,126.728785,KR,DEV-1604ba75f8
3156,a0598579-8124-47ac-ab26-dc5e2c7c8c1a,48400,MCH-fb4fb59d3a,스타벅스,5814,2026-07-24 09:32:00,37.403693,126.690571,KR,DEV-1604ba75f8
3157,a0598579-8124-47ac-ab26-dc5e2c7c8c1a,187000,MCH-493f24c455,쿠팡,5399,2026-07-24 12:46:00,37.392686,126.691151,KR,DEV-1604ba75f8
3158,a0598579-8124-47ac-ab26-dc5e2c7c8c1a,264000,MCH-8fff18fdd2,노션,7372,2026-07-24 17:12:00,37.431318,126.709136,KR,DEV-1604ba75f8
3159,a0598579-8124-47ac-ab26-dc5e2c7c8c1a,167200,MCH-493f24c455,쿠팡,5399,2026-07-26 09:16:00,37.400218,126.732244,KR,DEV-1604ba75f8
3160,a0598579-8124-47ac-ab26-dc5e2c7c8c1a,191400,MCH-ba944121a3,무신사,5651,2026-07-26 15:49:00,37.425812,126.721395,KR,DEV-1604ba75f8
3161,a0598579-8124-47ac-ab26-dc5e2c7c8c1a,594000,MCH-53b4838ce6,어도비(Adobe),5734,2026-07-27 21:16:00,37.394287,126.707386,KR,DEV-1604ba75f8
3162,a0598579-8124-47ac-ab26-dc5e2c7c8c1a,18040,MCH-5df4849ce1,지하철,4111,2026-07-29 11:14:00,37.392137,126.730164,KR,DEV-1604ba75f8
3163,a0598579-8124-47ac-ab26-dc5e2c7c8c1a,83600,MCH-e7751d42a2,올리브영,5977,2026-07-29 19:43:00,37.432204,126.71608,KR,DEV-1604ba75f8
3164,a0598579-8124-47ac-ab26-dc5e2c7c8c1a,57200,MCH-fb4fb59d3a,스타벅스,5814,2026-07-30 18:31:00,37.401103,126.732425,KR,DEV-1604ba75f8
3165,a0598579-8124-47ac-ab26-dc5e2c7c8c1a,440000,MCH-8fff18fdd2,노션,7372,2026-08-01 10:48:00,37.408471,126.743583,KR,DEV-1604ba75f8
3166,a0598579-8124-47ac-ab26-dc5e2c7c8c1a,180400,MCH-493f24c455,쿠팡,5399,2026-08-01 20:27:00,37.397008,126.702325,KR,DEV-1604ba75f8
3167,a0598579-8124-47ac-ab26-dc5e2c7c8c1a,352000,MCH-8fff18fdd2,노션,7372,2026-08-03 10:31:00,37.396066,126.704883,KR,DEV-1604ba75f8
3168,a0598579-8124-47ac-ab26-dc5e2c7c8c1a,33000,MCH-8e35d3c146,김밥천국,5812,2026-08-03 19:00:00,37.423799,126.715033,KR,DEV-1604ba75f8
3169,a0598579-8124-47ac-ab26-dc5e2c7c8c1a,560000,MCH-fa2d4c28ac,AliExpress_CN,5399,2026-08-03 19:55:00,37.39325,126.721726,CN,DEV-1604ba75f8
3170,a0598579-8124-47ac-ab26-dc5e2c7c8c1a,35420,MCH-5df4849ce1,지하철,4111,2026-08-04 10:36:00,37.401983,126.7365,KR,DEV-1604ba75f8
3171,a0598579-8124-47ac-ab26-dc5e2c7c8c1a,44000,MCH-8e35d3c146,김밥천국,5812,2026-08-04 10:57:00,37.421779,126.715887,KR,DEV-1604ba75f8
3172,a0598579-8124-47ac-ab26-dc5e2c7c8c1a,138600,MCH-ba944121a3,무신사,5651,2026-08-04 11:09:00,37.425868,126.729283,KR,DEV-1604ba75f8
3173,a0598579-8124-47ac-ab26-dc5e2c7c8c1a,125400,MCH-ba944121a3,무신사,5651,2026-08-05 12:23:00,37.425848,126.716079,KR,DEV-1604ba75f8
3174,a0598579-8124-47ac-ab26-dc5e2c7c8c1a,59400,MCH-ba944121a3,무신사,5651,2026-08-05 19:10:00,37.398076,126.720706,KR,DEV-1604ba75f8
3175,a0598579-8124-47ac-ab26-dc5e2c7c8c1a,193600,MCH-a5c765e6ce,프리스비,5732,2026-08-06 17:41:00,37.404115,126.709298,KR,DEV-1604ba75f8
3176,a0598579-8124-47ac-ab26-dc5e2c7c8c1a,158400,MCH-ba944121a3,무신사,5651,2026-08-06 22:05:00,37.391293,126.732499,KR,DEV-1604ba75f8
3177,a0598579-8124-47ac-ab26-dc5e2c7c8c1a,33000,MCH-c563ceac18,맥도날드,5814,2026-08-07 13:41:00,37.427745,126.694176,KR,DEV-1604ba75f8
3178,a0598579-8124-47ac-ab26-dc5e2c7c8c1a,149600,MCH-e7751d42a2,올리브영,5977,2026-08-07 18:39:00,37.433566,126.737253,KR,DEV-1604ba75f8
3179,a0598579-8124-47ac-ab26-dc5e2c7c8c1a,55000,MCH-e7751d42a2,올리브영,5977,2026-08-08 11:10:00,37.391798,126.691569,KR,DEV-1604ba75f8
3180,a0598579-8124-47ac-ab26-dc5e2c7c8c1a,198000,MCH-e7751d42a2,올리브영,5977,2026-08-08 16:28:00,37.403234,126.738303,KR,DEV-1604ba75f8
3181,a0598579-8124-47ac-ab26-dc5e2c7c8c1a,116600,MCH-a5c765e6ce,프리스비,5732,2026-08-10 08:00:00,37.386699,126.706961,KR,DEV-1604ba75f8
3182,a0598579-8124-47ac-ab26-dc5e2c7c8c1a,129800,MCH-e7751d42a2,올리브영,5977,2026-08-10 15:34:00,37.416228,126.720806,KR,DEV-1604ba75f8
3183,a0598579-8124-47ac-ab26-dc5e2c7c8c1a,165000,MCH-e7751d42a2,올리브영,5977,2026-08-10 15:55:00,37.427183,126.691864,KR,DEV-1604ba75f8
3184,a0598579-8124-47ac-ab26-dc5e2c7c8c1a,286000,MCH-53b4838ce6,어도비(Adobe),5734,2026-08-10 17:09:00,37.42353,126.718643,KR,DEV-1604ba75f8
3185,a0598579-8124-47ac-ab26-dc5e2c7c8c1a,506000,MCH-ca5e0a9e0b,AWS,7372,2026-08-10 17:29:00,37.396583,126.714366,KR,DEV-1604ba75f8
3186,a0598579-8124-47ac-ab26-dc5e2c7c8c1a,28160,MCH-0d60345572,버스,4111,2026-08-10 18:08:00,37.432214,126.711393,KR,DEV-1604ba75f8
3187,a0598579-8124-47ac-ab26-dc5e2c7c8c1a,116600,MCH-ba944121a3,무신사,5651,2026-08-11 08:49:00,37.410782,126.727497,KR,DEV-1604ba75f8
3188,a0598579-8124-47ac-ab26-dc5e2c7c8c1a,138600,MCH-ba944121a3,무신사,5651,2026-08-11 11:16:00,37.403196,126.699145,KR,DEV-1604ba75f8
3189,a0598579-8124-47ac-ab26-dc5e2c7c8c1a,24200,MCH-ab42b36c0b,배달의민족,5812,2026-08-11 14:56:00,37.397692,126.702818,KR,DEV-1604ba75f8
3190,a0598579-8124-47ac-ab26-dc5e2c7c8c1a,3806000,MCH-8e35d3c146,김밥천국,5812,2026-08-12 08:14:00,37.434416,126.705569,KR,DEV-1604ba75f8
3191,a0598579-8124-47ac-ab26-dc5e2c7c8c1a,19800,MCH-fb4fb59d3a,스타벅스,5814,2026-08-12 08:34:00,37.396568,126.723982,KR,DEV-1604ba75f8
3192,a0598579-8124-47ac-ab26-dc5e2c7c8c1a,17600,MCH-ab42b36c0b,배달의민족,5812,2026-08-12 18:29:00,37.404177,126.736454,KR,DEV-1604ba75f8
3193,a0598579-8124-47ac-ab26-dc5e2c7c8c1a,215600,MCH-e7751d42a2,올리브영,5977,2026-08-12 19:34:00,37.431045,126.733973,KR,DEV-1604ba75f8
3194,a0598579-8124-47ac-ab26-dc5e2c7c8c1a,143000,MCH-ab42b36c0b,배달의민족,5812,2026-08-13 09:34:00,36.269396,126.980481,KR,DEV-1604ba75f8
3195,a0598579-8124-47ac-ab26-dc5e2c7c8c1a,162800,MCH-e7751d42a2,올리브영,5977,2026-08-13 19:50:00,37.404574,126.732792,KR,DEV-1604ba75f8
3196,a0598579-8124-47ac-ab26-dc5e2c7c8c1a,165000,MCH-a5c765e6ce,프리스비,5732,2026-08-14 14:43:00,37.421605,126.695399,KR,DEV-1604ba75f8
3197,a0598579-8124-47ac-ab26-dc5e2c7c8c1a,103400,MCH-493f24c455,쿠팡,5399,2026-08-14 15:40:00,37.432464,126.698894,KR,DEV-1604ba75f8
3198,a0598579-8124-47ac-ab26-dc5e2c7c8c1a,99000,MCH-493f24c455,쿠팡,5399,2026-08-14 18:27:00,37.40134,126.693136,KR,DEV-1604ba75f8
3199,a0598579-8124-47ac-ab26-dc5e2c7c8c1a,101200,MCH-ba944121a3,무신사,5651,2026-08-14 19:02:00,37.423379,126.703777,KR,DEV-1604ba75f8
3200,a0598579-8124-47ac-ab26-dc5e2c7c8c1a,169400,MCH-a5c765e6ce,프리스비,5732,2026-08-15 11:20:00,37.4167,126.72823,KR,DEV-1604ba75f8
3201,a0598579-8124-47ac-ab26-dc5e2c7c8c1a,594000,MCH-bed94775b8,패스트파이브,7011,2026-08-15 17:09:00,37.403253,126.70346,KR,DEV-1604ba75f8
3202,a0598579-8124-47ac-ab26-dc5e2c7c8c1a,63800,MCH-ab42b36c0b,배달의민족,5812,2026-08-15 18:03:00,37.386695,126.698844,KR,DEV-1604ba75f8
3203,a0598579-8124-47ac-ab26-dc5e2c7c8c1a,48400,MCH-c563ceac18,맥도날드,5814,2026-08-16 13:20:00,37.397788,126.727998,KR,DEV-1604ba75f8
3204,a0598579-8124-47ac-ab26-dc5e2c7c8c1a,44000,MCH-e7751d42a2,올리브영,5977,2026-08-16 15:45:00,37.383012,126.71074,KR,DEV-1604ba75f8
3205,a0598579-8124-47ac-ab26-dc5e2c7c8c1a,154000,MCH-ca5e0a9e0b,AWS,7372,2026-08-16 16:09:00,37.39674,126.735258,KR,DEV-1604ba75f8
3206,a0598579-8124-47ac-ab26-dc5e2c7c8c1a,83600,MCH-ba944121a3,무신사,5651,2026-08-16 22:01:00,37.426151,126.719596,KR,DEV-1604ba75f8
3207,a0598579-8124-47ac-ab26-dc5e2c7c8c1a,24200,MCH-fb4fb59d3a,스타벅스,5814,2026-08-17 09:31:00,37.384224,126.741012,KR,DEV-1604ba75f8
3208,a0598579-8124-47ac-ab26-dc5e2c7c8c1a,63800,MCH-e7751d42a2,올리브영,5977,2026-08-17 09:33:00,37.411667,126.723457,KR,DEV-1604ba75f8
3209,a0598579-8124-47ac-ab26-dc5e2c7c8c1a,85800,MCH-ba944121a3,무신사,5651,2026-08-17 16:43:00,37.420831,126.725903,KR,DEV-1604ba75f8
3210,a0598579-8124-47ac-ab26-dc5e2c7c8c1a,180400,MCH-ba944121a3,무신사,5651,2026-08-17 17:44:00,37.383578,126.725009,KR,DEV-1604ba75f8
3211,a0598579-8124-47ac-ab26-dc5e2c7c8c1a,90200,MCH-493f24c455,쿠팡,5399,2026-08-17 18:31:00,37.384511,126.702251,KR,DEV-1604ba75f8
3212,a0598579-8124-47ac-ab26-dc5e2c7c8c1a,52800,MCH-e7751d42a2,올리브영,5977,2026-08-18 11:33:00,37.415206,126.718916,KR,DEV-1604ba75f8
3213,a0598579-8124-47ac-ab26-dc5e2c7c8c1a,352000,MCH-bed94775b8,패스트파이브,7011,2026-08-18 20:45:00,37.385139,126.720483,KR,DEV-1604ba75f8
3214,a0598579-8124-47ac-ab26-dc5e2c7c8c1a,220000,MCH-ba944121a3,무신사,5651,2026-08-19 14:56:00,37.387561,126.72484,KR,DEV-1604ba75f8
3215,a0598579-8124-47ac-ab26-dc5e2c7c8c1a,182600,MCH-a5c765e6ce,프리스비,5732,2026-08-19 17:28:00,37.424694,126.720048,KR,DEV-1604ba75f8
3216,a0598579-8124-47ac-ab26-dc5e2c7c8c1a,189200,MCH-a5c765e6ce,프리스비,5732,2026-08-19 19:35:00,37.392297,126.725827,KR,DEV-1604ba75f8
3217,a0598579-8124-47ac-ab26-dc5e2c7c8c1a,396000,MCH-8fff18fdd2,노션,7372,2026-08-19 20:40:00,37.430641,126.720054,KR,DEV-1604ba75f8
3218,a0598579-8124-47ac-ab26-dc5e2c7c8c1a,59400,MCH-a5c765e6ce,프리스비,5732,2026-08-20 08:29:00,37.43154,126.717956,KR,DEV-1604ba75f8
3219,a0598579-8124-47ac-ab26-dc5e2c7c8c1a,32340,MCH-06553b267c,카카오택시,4121,2026-08-20 10:56:00,37.381869,126.692194,KR,DEV-1604ba75f8
3220,a0598579-8124-47ac-ab26-dc5e2c7c8c1a,134200,MCH-e7751d42a2,올리브영,5977,2026-08-20 15:28:00,37.411351,126.710594,KR,DEV-1604ba75f8
3221,a0598579-8124-47ac-ab26-dc5e2c7c8c1a,103400,MCH-a5c765e6ce,프리스비,5732,2026-08-20 20:19:00,37.389339,126.710162,KR,DEV-1604ba75f8
3222,a0598579-8124-47ac-ab26-dc5e2c7c8c1a,638000,MCH-53b4838ce6,어도비(Adobe),5734,2026-08-20 21:44:00,37.398092,126.702314,KR,DEV-1604ba75f8
3223,a0598579-8124-47ac-ab26-dc5e2c7c8c1a,154000,MCH-e7751d42a2,올리브영,5977,2026-08-21 14:59:00,37.3861,126.693343,KR,DEV-1604ba75f8
3224,a0598579-8124-47ac-ab26-dc5e2c7c8c1a,123200,MCH-a5c765e6ce,프리스비,5732,2026-08-21 16:44:00,37.398333,126.692546,KR,DEV-1604ba75f8
3225,a0598579-8124-47ac-ab26-dc5e2c7c8c1a,200200,MCH-ba944121a3,무신사,5651,2026-08-21 17:32:00,37.384589,126.729865,KR,DEV-1604ba75f8
3226,a0598579-8124-47ac-ab26-dc5e2c7c8c1a,41800,MCH-e7751d42a2,올리브영,5977,2026-08-21 19:51:00,37.413006,126.739382,KR,DEV-1604ba75f8
3227,a0598579-8124-47ac-ab26-dc5e2c7c8c1a,211200,MCH-493f24c455,쿠팡,5399,2026-08-21 20:40:00,37.428873,126.702575,KR,DEV-1604ba75f8
3228,a0598579-8124-47ac-ab26-dc5e2c7c8c1a,169400,MCH-a5c765e6ce,프리스비,5732,2026-08-21 21:57:00,37.421548,126.729432,KR,DEV-1604ba75f8
3229,a0598579-8124-47ac-ab26-dc5e2c7c8c1a,101200,MCH-a5c765e6ce,프리스비,5732,2026-08-22 09:17:00,37.417115,126.70092,KR,DEV-1604ba75f8
3230,a0598579-8124-47ac-ab26-dc5e2c7c8c1a,39600,MCH-8e35d3c146,김밥천국,5812,2026-08-22 13:22:00,37.39934,126.740273,KR,DEV-1604ba75f8
3231,a0598579-8124-47ac-ab26-dc5e2c7c8c1a,187000,MCH-493f24c455,쿠팡,5399,2026-08-22 14:16:00,37.389859,126.708491,KR,DEV-1604ba75f8
3232,a0598579-8124-47ac-ab26-dc5e2c7c8c1a,44000,MCH-c563ceac18,맥도날드,5814,2026-08-22 16:12:00,37.408984,126.732148,KR,DEV-1604ba75f8
3233,a0598579-8124-47ac-ab26-dc5e2c7c8c1a,129800,MCH-a5c765e6ce,프리스비,5732,2026-08-22 17:52:00,37.400481,126.725748,KR,DEV-1604ba75f8
3234,a1fc7a80-1c2a-4337-b3c7-982cc0c91e27,182000,MCH-ca5e0a9e0b,AWS,7372,2026-05-25 10:38:00,36.873224,127.340579,KR,DEV-2ab13e528c
3235,a1fc7a80-1c2a-4337-b3c7-982cc0c91e27,247000,MCH-ca5e0a9e0b,AWS,7372,2026-05-28 19:19:00,36.897691,127.342894,KR,DEV-2ab13e528c
3236,a1fc7a80-1c2a-4337-b3c7-982cc0c91e27,27300,MCH-c563ceac18,맥도날드,5814,2026-05-29 11:19:00,36.909331,127.34988,KR,DEV-2ab13e528c
3237,a1fc7a80-1c2a-4337-b3c7-982cc0c91e27,3640,MCH-06553b267c,카카오택시,4121,2026-05-29 13:57:00,36.871149,127.371868,KR,DEV-2ab13e528c
3238,a1fc7a80-1c2a-4337-b3c7-982cc0c91e27,35100,MCH-c563ceac18,맥도날드,5814,2026-05-30 15:41:00,36.897133,127.36619,KR,DEV-2ab13e528c
3239,a1fc7a80-1c2a-4337-b3c7-982cc0c91e27,19630,MCH-5b1162a765,KTX,4112,2026-06-02 08:42:00,36.88195,127.335731,KR,DEV-2ab13e528c
3240,a1fc7a80-1c2a-4337-b3c7-982cc0c91e27,260000,MCH-bed94775b8,패스트파이브,7011,2026-06-02 08:55:00,36.910116,127.326827,KR,DEV-2ab13e528c
3241,a1fc7a80-1c2a-4337-b3c7-982cc0c91e27,16900,MCH-ab42b36c0b,배달의민족,5812,2026-06-02 20:48:00,36.887222,127.342399,KR,DEV-2ab13e528c
3242,a1fc7a80-1c2a-4337-b3c7-982cc0c91e27,286000,MCH-53b4838ce6,어도비(Adobe),5734,2026-06-04 14:46:00,36.900252,127.373792,KR,DEV-2ab13e528c
3243,a1fc7a80-1c2a-4337-b3c7-982cc0c91e27,114400,MCH-ba944121a3,무신사,5651,2026-06-04 19:36:00,36.873485,127.377161,KR,DEV-2ab13e528c
3244,a1fc7a80-1c2a-4337-b3c7-982cc0c91e27,40300,MCH-a5c765e6ce,프리스비,5732,2026-06-04 22:00:00,36.872008,127.375507,KR,DEV-2ab13e528c
3245,a1fc7a80-1c2a-4337-b3c7-982cc0c91e27,104000,MCH-53b4838ce6,어도비(Adobe),5734,2026-06-05 12:36:00,36.893583,127.365892,KR,DEV-2ab13e528c
3246,a1fc7a80-1c2a-4337-b3c7-982cc0c91e27,3120,MCH-5b1162a765,KTX,4112,2026-06-05 17:17:00,36.871459,127.35294,KR,DEV-2ab13e528c
3247,a1fc7a80-1c2a-4337-b3c7-982cc0c91e27,20800,MCH-fb4fb59d3a,스타벅스,5814,2026-06-06 15:40:00,36.881939,127.324532,KR,DEV-2ab13e528c
3248,a1fc7a80-1c2a-4337-b3c7-982cc0c91e27,312000,MCH-8fff18fdd2,노션,7372,2026-06-06 16:20:00,36.869724,127.326766,KR,DEV-2ab13e528c
3249,a1fc7a80-1c2a-4337-b3c7-982cc0c91e27,351000,MCH-53b4838ce6,어도비(Adobe),5734,2026-06-07 12:16:00,36.889294,127.325867,KR,DEV-2ab13e528c
3250,a1fc7a80-1c2a-4337-b3c7-982cc0c91e27,156000,MCH-ca5e0a9e0b,AWS,7372,2026-06-07 18:11:00,36.899353,127.338526,KR,DEV-2ab13e528c
3251,a1fc7a80-1c2a-4337-b3c7-982cc0c91e27,13000,MCH-fb4fb59d3a,스타벅스,5814,2026-06-07 18:32:00,36.891352,127.326279,KR,DEV-2ab13e528c
3252,a1fc7a80-1c2a-4337-b3c7-982cc0c91e27,10400,MCH-8e35d3c146,김밥천국,5812,2026-06-08 16:04:00,36.860367,127.336285,KR,DEV-2ab13e528c
3253,a1fc7a80-1c2a-4337-b3c7-982cc0c91e27,91000,MCH-bed94775b8,패스트파이브,7011,2026-06-08 18:27:00,36.875559,127.343672,KR,DEV-2ab13e528c
3254,a1fc7a80-1c2a-4337-b3c7-982cc0c91e27,1820000,MCH-8fff18fdd2,노션,7372,2026-06-09 12:39:00,36.890758,127.343074,KR,DEV-2ab13e528c
3255,a1fc7a80-1c2a-4337-b3c7-982cc0c91e27,39000,MCH-c563ceac18,맥도날드,5814,2026-06-10 13:32:00,36.908236,127.372889,KR,DEV-2ab13e528c
3256,a1fc7a80-1c2a-4337-b3c7-982cc0c91e27,221000,MCH-ca5e0a9e0b,AWS,7372,2026-06-10 21:37:00,36.898059,127.365949,KR,DEV-2ab13e528c
3257,a1fc7a80-1c2a-4337-b3c7-982cc0c91e27,29900,MCH-c563ceac18,맥도날드,5814,2026-06-11 16:36:00,36.911885,127.327839,KR,DEV-2ab13e528c
3258,a1fc7a80-1c2a-4337-b3c7-982cc0c91e27,351000,MCH-53b4838ce6,어도비(Adobe),5734,2026-06-12 11:28:00,36.877515,127.348238,KR,DEV-2ab13e528c
3259,a1fc7a80-1c2a-4337-b3c7-982cc0c91e27,12870,MCH-5df4849ce1,지하철,4111,2026-06-12 11:51:00,36.872499,127.368789,KR,DEV-2ab13e528c
3260,a1fc7a80-1c2a-4337-b3c7-982cc0c91e27,338000,MCH-bed94775b8,패스트파이브,7011,2026-06-12 16:33:00,36.864503,127.371084,KR,DEV-2ab13e528c
3261,a1fc7a80-1c2a-4337-b3c7-982cc0c91e27,195000,MCH-8fff18fdd2,노션,7372,2026-06-13 09:05:00,36.893944,127.356331,KR,DEV-2ab13e528c
3262,a1fc7a80-1c2a-4337-b3c7-982cc0c91e27,312000,MCH-bed94775b8,패스트파이브,7011,2026-06-13 11:28:00,36.876975,127.350931,KR,DEV-2ab13e528c
3263,a1fc7a80-1c2a-4337-b3c7-982cc0c91e27,377000,MCH-ca5e0a9e0b,AWS,7372,2026-06-13 22:26:00,36.870369,127.368346,KR,DEV-2ab13e528c
3264,a1fc7a80-1c2a-4337-b3c7-982cc0c91e27,65000,MCH-bed94775b8,패스트파이브,7011,2026-06-14 10:07:00,36.892145,127.365364,KR,DEV-2ab13e528c
3265,a1fc7a80-1c2a-4337-b3c7-982cc0c91e27,364000,MCH-53b4838ce6,어도비(Adobe),5734,2026-06-15 08:04:00,36.864383,127.372109,KR,DEV-2ab13e528c
3266,a1fc7a80-1c2a-4337-b3c7-982cc0c91e27,31200,MCH-a5c765e6ce,프리스비,5732,2026-06-15 10:32:00,36.864781,127.325441,KR,DEV-2ab13e528c
3267,a1fc7a80-1c2a-4337-b3c7-982cc0c91e27,25090,MCH-5b1162a765,KTX,4112,2026-06-15 16:15:00,36.907604,127.372478,KR,DEV-2ab13e528c
3268,a1fc7a80-1c2a-4337-b3c7-982cc0c91e27,182000,MCH-bed94775b8,패스트파이브,7011,2026-06-16 20:30:00,36.907175,127.357698,KR,DEV-2ab13e528c
3269,a1fc7a80-1c2a-4337-b3c7-982cc0c91e27,44200,MCH-493f24c455,쿠팡,5399,2026-06-16 22:00:00,36.897595,127.362718,KR,DEV-2ab13e528c
3270,a1fc7a80-1c2a-4337-b3c7-982cc0c91e27,37700,MCH-ab42b36c0b,배달의민족,5812,2026-06-17 09:14:00,36.882464,127.34092,KR,DEV-2ab13e528c
3271,a1fc7a80-1c2a-4337-b3c7-982cc0c91e27,182000,MCH-bed94775b8,패스트파이브,7011,2026-06-17 13:24:00,36.876388,127.354093,KR,DEV-2ab13e528c
3272,a1fc7a80-1c2a-4337-b3c7-982cc0c91e27,234000,MCH-ca5e0a9e0b,AWS,7372,2026-06-18 16:17:00,36.860216,127.374683,KR,DEV-2ab13e528c
3273,a1fc7a80-1c2a-4337-b3c7-982cc0c91e27,338000,MCH-ca5e0a9e0b,AWS,7372,2026-06-19 12:09:00,36.907554,127.377048,KR,DEV-2ab13e528c
3274,a1fc7a80-1c2a-4337-b3c7-982cc0c91e27,9360,MCH-5b1162a765,KTX,4112,2026-06-19 22:10:00,36.873343,127.330007,KR,DEV-2ab13e528c
3275,a1fc7a80-1c2a-4337-b3c7-982cc0c91e27,1040000,MCH-a5c765e6ce,프리스비,5732,2026-06-20 15:53:00,36.906735,127.375483,KR,DEV-2ab13e528c
3276,a1fc7a80-1c2a-4337-b3c7-982cc0c91e27,101400,MCH-ba944121a3,무신사,5651,2026-06-21 12:05:00,36.896129,127.369261,KR,DEV-2ab13e528c
3277,a1fc7a80-1c2a-4337-b3c7-982cc0c91e27,247000,MCH-ca5e0a9e0b,AWS,7372,2026-06-21 12:58:00,36.908857,127.354473,KR,DEV-2ab13e528c
3278,a1fc7a80-1c2a-4337-b3c7-982cc0c91e27,36400,MCH-c563ceac18,맥도날드,5814,2026-06-22 09:20:00,36.864244,127.342719,KR,DEV-2ab13e528c
3279,a1fc7a80-1c2a-4337-b3c7-982cc0c91e27,351000,MCH-53b4838ce6,어도비(Adobe),5734,2026-06-22 19:20:00,36.876075,127.348111,KR,DEV-2ab13e528c
3280,a1fc7a80-1c2a-4337-b3c7-982cc0c91e27,156000,MCH-53b4838ce6,어도비(Adobe),5734,2026-06-24 10:37:00,36.88812,127.368877,KR,DEV-2ab13e528c
3281,a1fc7a80-1c2a-4337-b3c7-982cc0c91e27,18070,MCH-5df4849ce1,지하철,4111,2026-06-24 21:11:00,36.908931,127.359996,KR,DEV-2ab13e528c
3282,a1fc7a80-1c2a-4337-b3c7-982cc0c91e27,19500,MCH-a5c765e6ce,프리스비,5732,2026-06-25 14:04:00,36.892261,127.328394,KR,DEV-2ab13e528c
3283,a1fc7a80-1c2a-4337-b3c7-982cc0c91e27,31200,MCH-ab42b36c0b,배달의민족,5812,2026-06-25 14:40:00,36.890988,127.361977,KR,DEV-2ab13e528c
3284,a1fc7a80-1c2a-4337-b3c7-982cc0c91e27,35100,MCH-e7751d42a2,올리브영,5977,2026-06-26 11:07:00,36.892005,127.355915,KR,DEV-2ab13e528c
3285,a1fc7a80-1c2a-4337-b3c7-982cc0c91e27,11570,MCH-5df4849ce1,지하철,4111,2026-06-26 18:31:00,36.893459,127.333332,KR,DEV-2ab13e528c
3286,a1fc7a80-1c2a-4337-b3c7-982cc0c91e27,96200,MCH-a5c765e6ce,프리스비,5732,2026-06-27 13:42:00,36.88212,127.336972,KR,DEV-2ab13e528c
3287,a1fc7a80-1c2a-4337-b3c7-982cc0c91e27,390000,MCH-bed94775b8,패스트파이브,7011,2026-06-27 21:31:00,36.895623,127.361697,KR,DEV-2ab13e528c
3288,a1fc7a80-1c2a-4337-b3c7-982cc0c91e27,1131000,MCH-bed94775b8,패스트파이브,7011,2026-06-28 16:49:00,36.872431,127.335226,KR,DEV-2ab13e528c
3289,a1fc7a80-1c2a-4337-b3c7-982cc0c91e27,10790,MCH-06553b267c,카카오택시,4121,2026-06-29 15:46:00,36.90168,127.346583,KR,DEV-2ab13e528c
3290,a1fc7a80-1c2a-4337-b3c7-982cc0c91e27,114400,MCH-a5c765e6ce,프리스비,5732,2026-06-29 22:10:00,36.892342,127.326065,KR,DEV-2ab13e528c
3291,a1fc7a80-1c2a-4337-b3c7-982cc0c91e27,27300,MCH-fb4fb59d3a,스타벅스,5814,2026-07-01 11:23:00,36.877014,127.365005,KR,DEV-2ab13e528c
3292,a1fc7a80-1c2a-4337-b3c7-982cc0c91e27,9100,MCH-8e35d3c146,김밥천국,5812,2026-07-01 20:45:00,36.887126,127.374965,KR,DEV-2ab13e528c
3293,a1fc7a80-1c2a-4337-b3c7-982cc0c91e27,14300,MCH-5df4849ce1,지하철,4111,2026-07-02 13:26:00,36.879329,127.3624,KR,DEV-2ab13e528c
3294,a1fc7a80-1c2a-4337-b3c7-982cc0c91e27,273000,MCH-53b4838ce6,어도비(Adobe),5734,2026-07-03 14:50:00,36.859899,127.324682,KR,DEV-2ab13e528c
3295,a1fc7a80-1c2a-4337-b3c7-982cc0c91e27,169000,MCH-53b4838ce6,어도비(Adobe),5734,2026-07-04 19:07:00,36.859259,127.357737,KR,DEV-2ab13e528c
3296,a1fc7a80-1c2a-4337-b3c7-982cc0c91e27,4420,MCH-06553b267c,카카오택시,4121,2026-07-05 09:32:00,36.86504,127.363627,KR,DEV-2ab13e528c
3297,a1fc7a80-1c2a-4337-b3c7-982cc0c91e27,15990,MCH-0d60345572,버스,4111,2026-07-05 16:47:00,36.868451,127.356339,KR,DEV-2ab13e528c
3298,a1fc7a80-1c2a-4337-b3c7-982cc0c91e27,10400,MCH-c563ceac18,맥도날드,5814,2026-07-05 19:37:00,36.899159,127.346052,KR,DEV-2ab13e528c
3299,a1fc7a80-1c2a-4337-b3c7-982cc0c91e27,14560,MCH-5df4849ce1,지하철,4111,2026-07-06 08:31:00,36.879913,127.338656,KR,DEV-2ab13e528c
3300,a1fc7a80-1c2a-4337-b3c7-982cc0c91e27,67600,MCH-ba944121a3,무신사,5651,2026-07-06 14:05:00,36.863337,127.375992,KR,DEV-2ab13e528c
3301,a1fc7a80-1c2a-4337-b3c7-982cc0c91e27,22880,MCH-5df4849ce1,지하철,4111,2026-07-07 09:06:00,36.883722,127.329488,KR,DEV-2ab13e528c
3302,a1fc7a80-1c2a-4337-b3c7-982cc0c91e27,84500,MCH-493f24c455,쿠팡,5399,2026-07-07 20:14:00,36.896575,127.348046,KR,DEV-2ab13e528c
3303,a1fc7a80-1c2a-4337-b3c7-982cc0c91e27,27300,MCH-8e35d3c146,김밥천국,5812,2026-07-08 19:53:00,36.884425,127.337111,KR,DEV-2ab13e528c
3304,a1fc7a80-1c2a-4337-b3c7-982cc0c91e27,78000,MCH-ca5e0a9e0b,AWS,7372,2026-07-09 13:44:00,36.88462,127.345862,KR,DEV-2ab13e528c
3305,a1fc7a80-1c2a-4337-b3c7-982cc0c91e27,46800,MCH-493f24c455,쿠팡,5399,2026-07-10 11:28:00,36.864829,127.324335,KR,DEV-2ab13e528c
3306,a1fc7a80-1c2a-4337-b3c7-982cc0c91e27,36400,MCH-493f24c455,쿠팡,5399,2026-07-10 14:44:00,36.870692,127.348538,KR,DEV-2ab13e528c
3307,a1fc7a80-1c2a-4337-b3c7-982cc0c91e27,109200,MCH-ba944121a3,무신사,5651,2026-07-10 15:20:00,36.872443,127.334908,KR,DEV-2ab13e528c
3308,a1fc7a80-1c2a-4337-b3c7-982cc0c91e27,22100,MCH-8e35d3c146,김밥천국,5812,2026-07-12 08:18:00,36.891796,127.351955,KR,DEV-2ab13e528c
3309,a1fc7a80-1c2a-4337-b3c7-982cc0c91e27,273000,MCH-8fff18fdd2,노션,7372,2026-07-12 13:39:00,36.911773,127.362515,KR,DEV-2ab13e528c
3310,a1fc7a80-1c2a-4337-b3c7-982cc0c91e27,22360,MCH-5df4849ce1,지하철,4111,2026-07-12 19:23:00,36.888425,127.332569,KR,DEV-2ab13e528c
3311,a1fc7a80-1c2a-4337-b3c7-982cc0c91e27,6500,MCH-fb4fb59d3a,스타벅스,5814,2026-07-13 12:44:00,36.85848,127.346102,KR,DEV-2ab13e528c
3312,a1fc7a80-1c2a-4337-b3c7-982cc0c91e27,130000,MCH-ca5e0a9e0b,AWS,7372,2026-07-13 16:45:00,36.869334,127.341446,KR,DEV-2ab13e528c
3313,a1fc7a80-1c2a-4337-b3c7-982cc0c91e27,208000,MCH-8fff18fdd2,노션,7372,2026-07-15 17:49:00,36.872791,127.367964,KR,DEV-2ab13e528c
3314,a1fc7a80-1c2a-4337-b3c7-982cc0c91e27,20800,MCH-c563ceac18,맥도날드,5814,2026-07-15 18:00:00,36.891731,127.355732,KR,DEV-2ab13e528c
3315,a1fc7a80-1c2a-4337-b3c7-982cc0c91e27,54600,MCH-493f24c455,쿠팡,5399,2026-07-16 12:11:00,36.89263,127.33455,KR,DEV-2ab13e528c
3316,a1fc7a80-1c2a-4337-b3c7-982cc0c91e27,74100,MCH-ba944121a3,무신사,5651,2026-07-16 17:49:00,36.86348,127.366674,KR,DEV-2ab13e528c
3317,a1fc7a80-1c2a-4337-b3c7-982cc0c91e27,130000,MCH-ca5e0a9e0b,AWS,7372,2026-07-17 08:50:00,36.897801,127.35689,KR,DEV-2ab13e528c
3318,a1fc7a80-1c2a-4337-b3c7-982cc0c91e27,130000,MCH-ca5e0a9e0b,AWS,7372,2026-07-17 15:55:00,36.869649,127.373845,KR,DEV-2ab13e528c
3319,a1fc7a80-1c2a-4337-b3c7-982cc0c91e27,60000,MCH-cf62dbb6a8,게임아이템_스토어,7994,2026-07-17 22:03:00,36.865353,127.367233,KR,DEV-2ab13e528c
3320,a1fc7a80-1c2a-4337-b3c7-982cc0c91e27,60000,MCH-cf62dbb6a8,게임아이템_스토어,7994,2026-07-17 22:04:00,36.865353,127.367233,KR,DEV-2ab13e528c
3321,a1fc7a80-1c2a-4337-b3c7-982cc0c91e27,60000,MCH-cf62dbb6a8,게임아이템_스토어,7994,2026-07-17 22:05:00,36.865353,127.367233,KR,DEV-2ab13e528c
3322,a1fc7a80-1c2a-4337-b3c7-982cc0c91e27,286000,MCH-bed94775b8,패스트파이브,7011,2026-07-18 15:31:00,36.909057,127.368659,KR,DEV-2ab13e528c
3323,a1fc7a80-1c2a-4337-b3c7-982cc0c91e27,22100,MCH-8e35d3c146,김밥천국,5812,2026-07-18 20:24:00,36.875629,127.350646,KR,DEV-2ab13e528c
3324,a1fc7a80-1c2a-4337-b3c7-982cc0c91e27,21970,MCH-06553b267c,카카오택시,4121,2026-07-18 21:13:00,36.877138,127.368931,KR,DEV-2ab13e528c
3325,a1fc7a80-1c2a-4337-b3c7-982cc0c91e27,221000,MCH-ca5e0a9e0b,AWS,7372,2026-07-19 13:11:00,36.876651,127.346522,KR,DEV-2ab13e528c
3326,a1fc7a80-1c2a-4337-b3c7-982cc0c91e27,14040,MCH-06553b267c,카카오택시,4121,2026-07-19 21:29:00,36.888106,127.347135,KR,DEV-2ab13e528c
3327,a1fc7a80-1c2a-4337-b3c7-982cc0c91e27,710000,MCH-489f756ae2,Steam_Global,5816,2026-07-21 12:02:00,36.872707,127.358584,UK,DEV-2ab13e528c
3328,a1fc7a80-1c2a-4337-b3c7-982cc0c91e27,16900,MCH-ab42b36c0b,배달의민족,5812,2026-07-21 16:58:00,36.858252,127.340377,KR,DEV-2ab13e528c
3329,a1fc7a80-1c2a-4337-b3c7-982cc0c91e27,78000,MCH-53b4838ce6,어도비(Adobe),5734,2026-07-22 13:01:00,36.883541,127.370893,KR,DEV-2ab13e528c
3330,a1fc7a80-1c2a-4337-b3c7-982cc0c91e27,312000,MCH-bed94775b8,패스트파이브,7011,2026-07-22 18:29:00,36.910443,127.368103,KR,DEV-2ab13e528c
3331,a1fc7a80-1c2a-4337-b3c7-982cc0c91e27,7800,MCH-fb4fb59d3a,스타벅스,5814,2026-07-23 15:40:00,36.867512,127.369596,KR,DEV-2ab13e528c
3332,a1fc7a80-1c2a-4337-b3c7-982cc0c91e27,273000,MCH-8fff18fdd2,노션,7372,2026-07-24 08:42:00,36.875056,127.36194,KR,DEV-2ab13e528c
3333,a1fc7a80-1c2a-4337-b3c7-982cc0c91e27,19500,MCH-fb4fb59d3a,스타벅스,5814,2026-07-24 21:43:00,36.887359,127.376756,KR,DEV-2ab13e528c
3334,a1fc7a80-1c2a-4337-b3c7-982cc0c91e27,24830,MCH-5df4849ce1,지하철,4111,2026-07-26 16:26:00,36.862488,127.347566,KR,DEV-2ab13e528c
3335,a1fc7a80-1c2a-4337-b3c7-982cc0c91e27,9100,MCH-8e35d3c146,김밥천국,5812,2026-07-28 09:58:00,36.883152,127.368794,KR,DEV-2ab13e528c
3336,a1fc7a80-1c2a-4337-b3c7-982cc0c91e27,46800,MCH-493f24c455,쿠팡,5399,2026-07-28 20:00:00,36.897384,127.333635,KR,DEV-2ab13e528c
3337,a1fc7a80-1c2a-4337-b3c7-982cc0c91e27,6240,MCH-5df4849ce1,지하철,4111,2026-07-29 12:03:00,36.905365,127.374585,KR,DEV-2ab13e528c
3338,a1fc7a80-1c2a-4337-b3c7-982cc0c91e27,55900,MCH-ba944121a3,무신사,5651,2026-07-29 21:12:00,36.873467,127.338678,KR,DEV-2ab13e528c
3339,a1fc7a80-1c2a-4337-b3c7-982cc0c91e27,13650,MCH-5b1162a765,KTX,4112,2026-07-30 17:23:00,36.873891,127.361305,KR,DEV-2ab13e528c
3340,a1fc7a80-1c2a-4337-b3c7-982cc0c91e27,10530,MCH-5df4849ce1,지하철,4111,2026-07-31 11:29:00,36.887766,127.363768,KR,DEV-2ab13e528c
3341,a1fc7a80-1c2a-4337-b3c7-982cc0c91e27,143000,MCH-8fff18fdd2,노션,7372,2026-07-31 13:44:00,36.895905,127.342351,KR,DEV-2ab13e528c
3342,a1fc7a80-1c2a-4337-b3c7-982cc0c91e27,117000,MCH-bed94775b8,패스트파이브,7011,2026-07-31 16:36:00,36.895086,127.332814,KR,DEV-2ab13e528c
3343,a1fc7a80-1c2a-4337-b3c7-982cc0c91e27,72800,MCH-493f24c455,쿠팡,5399,2026-08-02 19:06:00,36.883206,127.341058,KR,DEV-2ab13e528c
3344,a1fc7a80-1c2a-4337-b3c7-982cc0c91e27,68900,MCH-ba944121a3,무신사,5651,2026-08-04 08:59:00,36.89705,127.356082,KR,DEV-2ab13e528c
3345,a1fc7a80-1c2a-4337-b3c7-982cc0c91e27,130000,MCH-8fff18fdd2,노션,7372,2026-08-04 15:34:00,36.89297,127.329016,KR,DEV-2ab13e528c
3346,a1fc7a80-1c2a-4337-b3c7-982cc0c91e27,85800,MCH-ba944121a3,무신사,5651,2026-08-04 15:53:00,36.859125,127.367341,KR,DEV-2ab13e528c
3347,a1fc7a80-1c2a-4337-b3c7-982cc0c91e27,39000,MCH-ab42b36c0b,배달의민족,5812,2026-08-06 08:05:00,36.910513,127.36424,KR,DEV-2ab13e528c
3348,a1fc7a80-1c2a-4337-b3c7-982cc0c91e27,118300,MCH-e7751d42a2,올리브영,5977,2026-08-06 19:33:00,36.879611,127.325142,KR,DEV-2ab13e528c
3349,a1fc7a80-1c2a-4337-b3c7-982cc0c91e27,14300,MCH-c563ceac18,맥도날드,5814,2026-08-07 22:11:00,36.882744,127.332536,KR,DEV-2ab13e528c
3350,a1fc7a80-1c2a-4337-b3c7-982cc0c91e27,19500,MCH-e7751d42a2,올리브영,5977,2026-08-09 15:10:00,36.897091,127.331931,KR,DEV-2ab13e528c
3351,a1fc7a80-1c2a-4337-b3c7-982cc0c91e27,107900,MCH-ba944121a3,무신사,5651,2026-08-10 09:22:00,36.902262,127.363079,KR,DEV-2ab13e528c
3352,a1fc7a80-1c2a-4337-b3c7-982cc0c91e27,96200,MCH-ba944121a3,무신사,5651,2026-08-10 19:15:00,36.879249,127.335085,KR,DEV-2ab13e528c
3353,a1fc7a80-1c2a-4337-b3c7-982cc0c91e27,221000,MCH-ca5e0a9e0b,AWS,7372,2026-08-10 20:20:00,36.863129,127.330545,KR,DEV-2ab13e528c
3354,a1fc7a80-1c2a-4337-b3c7-982cc0c91e27,91000,MCH-bed94775b8,패스트파이브,7011,2026-08-12 18:14:00,36.877902,127.341969,KR,DEV-2ab13e528c
3355,a1fc7a80-1c2a-4337-b3c7-982cc0c91e27,15990,MCH-5df4849ce1,지하철,4111,2026-08-13 10:18:00,36.87427,127.328618,KR,DEV-2ab13e528c
3356,a1fc7a80-1c2a-4337-b3c7-982cc0c91e27,377000,MCH-bed94775b8,패스트파이브,7011,2026-08-14 08:19:00,36.858575,127.35894,KR,DEV-2ab13e528c
3357,a1fc7a80-1c2a-4337-b3c7-982cc0c91e27,29900,MCH-c563ceac18,맥도날드,5814,2026-08-14 16:24:00,36.879812,127.367216,KR,DEV-2ab13e528c
3358,a1fc7a80-1c2a-4337-b3c7-982cc0c91e27,96200,MCH-fb4fb59d3a,스타벅스,5814,2026-08-14 20:05:00,35.934975,128.331677,KR,DEV-2ab13e528c
3359,a1fc7a80-1c2a-4337-b3c7-982cc0c91e27,234000,MCH-bed94775b8,패스트파이브,7011,2026-08-16 08:29:00,36.871886,127.351431,KR,DEV-2ab13e528c
3360,a1fc7a80-1c2a-4337-b3c7-982cc0c91e27,65000,MCH-ca5e0a9e0b,AWS,7372,2026-08-16 13:59:00,36.88669,127.344327,KR,DEV-2ab13e528c
3361,a1fc7a80-1c2a-4337-b3c7-982cc0c91e27,104000,MCH-8fff18fdd2,노션,7372,2026-08-16 20:11:00,36.900165,127.362087,KR,DEV-2ab13e528c
3362,a1fc7a80-1c2a-4337-b3c7-982cc0c91e27,15600,MCH-8e35d3c146,김밥천국,5812,2026-08-18 10:05:00,36.890153,127.342909,KR,DEV-2ab13e528c
3363,a1fc7a80-1c2a-4337-b3c7-982cc0c91e27,24310,MCH-0d60345572,버스,4111,2026-08-18 12:49:00,36.906012,127.360701,KR,DEV-2ab13e528c
3364,a1fc7a80-1c2a-4337-b3c7-982cc0c91e27,16770,MCH-06553b267c,카카오택시,4121,2026-08-18 13:19:00,36.887287,127.33326,KR,DEV-2ab13e528c
3365,a1fc7a80-1c2a-4337-b3c7-982cc0c91e27,24830,MCH-5b1162a765,KTX,4112,2026-08-19 17:15:00,36.892161,127.346902,KR,DEV-2ab13e528c
3366,a1fc7a80-1c2a-4337-b3c7-982cc0c91e27,390000,MCH-53b4838ce6,어도비(Adobe),5734,2026-08-20 11:36:00,36.898094,127.327885,KR,DEV-2ab13e528c
3367,a1fc7a80-1c2a-4337-b3c7-982cc0c91e27,221000,MCH-53b4838ce6,어도비(Adobe),5734,2026-08-20 16:46:00,36.875602,127.325669,KR,DEV-2ab13e528c
3368,a1fc7a80-1c2a-4337-b3c7-982cc0c91e27,49400,MCH-493f24c455,쿠팡,5399,2026-08-20 19:16:00,36.908081,127.3641,KR,DEV-2ab13e528c
3369,a1fc7a80-1c2a-4337-b3c7-982cc0c91e27,169000,MCH-ca5e0a9e0b,AWS,7372,2026-08-21 16:42:00,36.908515,127.338452,KR,DEV-2ab13e528c
3370,a1fc7a80-1c2a-4337-b3c7-982cc0c91e27,208000,MCH-53b4838ce6,어도비(Adobe),5734,2026-08-21 17:30:00,36.887093,127.366503,KR,DEV-2ab13e528c
3371,a1fc7a80-1c2a-4337-b3c7-982cc0c91e27,156000,MCH-53b4838ce6,어도비(Adobe),5734,2026-08-22 11:01:00,36.882946,127.366316,KR,DEV-2ab13e528c
3372,a1fc7a80-1c2a-4337-b3c7-982cc0c91e27,299000,MCH-bed94775b8,패스트파이브,7011,2026-08-22 14:40:00,36.869898,127.356647,KR,DEV-2ab13e528c
3373,a1fc7a80-1c2a-4337-b3c7-982cc0c91e27,88400,MCH-493f24c455,쿠팡,5399,2026-08-22 18:08:00,36.894609,127.338338,KR,DEV-2ab13e528c
3374,a3068e44-6828-41c1-903a-0b6c552f67f0,112000,MCH-ca5e0a9e0b,AWS,7372,2026-05-25 11:16:00,36.63497,126.902338,KR,DEV-70e084e246
3375,a3068e44-6828-41c1-903a-0b6c552f67f0,11900,MCH-8e35d3c146,김밥천국,5812,2026-05-25 15:22:00,36.660807,126.953672,KR,DEV-70e084e246
3376,a3068e44-6828-41c1-903a-0b6c552f67f0,4900,MCH-8e35d3c146,김밥천국,5812,2026-05-25 15:55:00,36.656157,126.911737,KR,DEV-70e084e246
3377,a3068e44-6828-41c1-903a-0b6c552f67f0,18200,MCH-8e35d3c146,김밥천국,5812,2026-05-27 10:06:00,36.658767,126.909636,KR,DEV-70e084e246
3378,a3068e44-6828-41c1-903a-0b6c552f67f0,13230,MCH-06553b267c,카카오택시,4121,2026-05-27 13:34:00,36.659615,126.926873,KR,DEV-70e084e246
3379,a3068e44-6828-41c1-903a-0b6c552f67f0,8400,MCH-c563ceac18,맥도날드,5814,2026-05-27 17:41:00,36.655767,126.930303,KR,DEV-70e084e246
3380,a3068e44-6828-41c1-903a-0b6c552f67f0,3500,MCH-c563ceac18,맥도날드,5814,2026-05-28 10:50:00,36.643837,126.947793,KR,DEV-70e084e246
3381,a3068e44-6828-41c1-903a-0b6c552f67f0,7909,MCH-5b1162a765,KTX,4112,2026-05-28 14:37:00,36.628681,126.94952,KR,DEV-70e084e246
3382,a3068e44-6828-41c1-903a-0b6c552f67f0,21000,MCH-ab42b36c0b,배달의민족,5812,2026-05-28 19:45:00,36.652619,126.914606,KR,DEV-70e084e246
3383,a3068e44-6828-41c1-903a-0b6c552f67f0,1120,MCH-5df4849ce1,지하철,4111,2026-05-29 20:34:00,36.645619,126.951814,KR,DEV-70e084e246
3384,a3068e44-6828-41c1-903a-0b6c552f67f0,3290,MCH-5b1162a765,KTX,4112,2026-05-29 22:46:00,36.627921,126.950294,KR,DEV-70e084e246
3385,a3068e44-6828-41c1-903a-0b6c552f67f0,11830,MCH-06553b267c,카카오택시,4121,2026-05-30 08:00:00,36.643612,126.928061,KR,DEV-70e084e246
3386,a3068e44-6828-41c1-903a-0b6c552f67f0,62999,MCH-8fff18fdd2,노션,7372,2026-05-30 13:08:00,36.668985,126.907088,KR,DEV-70e084e246
3387,a3068e44-6828-41c1-903a-0b6c552f67f0,52500,MCH-ba944121a3,무신사,5651,2026-05-30 15:29:00,36.629722,126.947578,KR,DEV-70e084e246
3388,a3068e44-6828-41c1-903a-0b6c552f67f0,203000,MCH-53b4838ce6,어도비(Adobe),5734,2026-06-02 17:53:00,36.662041,126.936615,KR,DEV-70e084e246
3389,a3068e44-6828-41c1-903a-0b6c552f67f0,11200,MCH-fb4fb59d3a,스타벅스,5814,2026-06-02 19:42:00,36.633584,126.91651,KR,DEV-70e084e246
3390,a3068e44-6828-41c1-903a-0b6c552f67f0,3500,MCH-ab42b36c0b,배달의민족,5812,2026-06-03 08:39:00,36.638039,126.94702,KR,DEV-70e084e246
3391,a3068e44-6828-41c1-903a-0b6c552f67f0,1750,MCH-0d60345572,버스,4111,2026-06-03 17:39:00,36.65935,126.922584,KR,DEV-70e084e246
3392,a3068e44-6828-41c1-903a-0b6c552f67f0,7559,MCH-5b1162a765,KTX,4112,2026-06-03 19:39:00,36.654268,126.93231,KR,DEV-70e084e246
3393,a3068e44-6828-41c1-903a-0b6c552f67f0,18200,MCH-8e35d3c146,김밥천국,5812,2026-06-04 19:23:00,36.662174,126.916039,KR,DEV-70e084e246
3394,a3068e44-6828-41c1-903a-0b6c552f67f0,12600,MCH-c563ceac18,맥도날드,5814,2026-06-05 08:48:00,36.642419,126.920379,KR,DEV-70e084e246
3395,a3068e44-6828-41c1-903a-0b6c552f67f0,33600,MCH-493f24c455,쿠팡,5399,2026-06-05 11:39:00,36.669367,126.910674,KR,DEV-70e084e246
3396,a3068e44-6828-41c1-903a-0b6c552f67f0,4200,MCH-ab42b36c0b,배달의민족,5812,2026-06-05 19:44:00,36.644267,126.935444,KR,DEV-70e084e246
3397,a3068e44-6828-41c1-903a-0b6c552f67f0,13020,MCH-5df4849ce1,지하철,4111,2026-06-07 12:54:00,36.619288,126.902587,KR,DEV-70e084e246
3398,a3068e44-6828-41c1-903a-0b6c552f67f0,9800,MCH-ab42b36c0b,배달의민족,5812,2026-06-08 16:32:00,36.664304,126.950469,KR,DEV-70e084e246
3399,a3068e44-6828-41c1-903a-0b6c552f67f0,6090,MCH-06553b267c,카카오택시,4121,2026-06-08 17:25:00,36.636987,126.949168,KR,DEV-70e084e246
3400,a3068e44-6828-41c1-903a-0b6c552f67f0,18900,MCH-8e35d3c146,김밥천국,5812,2026-06-10 10:52:00,36.626047,126.948204,KR,DEV-70e084e246
3401,a3068e44-6828-41c1-903a-0b6c552f67f0,8049,MCH-0d60345572,버스,4111,2026-06-10 16:21:00,36.640507,126.908726,KR,DEV-70e084e246
3402,a3068e44-6828-41c1-903a-0b6c552f67f0,6090,MCH-5b1162a765,KTX,4112,2026-06-10 18:53:00,36.666073,126.928137,KR,DEV-70e084e246
3403,a3068e44-6828-41c1-903a-0b6c552f67f0,18900,MCH-fb4fb59d3a,스타벅스,5814,2026-06-11 22:47:00,36.644549,126.907768,KR,DEV-70e084e246
3404,a3068e44-6828-41c1-903a-0b6c552f67f0,950000,MCH-fa2d4c28ac,AliExpress_CN,5399,2026-06-12 23:24:00,36.638769,126.903503,US,DEV-70e084e246
3405,a3068e44-6828-41c1-903a-0b6c552f67f0,19600,MCH-c563ceac18,맥도날드,5814,2026-06-14 08:56:00,36.662162,126.927604,KR,DEV-70e084e246
3406,a3068e44-6828-41c1-903a-0b6c552f67f0,17500,MCH-8e35d3c146,김밥천국,5812,2026-06-14 22:13:00,36.656843,126.954244,KR,DEV-70e084e246
3407,a3068e44-6828-41c1-903a-0b6c552f67f0,57399,MCH-493f24c455,쿠팡,5399,2026-06-15 21:38:00,36.62246,126.903967,KR,DEV-70e084e246
3408,a3068e44-6828-41c1-903a-0b6c552f67f0,65800,MCH-493f24c455,쿠팡,5399,2026-06-18 19:14:00,36.647019,126.951811,KR,DEV-70e084e246
3409,a3068e44-6828-41c1-903a-0b6c552f67f0,7000,MCH-5df4849ce1,지하철,4111,2026-06-18 19:17:00,36.646367,126.903245,KR,DEV-70e084e246
3410,a3068e44-6828-41c1-903a-0b6c552f67f0,11900,MCH-8e35d3c146,김밥천국,5812,2026-06-19 10:34:00,36.651862,126.923369,KR,DEV-70e084e246
3411,a3068e44-6828-41c1-903a-0b6c552f67f0,18200,MCH-c563ceac18,맥도날드,5814,2026-06-19 18:27:00,36.618964,126.943462,KR,DEV-70e084e246
3412,a3068e44-6828-41c1-903a-0b6c552f67f0,42000,MCH-53b4838ce6,어도비(Adobe),5734,2026-06-20 13:43:00,36.66689,126.912727,KR,DEV-70e084e246
3413,a3068e44-6828-41c1-903a-0b6c552f67f0,51100,MCH-e7751d42a2,올리브영,5977,2026-06-20 21:00:00,36.664395,126.931743,KR,DEV-70e084e246
3414,a3068e44-6828-41c1-903a-0b6c552f67f0,4620,MCH-5b1162a765,KTX,4112,2026-06-21 17:28:00,36.657718,126.901272,KR,DEV-70e084e246
3415,a3068e44-6828-41c1-903a-0b6c552f67f0,6300,MCH-ab42b36c0b,배달의민족,5812,2026-06-22 18:27:00,36.622744,126.932416,KR,DEV-70e084e246
3416,a3068e44-6828-41c1-903a-0b6c552f67f0,203000,MCH-53b4838ce6,어도비(Adobe),5734,2026-06-22 19:06:00,36.643269,126.922884,KR,DEV-70e084e246
3417,a3068e44-6828-41c1-903a-0b6c552f67f0,3500,MCH-ab42b36c0b,배달의민족,5812,2026-06-23 09:46:00,36.669421,126.922937,KR,DEV-70e084e246
3418,a3068e44-6828-41c1-903a-0b6c552f67f0,7000,MCH-8e35d3c146,김밥천국,5812,2026-06-23 17:10:00,36.665146,126.943107,KR,DEV-70e084e246
3419,a3068e44-6828-41c1-903a-0b6c552f67f0,3290,MCH-5b1162a765,KTX,4112,2026-06-23 18:33:00,36.654929,126.906133,KR,DEV-70e084e246
3420,a3068e44-6828-41c1-903a-0b6c552f67f0,13300,MCH-fb4fb59d3a,스타벅스,5814,2026-06-24 12:37:00,36.638988,126.944983,KR,DEV-70e084e246
3421,a3068e44-6828-41c1-903a-0b6c552f67f0,10500,MCH-ab42b36c0b,배달의민족,5812,2026-06-24 17:30:00,36.661326,126.931393,KR,DEV-70e084e246
3422,a3068e44-6828-41c1-903a-0b6c552f67f0,13300,MCH-c563ceac18,맥도날드,5814,2026-06-24 18:25:00,36.64545,126.938178,KR,DEV-70e084e246
3423,a3068e44-6828-41c1-903a-0b6c552f67f0,10850,MCH-06553b267c,카카오택시,4121,2026-06-25 21:12:00,36.670304,126.946006,KR,DEV-70e084e246
3424,a3068e44-6828-41c1-903a-0b6c552f67f0,11270,MCH-5df4849ce1,지하철,4111,2026-06-26 09:52:00,36.668828,126.921768,KR,DEV-70e084e246
3425,a3068e44-6828-41c1-903a-0b6c552f67f0,56000,MCH-8fff18fdd2,노션,7372,2026-06-26 20:28:00,36.646395,126.91796,KR,DEV-70e084e246
3426,a3068e44-6828-41c1-903a-0b6c552f67f0,203000,MCH-8fff18fdd2,노션,7372,2026-06-27 08:00:00,36.646037,126.902949,KR,DEV-70e084e246
3427,a3068e44-6828-41c1-903a-0b6c552f67f0,12600,MCH-06553b267c,카카오택시,4121,2026-06-27 09:53:00,36.636596,126.905837,KR,DEV-70e084e246
3428,a3068e44-6828-41c1-903a-0b6c552f67f0,11060,MCH-5b1162a765,KTX,4112,2026-06-28 21:56:00,36.649755,126.935339,KR,DEV-70e084e246
3429,a3068e44-6828-41c1-903a-0b6c552f67f0,17500,MCH-8e35d3c146,김밥천국,5812,2026-06-29 08:31:00,36.625731,126.93507,KR,DEV-70e084e246
3430,a3068e44-6828-41c1-903a-0b6c552f67f0,11900,MCH-a5c765e6ce,프리스비,5732,2026-06-29 09:06:00,36.65149,126.935553,KR,DEV-70e084e246
3431,a3068e44-6828-41c1-903a-0b6c552f67f0,3709,MCH-0d60345572,버스,4111,2026-06-29 10:10:00,36.648525,126.9532,KR,DEV-70e084e246
3432,a3068e44-6828-41c1-903a-0b6c552f67f0,4059,MCH-5b1162a765,KTX,4112,2026-06-30 22:02:00,36.629023,126.907256,KR,DEV-70e084e246
3433,a3068e44-6828-41c1-903a-0b6c552f67f0,11900,MCH-c563ceac18,맥도날드,5814,2026-07-01 18:45:00,36.618698,126.908177,KR,DEV-70e084e246
3434,a3068e44-6828-41c1-903a-0b6c552f67f0,21000,MCH-fb4fb59d3a,스타벅스,5814,2026-07-01 18:48:00,36.671364,126.938511,KR,DEV-70e084e246
3435,a3068e44-6828-41c1-903a-0b6c552f67f0,9450,MCH-5df4849ce1,지하철,4111,2026-07-01 20:47:00,36.631657,126.94433,KR,DEV-70e084e246
3436,a3068e44-6828-41c1-903a-0b6c552f67f0,5600,MCH-5b1162a765,KTX,4112,2026-07-02 08:46:00,36.669575,126.920684,KR,DEV-70e084e246
3437,a3068e44-6828-41c1-903a-0b6c552f67f0,5530,MCH-0d60345572,버스,4111,2026-07-02 13:14:00,36.66645,126.943468,KR,DEV-70e084e246
3438,a3068e44-6828-41c1-903a-0b6c552f67f0,42000,MCH-ba944121a3,무신사,5651,2026-07-02 22:55:00,36.656792,126.915992,KR,DEV-70e084e246
3439,a3068e44-6828-41c1-903a-0b6c552f67f0,9800,MCH-8e35d3c146,김밥천국,5812,2026-07-03 16:20:00,36.663826,126.9458,KR,DEV-70e084e246
3440,a3068e44-6828-41c1-903a-0b6c552f67f0,175000,MCH-8fff18fdd2,노션,7372,2026-07-03 16:27:00,36.660143,126.931175,KR,DEV-70e084e246
3441,a3068e44-6828-41c1-903a-0b6c552f67f0,11200,MCH-fb4fb59d3a,스타벅스,5814,2026-07-05 08:48:00,36.640904,126.933094,KR,DEV-70e084e246
3442,a3068e44-6828-41c1-903a-0b6c552f67f0,5390,MCH-0d60345572,버스,4111,2026-07-05 10:49:00,36.64598,126.901067,KR,DEV-70e084e246
3443,a3068e44-6828-41c1-903a-0b6c552f67f0,6370,MCH-0d60345572,버스,4111,2026-07-05 11:55:00,36.639709,126.944289,KR,DEV-70e084e246
3444,a3068e44-6828-41c1-903a-0b6c552f67f0,15399,MCH-c563ceac18,맥도날드,5814,2026-07-06 12:25:00,36.620847,126.954578,KR,DEV-70e084e246
3445,a3068e44-6828-41c1-903a-0b6c552f67f0,4130,MCH-0d60345572,버스,4111,2026-07-06 22:48:00,36.657239,126.901263,KR,DEV-70e084e246
3446,a3068e44-6828-41c1-903a-0b6c552f67f0,62999,MCH-bed94775b8,패스트파이브,7011,2026-07-07 21:37:00,36.6553,126.924973,KR,DEV-70e084e246
3447,a3068e44-6828-41c1-903a-0b6c552f67f0,100000,MCH-cf62dbb6a8,게임아이템_스토어,7994,2026-07-08 08:42:00,36.627627,126.931216,KR,DEV-70e084e246
3448,a3068e44-6828-41c1-903a-0b6c552f67f0,100000,MCH-cf62dbb6a8,게임아이템_스토어,7994,2026-07-08 08:43:00,36.627627,126.931216,KR,DEV-70e084e246
3449,a3068e44-6828-41c1-903a-0b6c552f67f0,100000,MCH-cf62dbb6a8,게임아이템_스토어,7994,2026-07-08 08:44:00,36.627627,126.931216,KR,DEV-70e084e246
3450,a3068e44-6828-41c1-903a-0b6c552f67f0,2170,MCH-06553b267c,카카오택시,4121,2026-07-08 14:08:00,36.670032,126.901079,KR,DEV-70e084e246
3451,a3068e44-6828-41c1-903a-0b6c552f67f0,18900,MCH-c563ceac18,맥도날드,5814,2026-07-08 19:40:00,36.671292,126.906763,KR,DEV-70e084e246
3452,a3068e44-6828-41c1-903a-0b6c552f67f0,4410,MCH-0d60345572,버스,4111,2026-07-09 09:51:00,36.630197,126.912917,KR,DEV-70e084e246
3453,a3068e44-6828-41c1-903a-0b6c552f67f0,203000,MCH-8fff18fdd2,노션,7372,2026-07-09 18:43:00,36.629896,126.904319,KR,DEV-70e084e246
3454,a3068e44-6828-41c1-903a-0b6c552f67f0,112000,MCH-bed94775b8,패스트파이브,7011,2026-07-11 10:56:00,36.648768,126.915672,KR,DEV-70e084e246
3455,a3068e44-6828-41c1-903a-0b6c552f67f0,7279,MCH-0d60345572,버스,4111,2026-07-12 12:21:00,36.644433,126.929389,KR,DEV-70e084e246
3456,a3068e44-6828-41c1-903a-0b6c552f67f0,56000,MCH-8fff18fdd2,노션,7372,2026-07-12 19:03:00,36.641094,126.937341,KR,DEV-70e084e246
3457,a3068e44-6828-41c1-903a-0b6c552f67f0,11480,MCH-06553b267c,카카오택시,4121,2026-07-13 11:20:00,36.640945,126.903035,KR,DEV-70e084e246
3458,a3068e44-6828-41c1-903a-0b6c552f67f0,10500,MCH-ab42b36c0b,배달의민족,5812,2026-07-13 20:43:00,36.643391,126.94957,KR,DEV-70e084e246
3459,a3068e44-6828-41c1-903a-0b6c552f67f0,48300,MCH-a5c765e6ce,프리스비,5732,2026-07-14 12:56:00,36.669698,126.939693,KR,DEV-70e084e246
3460,a3068e44-6828-41c1-903a-0b6c552f67f0,70000,MCH-493f24c455,쿠팡,5399,2026-07-14 13:53:00,36.63115,126.90598,KR,DEV-70e084e246
3461,a3068e44-6828-41c1-903a-0b6c552f67f0,8470,MCH-06553b267c,카카오택시,4121,2026-07-14 15:12:00,36.667562,126.923408,KR,DEV-70e084e246
3462,a3068e44-6828-41c1-903a-0b6c552f67f0,8400,MCH-8e35d3c146,김밥천국,5812,2026-07-15 08:50:00,36.668055,126.923733,KR,DEV-70e084e246
3463,a3068e44-6828-41c1-903a-0b6c552f67f0,910000,MCH-bed94775b8,패스트파이브,7011,2026-07-15 10:00:00,36.631548,126.907227,KR,DEV-70e084e246
3464,a3068e44-6828-41c1-903a-0b6c552f67f0,196000,MCH-bed94775b8,패스트파이브,7011,2026-07-15 15:03:00,36.667516,126.933129,KR,DEV-70e084e246
3465,a3068e44-6828-41c1-903a-0b6c552f67f0,30799,MCH-ba944121a3,무신사,5651,2026-07-17 18:51:00,36.624386,126.937424,KR,DEV-70e084e246
3466,a3068e44-6828-41c1-903a-0b6c552f67f0,37800,MCH-493f24c455,쿠팡,5399,2026-07-18 16:22:00,36.629266,126.943071,KR,DEV-70e084e246
3467,a3068e44-6828-41c1-903a-0b6c552f67f0,1819,MCH-0d60345572,버스,4111,2026-07-20 21:43:00,36.637589,126.944923,KR,DEV-70e084e246
3468,a3068e44-6828-41c1-903a-0b6c552f67f0,20300,MCH-ab42b36c0b,배달의민족,5812,2026-07-21 13:28:00,36.630467,126.914134,KR,DEV-70e084e246
3469,a3068e44-6828-41c1-903a-0b6c552f67f0,19600,MCH-fb4fb59d3a,스타벅스,5814,2026-07-22 12:40:00,36.621082,126.939649,KR,DEV-70e084e246
3470,a3068e44-6828-41c1-903a-0b6c552f67f0,1680,MCH-06553b267c,카카오택시,4121,2026-07-24 18:41:00,36.631072,126.948546,KR,DEV-70e084e246
3471,a3068e44-6828-41c1-903a-0b6c552f67f0,18200,MCH-c563ceac18,맥도날드,5814,2026-07-25 17:07:00,36.654287,126.906615,KR,DEV-70e084e246
3472,a3068e44-6828-41c1-903a-0b6c552f67f0,1959,MCH-06553b267c,카카오택시,4121,2026-07-25 19:32:00,36.626369,126.906849,KR,DEV-70e084e246
3473,a3068e44-6828-41c1-903a-0b6c552f67f0,2170,MCH-0d60345572,버스,4111,2026-07-25 22:28:00,36.668228,126.93352,KR,DEV-70e084e246
3474,a3068e44-6828-41c1-903a-0b6c552f67f0,6790,MCH-06553b267c,카카오택시,4121,2026-07-26 15:13:00,36.649719,126.914127,KR,DEV-70e084e246
3475,a3068e44-6828-41c1-903a-0b6c552f67f0,14000,MCH-8e35d3c146,김밥천국,5812,2026-07-27 08:28:00,36.623784,126.902274,KR,DEV-70e084e246
3476,a3068e44-6828-41c1-903a-0b6c552f67f0,10500,MCH-a5c765e6ce,프리스비,5732,2026-07-27 10:49:00,36.632447,126.903583,KR,DEV-70e084e246
3477,a3068e44-6828-41c1-903a-0b6c552f67f0,7699,MCH-06553b267c,카카오택시,4121,2026-07-27 21:12:00,36.636344,126.932974,KR,DEV-70e084e246
3478,a3068e44-6828-41c1-903a-0b6c552f67f0,17500,MCH-ab42b36c0b,배달의민족,5812,2026-07-28 13:56:00,36.647624,126.902669,KR,DEV-70e084e246
3479,a3068e44-6828-41c1-903a-0b6c552f67f0,9100,MCH-fb4fb59d3a,스타벅스,5814,2026-07-29 08:38:00,36.642091,126.922258,KR,DEV-70e084e246
3480,a3068e44-6828-41c1-903a-0b6c552f67f0,41300,MCH-ba944121a3,무신사,5651,2026-07-29 12:40:00,36.660258,126.915584,KR,DEV-70e084e246
3481,a3068e44-6828-41c1-903a-0b6c552f67f0,15399,MCH-c563ceac18,맥도날드,5814,2026-07-30 18:08:00,36.640544,126.928117,KR,DEV-70e084e246
3482,a3068e44-6828-41c1-903a-0b6c552f67f0,4130,MCH-5df4849ce1,지하철,4111,2026-08-01 08:49:00,36.646568,126.930382,KR,DEV-70e084e246
3483,a3068e44-6828-41c1-903a-0b6c552f67f0,7000,MCH-ab42b36c0b,배달의민족,5812,2026-08-01 10:00:00,36.630847,126.921106,KR,DEV-70e084e246
3484,a3068e44-6828-41c1-903a-0b6c552f67f0,14000,MCH-06553b267c,카카오택시,4121,2026-08-02 20:40:00,36.621778,126.941483,KR,DEV-70e084e246
3485,a3068e44-6828-41c1-903a-0b6c552f67f0,12600,MCH-0d60345572,버스,4111,2026-08-03 15:27:00,36.657534,126.933265,KR,DEV-70e084e246
3486,a3068e44-6828-41c1-903a-0b6c552f67f0,18900,MCH-ab42b36c0b,배달의민족,5812,2026-08-03 19:06:00,36.620123,126.902071,KR,DEV-70e084e246
3487,a3068e44-6828-41c1-903a-0b6c552f67f0,68600,MCH-493f24c455,쿠팡,5399,2026-08-03 19:30:00,36.630468,126.931379,KR,DEV-70e084e246
3488,a3068e44-6828-41c1-903a-0b6c552f67f0,13300,MCH-c563ceac18,맥도날드,5814,2026-08-04 08:33:00,36.646445,126.933612,KR,DEV-70e084e246
3489,a3068e44-6828-41c1-903a-0b6c552f67f0,21000,MCH-ab42b36c0b,배달의민족,5812,2026-08-04 08:50:00,36.642316,126.924263,KR,DEV-70e084e246
3490,a3068e44-6828-41c1-903a-0b6c552f67f0,12180,MCH-06553b267c,카카오택시,4121,2026-08-04 12:51:00,36.658965,126.948504,KR,DEV-70e084e246
3491,a3068e44-6828-41c1-903a-0b6c552f67f0,11200,MCH-8e35d3c146,김밥천국,5812,2026-08-05 13:24:00,36.637269,126.93355,KR,DEV-70e084e246
3492,a3068e44-6828-41c1-903a-0b6c552f67f0,8890,MCH-5df4849ce1,지하철,4111,2026-08-05 15:46:00,36.650062,126.925335,KR,DEV-70e084e246
3493,a3068e44-6828-41c1-903a-0b6c552f67f0,196000,MCH-bed94775b8,패스트파이브,7011,2026-08-07 12:52:00,36.622948,126.930251,KR,DEV-70e084e246
3494,a3068e44-6828-41c1-903a-0b6c552f67f0,7699,MCH-06553b267c,카카오택시,4121,2026-08-07 13:31:00,36.638258,126.942785,KR,DEV-70e084e246
3495,a3068e44-6828-41c1-903a-0b6c552f67f0,3430,MCH-06553b267c,카카오택시,4121,2026-08-07 19:25:00,36.663381,126.913821,KR,DEV-70e084e246
3496,a3068e44-6828-41c1-903a-0b6c552f67f0,70000,MCH-e7751d42a2,올리브영,5977,2026-08-08 14:04:00,36.629379,126.93624,KR,DEV-70e084e246
3497,a3068e44-6828-41c1-903a-0b6c552f67f0,66500,MCH-a5c765e6ce,프리스비,5732,2026-08-09 18:06:00,36.642334,126.942935,KR,DEV-70e084e246
3498,a3068e44-6828-41c1-903a-0b6c552f67f0,36400,MCH-493f24c455,쿠팡,5399,2026-08-09 18:07:00,36.627136,126.923753,KR,DEV-70e084e246
3499,a3068e44-6828-41c1-903a-0b6c552f67f0,4760,MCH-5b1162a765,KTX,4112,2026-08-09 22:59:00,36.633601,126.913077,KR,DEV-70e084e246
3500,a3068e44-6828-41c1-903a-0b6c552f67f0,1050,MCH-5df4849ce1,지하철,4111,2026-08-10 08:17:00,36.618808,126.92122,KR,DEV-70e084e246
3501,a3068e44-6828-41c1-903a-0b6c552f67f0,1085000,MCH-5b1162a765,KTX,4112,2026-08-10 16:57:00,36.631154,126.917749,KR,DEV-70e084e246
3502,a3068e44-6828-41c1-903a-0b6c552f67f0,5110,MCH-5b1162a765,KTX,4112,2026-08-10 19:53:00,36.64392,126.933434,KR,DEV-70e084e246
3503,a3068e44-6828-41c1-903a-0b6c552f67f0,69300,MCH-493f24c455,쿠팡,5399,2026-08-11 18:10:00,36.627418,126.952284,KR,DEV-70e084e246
3504,a3068e44-6828-41c1-903a-0b6c552f67f0,4200,MCH-fb4fb59d3a,스타벅스,5814,2026-08-11 22:16:00,36.620743,126.918649,KR,DEV-70e084e246
3505,a3068e44-6828-41c1-903a-0b6c552f67f0,9100,MCH-c563ceac18,맥도날드,5814,2026-08-12 15:07:00,36.622057,126.925234,KR,DEV-70e084e246
3506,a3068e44-6828-41c1-903a-0b6c552f67f0,6300,MCH-c563ceac18,맥도날드,5814,2026-08-15 09:31:00,36.650832,126.934565,KR,DEV-70e084e246
3507,a3068e44-6828-41c1-903a-0b6c552f67f0,61599,MCH-e7751d42a2,올리브영,5977,2026-08-15 15:57:00,36.663464,126.926791,KR,DEV-70e084e246
3508,a3068e44-6828-41c1-903a-0b6c552f67f0,42000,MCH-ba944121a3,무신사,5651,2026-08-15 16:47:00,36.632717,126.946964,KR,DEV-70e084e246
3509,a3068e44-6828-41c1-903a-0b6c552f67f0,11690,MCH-5b1162a765,KTX,4112,2026-08-18 12:38:00,36.627249,126.94767,KR,DEV-70e084e246
3510,a3068e44-6828-41c1-903a-0b6c552f67f0,125999,MCH-8fff18fdd2,노션,7372,2026-08-18 21:15:00,36.660913,126.946991,KR,DEV-70e084e246
3511,a3068e44-6828-41c1-903a-0b6c552f67f0,11200,MCH-8e35d3c146,김밥천국,5812,2026-08-18 21:22:00,36.639677,126.945636,KR,DEV-70e084e246
3512,a3068e44-6828-41c1-903a-0b6c552f67f0,18900,MCH-c563ceac18,맥도날드,5814,2026-08-19 08:07:00,36.652669,126.948769,KR,DEV-70e084e246
3513,a3068e44-6828-41c1-903a-0b6c552f67f0,11200,MCH-8e35d3c146,김밥천국,5812,2026-08-19 11:50:00,36.652384,126.901521,KR,DEV-70e084e246
3514,a3068e44-6828-41c1-903a-0b6c552f67f0,57399,MCH-a5c765e6ce,프리스비,5732,2026-08-19 21:44:00,36.645039,126.905613,KR,DEV-70e084e246
3515,a3068e44-6828-41c1-903a-0b6c552f67f0,21000,MCH-fb4fb59d3a,스타벅스,5814,2026-08-20 21:15:00,36.629616,126.953991,KR,DEV-70e084e246
3516,a3068e44-6828-41c1-903a-0b6c552f67f0,10010,MCH-0d60345572,버스,4111,2026-08-21 11:21:00,36.636938,126.916812,KR,DEV-70e084e246
3517,a3068e44-6828-41c1-903a-0b6c552f67f0,8400,MCH-fb4fb59d3a,스타벅스,5814,2026-08-21 15:43:00,36.619607,126.946652,KR,DEV-70e084e246
3518,a3068e44-6828-41c1-903a-0b6c552f67f0,53200,MCH-a5c765e6ce,프리스비,5732,2026-08-22 21:17:00,36.667198,126.93045,KR,DEV-70e084e246
3519,c5dd4004-498c-4409-9472-7a0e457ff8f1,13300,MCH-c563ceac18,맥도날드,5814,2026-05-25 08:46:00,36.740971,126.553888,KR,DEV-9c2620aeef
3520,c5dd4004-498c-4409-9472-7a0e457ff8f1,17500,MCH-fb4fb59d3a,스타벅스,5814,2026-05-25 12:53:00,36.713662,126.562559,KR,DEV-9c2620aeef
3521,c5dd4004-498c-4409-9472-7a0e457ff8f1,18200,MCH-fb4fb59d3a,스타벅스,5814,2026-05-25 22:34:00,36.751916,126.582029,KR,DEV-9c2620aeef
3522,c5dd4004-498c-4409-9472-7a0e457ff8f1,63699,MCH-493f24c455,쿠팡,5399,2026-05-26 13:31:00,36.740642,126.564656,KR,DEV-9c2620aeef
3523,c5dd4004-498c-4409-9472-7a0e457ff8f1,15399,MCH-8e35d3c146,김밥천국,5812,2026-05-27 10:16:00,36.752289,126.564295,KR,DEV-9c2620aeef
3524,c5dd4004-498c-4409-9472-7a0e457ff8f1,4900,MCH-fb4fb59d3a,스타벅스,5814,2026-05-27 19:31:00,36.74438,126.552122,KR,DEV-9c2620aeef
3525,c5dd4004-498c-4409-9472-7a0e457ff8f1,10500,MCH-fb4fb59d3a,스타벅스,5814,2026-05-28 08:37:00,36.748053,126.559905,KR,DEV-9c2620aeef
3526,c5dd4004-498c-4409-9472-7a0e457ff8f1,30799,MCH-493f24c455,쿠팡,5399,2026-05-28 09:57:00,36.731233,126.535889,KR,DEV-9c2620aeef
3527,c5dd4004-498c-4409-9472-7a0e457ff8f1,46200,MCH-e7751d42a2,올리브영,5977,2026-05-28 18:41:00,36.749637,126.576325,KR,DEV-9c2620aeef
3528,c5dd4004-498c-4409-9472-7a0e457ff8f1,18900,MCH-a5c765e6ce,프리스비,5732,2026-05-29 09:42:00,36.724975,126.577912,KR,DEV-9c2620aeef
3529,c5dd4004-498c-4409-9472-7a0e457ff8f1,19600,MCH-c563ceac18,맥도날드,5814,2026-05-29 22:56:00,36.71229,126.571661,KR,DEV-9c2620aeef
3530,c5dd4004-498c-4409-9472-7a0e457ff8f1,6300,MCH-8e35d3c146,김밥천국,5812,2026-05-30 14:11:00,36.746002,126.548941,KR,DEV-9c2620aeef
3531,c5dd4004-498c-4409-9472-7a0e457ff8f1,15399,MCH-493f24c455,쿠팡,5399,2026-05-30 14:46:00,36.746119,126.538428,KR,DEV-9c2620aeef
3532,c5dd4004-498c-4409-9472-7a0e457ff8f1,1889,MCH-06553b267c,카카오택시,4121,2026-05-30 18:34:00,36.712928,126.585406,KR,DEV-9c2620aeef
3533,c5dd4004-498c-4409-9472-7a0e457ff8f1,3989,MCH-06553b267c,카카오택시,4121,2026-06-01 14:00:00,36.725676,126.547054,KR,DEV-9c2620aeef
3534,c5dd4004-498c-4409-9472-7a0e457ff8f1,4200,MCH-ab42b36c0b,배달의민족,5812,2026-06-02 08:37:00,36.702586,126.57527,KR,DEV-9c2620aeef
3535,c5dd4004-498c-4409-9472-7a0e457ff8f1,23800,MCH-ba944121a3,무신사,5651,2026-06-02 11:18:00,36.741864,126.550919,KR,DEV-9c2620aeef
3536,c5dd4004-498c-4409-9472-7a0e457ff8f1,18200,MCH-fb4fb59d3a,스타벅스,5814,2026-06-03 21:15:00,36.726875,126.581518,KR,DEV-9c2620aeef
3537,c5dd4004-498c-4409-9472-7a0e457ff8f1,33600,MCH-e7751d42a2,올리브영,5977,2026-06-04 11:42:00,36.701573,126.539932,KR,DEV-9c2620aeef
3538,c5dd4004-498c-4409-9472-7a0e457ff8f1,1190,MCH-06553b267c,카카오택시,4121,2026-06-05 15:39:00,36.706499,126.570392,KR,DEV-9c2620aeef
3539,c5dd4004-498c-4409-9472-7a0e457ff8f1,11200,MCH-c563ceac18,맥도날드,5814,2026-06-07 12:10:00,36.706585,126.554365,KR,DEV-9c2620aeef
3540,c5dd4004-498c-4409-9472-7a0e457ff8f1,18200,MCH-ab42b36c0b,배달의민족,5812,2026-06-08 09:56:00,36.752789,126.57085,KR,DEV-9c2620aeef
3541,c5dd4004-498c-4409-9472-7a0e457ff8f1,6090,MCH-0d60345572,버스,4111,2026-06-08 17:13:00,36.705664,126.541286,KR,DEV-9c2620aeef
3542,c5dd4004-498c-4409-9472-7a0e457ff8f1,4900,MCH-fb4fb59d3a,스타벅스,5814,2026-06-09 18:27:00,36.745528,126.562819,KR,DEV-9c2620aeef
3543,c5dd4004-498c-4409-9472-7a0e457ff8f1,70000,MCH-cf62dbb6a8,게임아이템_스토어,7994,2026-06-10 18:16:00,36.708159,126.559383,KR,DEV-9c2620aeef
3544,c5dd4004-498c-4409-9472-7a0e457ff8f1,70000,MCH-cf62dbb6a8,게임아이템_스토어,7994,2026-06-10 18:17:00,36.708159,126.559383,KR,DEV-9c2620aeef
3545,c5dd4004-498c-4409-9472-7a0e457ff8f1,70000,MCH-cf62dbb6a8,게임아이템_스토어,7994,2026-06-10 18:18:00,36.708159,126.559383,KR,DEV-9c2620aeef
3546,c5dd4004-498c-4409-9472-7a0e457ff8f1,58799,MCH-a5c765e6ce,프리스비,5732,2026-06-11 08:53:00,36.705472,126.586584,KR,DEV-9c2620aeef
3547,c5dd4004-498c-4409-9472-7a0e457ff8f1,16800,MCH-8e35d3c146,김밥천국,5812,2026-06-11 19:09:00,36.71078,126.548988,KR,DEV-9c2620aeef
3548,c5dd4004-498c-4409-9472-7a0e457ff8f1,21000,MCH-ab42b36c0b,배달의민족,5812,2026-06-11 21:02:00,36.729291,126.558732,KR,DEV-9c2620aeef
3549,c5dd4004-498c-4409-9472-7a0e457ff8f1,70000,MCH-53b4838ce6,어도비(Adobe),5734,2026-06-12 19:59:00,36.752193,126.579325,KR,DEV-9c2620aeef
3550,c5dd4004-498c-4409-9472-7a0e457ff8f1,5110,MCH-0d60345572,버스,4111,2026-06-13 11:01:00,36.711448,126.57964,KR,DEV-9c2620aeef
3551,c5dd4004-498c-4409-9472-7a0e457ff8f1,11200,MCH-ab42b36c0b,배달의민족,5812,2026-06-13 18:32:00,36.720964,126.55056,KR,DEV-9c2620aeef
3552,c5dd4004-498c-4409-9472-7a0e457ff8f1,11900,MCH-fb4fb59d3a,스타벅스,5814,2026-06-13 21:02:00,36.746131,126.579324,KR,DEV-9c2620aeef
3553,c5dd4004-498c-4409-9472-7a0e457ff8f1,4200,MCH-ab42b36c0b,배달의민족,5812,2026-06-14 09:38:00,36.70566,126.587954,KR,DEV-9c2620aeef
3554,c5dd4004-498c-4409-9472-7a0e457ff8f1,7909,MCH-06553b267c,카카오택시,4121,2026-06-14 22:36:00,36.738806,126.552456,KR,DEV-9c2620aeef
3555,c5dd4004-498c-4409-9472-7a0e457ff8f1,18200,MCH-ab42b36c0b,배달의민족,5812,2026-06-17 21:07:00,36.703207,126.571405,KR,DEV-9c2620aeef
3556,c5dd4004-498c-4409-9472-7a0e457ff8f1,90000,MCH-cf62dbb6a8,게임아이템_스토어,7994,2026-06-18 11:27:00,36.741898,126.568292,KR,DEV-9c2620aeef
3557,c5dd4004-498c-4409-9472-7a0e457ff8f1,90000,MCH-cf62dbb6a8,게임아이템_스토어,7994,2026-06-18 11:28:00,36.741898,126.568292,KR,DEV-9c2620aeef
3558,c5dd4004-498c-4409-9472-7a0e457ff8f1,90000,MCH-cf62dbb6a8,게임아이템_스토어,7994,2026-06-18 11:29:00,36.741898,126.568292,KR,DEV-9c2620aeef
3559,c5dd4004-498c-4409-9472-7a0e457ff8f1,27300,MCH-a5c765e6ce,프리스비,5732,2026-06-18 14:42:00,36.735473,126.553131,KR,DEV-9c2620aeef
3560,c5dd4004-498c-4409-9472-7a0e457ff8f1,8260,MCH-0d60345572,버스,4111,2026-06-18 16:53:00,36.736037,126.5843,KR,DEV-9c2620aeef
3561,c5dd4004-498c-4409-9472-7a0e457ff8f1,12810,MCH-5df4849ce1,지하철,4111,2026-06-19 09:18:00,36.723326,126.547051,KR,DEV-9c2620aeef
3562,c5dd4004-498c-4409-9472-7a0e457ff8f1,37800,MCH-a5c765e6ce,프리스비,5732,2026-06-19 11:51:00,36.733638,126.553618,KR,DEV-9c2620aeef
3563,c5dd4004-498c-4409-9472-7a0e457ff8f1,20300,MCH-fb4fb59d3a,스타벅스,5814,2026-06-21 14:14:00,36.712613,126.570963,KR,DEV-9c2620aeef
3564,c5dd4004-498c-4409-9472-7a0e457ff8f1,5600,MCH-c563ceac18,맥도날드,5814,2026-06-21 15:08:00,36.751207,126.563498,KR,DEV-9c2620aeef
3565,c5dd4004-498c-4409-9472-7a0e457ff8f1,189000,MCH-ca5e0a9e0b,AWS,7372,2026-06-21 19:24:00,36.740965,126.560117,KR,DEV-9c2620aeef
3566,c5dd4004-498c-4409-9472-7a0e457ff8f1,56700,MCH-e7751d42a2,올리브영,5977,2026-06-22 15:40:00,36.745992,126.559828,KR,DEV-9c2620aeef
3567,c5dd4004-498c-4409-9472-7a0e457ff8f1,59499,MCH-ba944121a3,무신사,5651,2026-06-22 15:57:00,36.74761,126.568616,KR,DEV-9c2620aeef
3568,c5dd4004-498c-4409-9472-7a0e457ff8f1,6300,MCH-fb4fb59d3a,스타벅스,5814,2026-06-23 10:14:00,36.71487,126.550187,KR,DEV-9c2620aeef
3569,c5dd4004-498c-4409-9472-7a0e457ff8f1,61599,MCH-493f24c455,쿠팡,5399,2026-06-23 14:30:00,36.744446,126.556553,KR,DEV-9c2620aeef
3570,c5dd4004-498c-4409-9472-7a0e457ff8f1,10710,MCH-0d60345572,버스,4111,2026-06-23 15:26:00,36.707685,126.547065,KR,DEV-9c2620aeef
3571,c5dd4004-498c-4409-9472-7a0e457ff8f1,53900,MCH-a5c765e6ce,프리스비,5732,2026-06-24 11:17:00,36.720505,126.583697,KR,DEV-9c2620aeef
3572,c5dd4004-498c-4409-9472-7a0e457ff8f1,25200,MCH-ba944121a3,무신사,5651,2026-06-24 21:29:00,36.700994,126.553669,KR,DEV-9c2620aeef
3573,c5dd4004-498c-4409-9472-7a0e457ff8f1,9170,MCH-5df4849ce1,지하철,4111,2026-06-27 13:21:00,36.724382,126.538218,KR,DEV-9c2620aeef
3574,c5dd4004-498c-4409-9472-7a0e457ff8f1,17500,MCH-e7751d42a2,올리브영,5977,2026-06-27 15:01:00,36.719918,126.576149,KR,DEV-9c2620aeef
3575,c5dd4004-498c-4409-9472-7a0e457ff8f1,20300,MCH-fb4fb59d3a,스타벅스,5814,2026-06-27 18:02:00,36.70224,126.586955,KR,DEV-9c2620aeef
3576,c5dd4004-498c-4409-9472-7a0e457ff8f1,16099,MCH-fb4fb59d3a,스타벅스,5814,2026-06-28 11:29:00,36.700527,126.543737,KR,DEV-9c2620aeef
3577,c5dd4004-498c-4409-9472-7a0e457ff8f1,9800,MCH-c563ceac18,맥도날드,5814,2026-06-29 09:37:00,36.732249,126.575928,KR,DEV-9c2620aeef
3578,c5dd4004-498c-4409-9472-7a0e457ff8f1,1400000,MCH-bed94775b8,패스트파이브,7011,2026-06-29 19:12:00,36.716288,126.572113,KR,DEV-9c2620aeef
3579,c5dd4004-498c-4409-9472-7a0e457ff8f1,11130,MCH-06553b267c,카카오택시,4121,2026-06-30 20:02:00,36.741181,126.581462,KR,DEV-9c2620aeef
3580,c5dd4004-498c-4409-9472-7a0e457ff8f1,14000,MCH-8e35d3c146,김밥천국,5812,2026-07-01 09:27:00,36.703152,126.570502,KR,DEV-9c2620aeef
3581,c5dd4004-498c-4409-9472-7a0e457ff8f1,9380,MCH-5b1162a765,KTX,4112,2026-07-01 14:52:00,36.714024,126.579186,KR,DEV-9c2620aeef
3582,c5dd4004-498c-4409-9472-7a0e457ff8f1,25900,MCH-ba944121a3,무신사,5651,2026-07-01 19:33:00,36.733781,126.580295,KR,DEV-9c2620aeef
3583,c5dd4004-498c-4409-9472-7a0e457ff8f1,4270,MCH-0d60345572,버스,4111,2026-07-02 15:13:00,36.735543,126.553684,KR,DEV-9c2620aeef
3584,c5dd4004-498c-4409-9472-7a0e457ff8f1,8400,MCH-8e35d3c146,김밥천국,5812,2026-07-02 20:29:00,36.712695,126.58602,KR,DEV-9c2620aeef
3585,c5dd4004-498c-4409-9472-7a0e457ff8f1,14699,MCH-fb4fb59d3a,스타벅스,5814,2026-07-03 11:05:00,36.74701,126.573402,KR,DEV-9c2620aeef
3586,c5dd4004-498c-4409-9472-7a0e457ff8f1,17500,MCH-8e35d3c146,김밥천국,5812,2026-07-03 19:31:00,36.721394,126.565509,KR,DEV-9c2620aeef
3587,c5dd4004-498c-4409-9472-7a0e457ff8f1,8610,MCH-0d60345572,버스,4111,2026-07-05 19:35:00,36.712577,126.57139,KR,DEV-9c2620aeef
3588,c5dd4004-498c-4409-9472-7a0e457ff8f1,35000,MCH-a5c765e6ce,프리스비,5732,2026-07-06 08:03:00,36.718932,126.551839,KR,DEV-9c2620aeef
3589,c5dd4004-498c-4409-9472-7a0e457ff8f1,19600,MCH-fb4fb59d3a,스타벅스,5814,2026-07-06 16:48:00,36.713014,126.542022,KR,DEV-9c2620aeef
3590,c5dd4004-498c-4409-9472-7a0e457ff8f1,5600,MCH-ab42b36c0b,배달의민족,5812,2026-07-06 21:12:00,36.709779,126.575425,KR,DEV-9c2620aeef
3591,c5dd4004-498c-4409-9472-7a0e457ff8f1,14000,MCH-ab42b36c0b,배달의민족,5812,2026-07-07 15:28:00,36.740116,126.541045,KR,DEV-9c2620aeef
3592,c5dd4004-498c-4409-9472-7a0e457ff8f1,3709,MCH-06553b267c,카카오택시,4121,2026-07-09 10:51:00,36.702957,126.562081,KR,DEV-9c2620aeef
3593,c5dd4004-498c-4409-9472-7a0e457ff8f1,161000,MCH-8fff18fdd2,노션,7372,2026-07-09 14:19:00,36.741354,126.556061,KR,DEV-9c2620aeef
3594,c5dd4004-498c-4409-9472-7a0e457ff8f1,16800,MCH-8e35d3c146,김밥천국,5812,2026-07-09 17:50:00,36.715849,126.589225,KR,DEV-9c2620aeef
3595,c5dd4004-498c-4409-9472-7a0e457ff8f1,7000,MCH-fb4fb59d3a,스타벅스,5814,2026-07-12 08:26:00,36.71373,126.539888,KR,DEV-9c2620aeef
3596,c5dd4004-498c-4409-9472-7a0e457ff8f1,48300,MCH-a5c765e6ce,프리스비,5732,2026-07-13 09:34:00,36.74201,126.569287,KR,DEV-9c2620aeef
3597,c5dd4004-498c-4409-9472-7a0e457ff8f1,16800,MCH-ba944121a3,무신사,5651,2026-07-13 18:14:00,36.711937,126.573714,KR,DEV-9c2620aeef
3598,c5dd4004-498c-4409-9472-7a0e457ff8f1,7000,MCH-fb4fb59d3a,스타벅스,5814,2026-07-13 20:19:00,36.707478,126.549858,KR,DEV-9c2620aeef
3599,c5dd4004-498c-4409-9472-7a0e457ff8f1,12600,MCH-e7751d42a2,올리브영,5977,2026-07-14 09:14:00,36.731751,126.583577,KR,DEV-9c2620aeef
3600,c5dd4004-498c-4409-9472-7a0e457ff8f1,10010,MCH-0d60345572,버스,4111,2026-07-14 16:31:00,36.72476,126.551937,KR,DEV-9c2620aeef
3601,c5dd4004-498c-4409-9472-7a0e457ff8f1,6020,MCH-5b1162a765,KTX,4112,2026-07-16 10:37:00,36.740674,126.54497,KR,DEV-9c2620aeef
3602,c5dd4004-498c-4409-9472-7a0e457ff8f1,7000,MCH-5b1162a765,KTX,4112,2026-07-16 13:42:00,36.743438,126.587881,KR,DEV-9c2620aeef
3603,c5dd4004-498c-4409-9472-7a0e457ff8f1,133000,MCH-53b4838ce6,어도비(Adobe),5734,2026-07-17 09:20:00,36.736921,126.551079,KR,DEV-9c2620aeef
3604,c5dd4004-498c-4409-9472-7a0e457ff8f1,125999,MCH-bed94775b8,패스트파이브,7011,2026-07-19 08:12:00,36.744016,126.535562,KR,DEV-9c2620aeef
3605,c5dd4004-498c-4409-9472-7a0e457ff8f1,4690,MCH-06553b267c,카카오택시,4121,2026-07-19 12:35:00,36.733081,126.562446,KR,DEV-9c2620aeef
3606,c5dd4004-498c-4409-9472-7a0e457ff8f1,12320,MCH-06553b267c,카카오택시,4121,2026-07-19 17:51:00,36.714994,126.583113,KR,DEV-9c2620aeef
3607,c5dd4004-498c-4409-9472-7a0e457ff8f1,13300,MCH-fb4fb59d3a,스타벅스,5814,2026-07-20 09:41:00,36.700164,126.557554,KR,DEV-9c2620aeef
3608,c5dd4004-498c-4409-9472-7a0e457ff8f1,9450,MCH-5b1162a765,KTX,4112,2026-07-21 11:29:00,36.715201,126.57363,KR,DEV-9c2620aeef
3609,c5dd4004-498c-4409-9472-7a0e457ff8f1,2240,MCH-5df4849ce1,지하철,4111,2026-07-21 12:49:00,36.720159,126.585331,KR,DEV-9c2620aeef
3610,c5dd4004-498c-4409-9472-7a0e457ff8f1,6090,MCH-06553b267c,카카오택시,4121,2026-07-21 19:19:00,36.721854,126.586,KR,DEV-9c2620aeef
3611,c5dd4004-498c-4409-9472-7a0e457ff8f1,140000,MCH-ca5e0a9e0b,AWS,7372,2026-07-22 08:08:00,36.7488,126.556107,KR,DEV-9c2620aeef
3612,c5dd4004-498c-4409-9472-7a0e457ff8f1,1819,MCH-5b1162a765,KTX,4112,2026-07-22 13:47:00,36.75244,126.548408,KR,DEV-9c2620aeef
3613,c5dd4004-498c-4409-9472-7a0e457ff8f1,13300,MCH-8e35d3c146,김밥천국,5812,2026-07-22 22:20:00,36.723563,126.561681,KR,DEV-9c2620aeef
3614,c5dd4004-498c-4409-9472-7a0e457ff8f1,7070,MCH-0d60345572,버스,4111,2026-07-23 17:44:00,36.734819,126.543844,KR,DEV-9c2620aeef
3615,c5dd4004-498c-4409-9472-7a0e457ff8f1,1260,MCH-5b1162a765,KTX,4112,2026-07-23 19:09:00,36.746679,126.5593,KR,DEV-9c2620aeef
3616,c5dd4004-498c-4409-9472-7a0e457ff8f1,12110,MCH-06553b267c,카카오택시,4121,2026-07-25 09:15:00,36.733306,126.58347,KR,DEV-9c2620aeef
3617,c5dd4004-498c-4409-9472-7a0e457ff8f1,4200,MCH-fb4fb59d3a,스타벅스,5814,2026-07-25 13:50:00,36.704858,126.544493,KR,DEV-9c2620aeef
3618,c5dd4004-498c-4409-9472-7a0e457ff8f1,18900,MCH-ba944121a3,무신사,5651,2026-07-25 20:40:00,36.749205,126.589415,KR,DEV-9c2620aeef
3619,c5dd4004-498c-4409-9472-7a0e457ff8f1,4059,MCH-5df4849ce1,지하철,4111,2026-07-26 10:05:00,36.707294,126.564212,KR,DEV-9c2620aeef
3620,c5dd4004-498c-4409-9472-7a0e457ff8f1,5180,MCH-5df4849ce1,지하철,4111,2026-07-26 15:40:00,36.720103,126.572426,KR,DEV-9c2620aeef
3621,c5dd4004-498c-4409-9472-7a0e457ff8f1,37100,MCH-ba944121a3,무신사,5651,2026-07-27 11:24:00,36.715595,126.587502,KR,DEV-9c2620aeef
3622,c5dd4004-498c-4409-9472-7a0e457ff8f1,4900,MCH-c563ceac18,맥도날드,5814,2026-07-27 15:22:00,36.748015,126.560649,KR,DEV-9c2620aeef
3623,c5dd4004-498c-4409-9472-7a0e457ff8f1,91000,MCH-bed94775b8,패스트파이브,7011,2026-07-29 08:36:00,36.753084,126.551458,KR,DEV-9c2620aeef
3624,c5dd4004-498c-4409-9472-7a0e457ff8f1,98000,MCH-bed94775b8,패스트파이브,7011,2026-07-29 20:51:00,36.741496,126.588127,KR,DEV-9c2620aeef
3625,c5dd4004-498c-4409-9472-7a0e457ff8f1,66500,MCH-a5c765e6ce,프리스비,5732,2026-07-30 09:57:00,36.709702,126.549047,KR,DEV-9c2620aeef
3626,c5dd4004-498c-4409-9472-7a0e457ff8f1,19600,MCH-ab42b36c0b,배달의민족,5812,2026-07-30 10:05:00,36.701556,126.578128,KR,DEV-9c2620aeef
3627,c5dd4004-498c-4409-9472-7a0e457ff8f1,10500,MCH-0d60345572,버스,4111,2026-07-31 16:58:00,36.708919,126.542644,KR,DEV-9c2620aeef
3628,c5dd4004-498c-4409-9472-7a0e457ff8f1,196000,MCH-8fff18fdd2,노션,7372,2026-07-31 21:21:00,36.708319,126.584908,KR,DEV-9c2620aeef
3629,c5dd4004-498c-4409-9472-7a0e457ff8f1,9450,MCH-5df4849ce1,지하철,4111,2026-08-01 08:39:00,36.720021,126.570016,KR,DEV-9c2620aeef
3630,c5dd4004-498c-4409-9472-7a0e457ff8f1,210000,MCH-bed94775b8,패스트파이브,7011,2026-08-01 16:23:00,36.707033,126.587743,KR,DEV-9c2620aeef
3631,c5dd4004-498c-4409-9472-7a0e457ff8f1,18200,MCH-ab42b36c0b,배달의민족,5812,2026-08-01 19:43:00,36.720753,126.549795,KR,DEV-9c2620aeef
3632,c5dd4004-498c-4409-9472-7a0e457ff8f1,68600,MCH-e7751d42a2,올리브영,5977,2026-08-02 14:07:00,36.711391,126.538917,KR,DEV-9c2620aeef
3633,c5dd4004-498c-4409-9472-7a0e457ff8f1,5250,MCH-06553b267c,카카오택시,4121,2026-08-02 22:34:00,36.750574,126.551952,KR,DEV-9c2620aeef
3634,c5dd4004-498c-4409-9472-7a0e457ff8f1,15399,MCH-e7751d42a2,올리브영,5977,2026-08-03 14:17:00,36.745666,126.54087,KR,DEV-9c2620aeef
3635,c5dd4004-498c-4409-9472-7a0e457ff8f1,7699,MCH-ab42b36c0b,배달의민족,5812,2026-08-03 15:28:00,36.732703,126.58626,KR,DEV-9c2620aeef
3636,c5dd4004-498c-4409-9472-7a0e457ff8f1,8470,MCH-5df4849ce1,지하철,4111,2026-08-03 18:06:00,36.750743,126.573148,KR,DEV-9c2620aeef
3637,c5dd4004-498c-4409-9472-7a0e457ff8f1,62999,MCH-a5c765e6ce,프리스비,5732,2026-08-05 11:52:00,36.741964,126.546592,KR,DEV-9c2620aeef
3638,c5dd4004-498c-4409-9472-7a0e457ff8f1,210000,MCH-53b4838ce6,어도비(Adobe),5734,2026-08-05 13:15:00,36.71089,126.570067,KR,DEV-9c2620aeef
3639,c5dd4004-498c-4409-9472-7a0e457ff8f1,91000,MCH-53b4838ce6,어도비(Adobe),5734,2026-08-05 21:09:00,36.717185,126.543476,KR,DEV-9c2620aeef
3640,c5dd4004-498c-4409-9472-7a0e457ff8f1,14699,MCH-8e35d3c146,김밥천국,5812,2026-08-06 09:47:00,36.700278,126.549844,KR,DEV-9c2620aeef
3641,c5dd4004-498c-4409-9472-7a0e457ff8f1,21000,MCH-ab42b36c0b,배달의민족,5812,2026-08-06 20:15:00,36.705367,126.582335,KR,DEV-9c2620aeef
3642,c5dd4004-498c-4409-9472-7a0e457ff8f1,4900,MCH-c563ceac18,맥도날드,5814,2026-08-07 10:17:00,36.748598,126.539472,KR,DEV-9c2620aeef
3643,c5dd4004-498c-4409-9472-7a0e457ff8f1,12810,MCH-06553b267c,카카오택시,4121,2026-08-07 16:19:00,36.727168,126.541395,KR,DEV-9c2620aeef
3644,c5dd4004-498c-4409-9472-7a0e457ff8f1,8680,MCH-5b1162a765,KTX,4112,2026-08-07 18:06:00,36.751534,126.538788,KR,DEV-9c2620aeef
3645,c5dd4004-498c-4409-9472-7a0e457ff8f1,8750,MCH-5df4849ce1,지하철,4111,2026-08-08 15:56:00,36.734815,126.582944,KR,DEV-9c2620aeef
3646,c5dd4004-498c-4409-9472-7a0e457ff8f1,2800,MCH-5b1162a765,KTX,4112,2026-08-08 20:44:00,36.731716,126.55144,KR,DEV-9c2620aeef
3647,c5dd4004-498c-4409-9472-7a0e457ff8f1,18200,MCH-ab42b36c0b,배달의민족,5812,2026-08-09 12:23:00,36.720978,126.574938,KR,DEV-9c2620aeef
3648,c5dd4004-498c-4409-9472-7a0e457ff8f1,4900,MCH-fb4fb59d3a,스타벅스,5814,2026-08-09 14:06:00,36.73655,126.561136,KR,DEV-9c2620aeef
3649,c5dd4004-498c-4409-9472-7a0e457ff8f1,13020,MCH-0d60345572,버스,4111,2026-08-10 09:26:00,36.729499,126.567201,KR,DEV-9c2620aeef
3650,c5dd4004-498c-4409-9472-7a0e457ff8f1,98000,MCH-53b4838ce6,어도비(Adobe),5734,2026-08-10 17:19:00,36.735389,126.576056,KR,DEV-9c2620aeef
3651,c5dd4004-498c-4409-9472-7a0e457ff8f1,3080,MCH-0d60345572,버스,4111,2026-08-11 20:17:00,36.725489,126.581299,KR,DEV-9c2620aeef
3652,c5dd4004-498c-4409-9472-7a0e457ff8f1,40600,MCH-e7751d42a2,올리브영,5977,2026-08-12 13:00:00,36.713882,126.545252,KR,DEV-9c2620aeef
3653,c5dd4004-498c-4409-9472-7a0e457ff8f1,4900,MCH-fb4fb59d3a,스타벅스,5814,2026-08-12 19:33:00,36.707168,126.571032,KR,DEV-9c2620aeef
3654,c5dd4004-498c-4409-9472-7a0e457ff8f1,11900,MCH-06553b267c,카카오택시,4121,2026-08-12 22:42:00,36.752103,126.579739,KR,DEV-9c2620aeef
3655,c5dd4004-498c-4409-9472-7a0e457ff8f1,4200,MCH-fb4fb59d3a,스타벅스,5814,2026-08-13 10:10:00,36.707934,126.552345,KR,DEV-9c2620aeef
3656,c5dd4004-498c-4409-9472-7a0e457ff8f1,9730,MCH-5b1162a765,KTX,4112,2026-08-13 17:28:00,36.702115,126.53991,KR,DEV-9c2620aeef
3657,c5dd4004-498c-4409-9472-7a0e457ff8f1,9800,MCH-fb4fb59d3a,스타벅스,5814,2026-08-13 18:43:00,36.711077,126.563194,KR,DEV-9c2620aeef
3658,c5dd4004-498c-4409-9472-7a0e457ff8f1,4130,MCH-5b1162a765,KTX,4112,2026-08-14 10:24:00,36.715071,126.541986,KR,DEV-9c2620aeef
3659,c5dd4004-498c-4409-9472-7a0e457ff8f1,7699,MCH-ab42b36c0b,배달의민족,5812,2026-08-14 20:08:00,36.720791,126.567896,KR,DEV-9c2620aeef
3660,c5dd4004-498c-4409-9472-7a0e457ff8f1,12600,MCH-fb4fb59d3a,스타벅스,5814,2026-08-15 08:29:00,36.744471,126.579078,KR,DEV-9c2620aeef
3661,c5dd4004-498c-4409-9472-7a0e457ff8f1,8260,MCH-06553b267c,카카오택시,4121,2026-08-16 08:20:00,36.73042,126.573851,KR,DEV-9c2620aeef
3662,c5dd4004-498c-4409-9472-7a0e457ff8f1,18200,MCH-e7751d42a2,올리브영,5977,2026-08-16 14:54:00,36.750647,126.56037,KR,DEV-9c2620aeef
3663,c5dd4004-498c-4409-9472-7a0e457ff8f1,16800,MCH-c563ceac18,맥도날드,5814,2026-08-17 10:48:00,36.707408,126.541057,KR,DEV-9c2620aeef
3664,c5dd4004-498c-4409-9472-7a0e457ff8f1,8400,MCH-ab42b36c0b,배달의민족,5812,2026-08-17 13:49:00,36.727747,126.556893,KR,DEV-9c2620aeef
3665,c5dd4004-498c-4409-9472-7a0e457ff8f1,7279,MCH-0d60345572,버스,4111,2026-08-17 19:52:00,36.727019,126.541664,KR,DEV-9c2620aeef
3666,c5dd4004-498c-4409-9472-7a0e457ff8f1,66500,MCH-e7751d42a2,올리브영,5977,2026-08-19 13:09:00,36.729897,126.566823,KR,DEV-9c2620aeef
3667,c5dd4004-498c-4409-9472-7a0e457ff8f1,42000,MCH-493f24c455,쿠팡,5399,2026-08-19 16:04:00,36.724772,126.569629,KR,DEV-9c2620aeef
3668,c5dd4004-498c-4409-9472-7a0e457ff8f1,67900,MCH-493f24c455,쿠팡,5399,2026-08-19 21:54:00,36.723853,126.538575,KR,DEV-9c2620aeef
3669,c5dd4004-498c-4409-9472-7a0e457ff8f1,210000,MCH-bed94775b8,패스트파이브,7011,2026-08-20 17:41:00,36.729388,126.578301,KR,DEV-9c2620aeef
3670,c5dd4004-498c-4409-9472-7a0e457ff8f1,5460,MCH-06553b267c,카카오택시,4121,2026-08-20 19:28:00,36.752527,126.540058,KR,DEV-9c2620aeef
3671,c5dd4004-498c-4409-9472-7a0e457ff8f1,56000,MCH-bed94775b8,패스트파이브,7011,2026-08-20 20:57:00,36.732128,126.562601,KR,DEV-9c2620aeef
3672,c5dd4004-498c-4409-9472-7a0e457ff8f1,66500,MCH-493f24c455,쿠팡,5399,2026-08-21 18:21:00,36.749043,126.556441,KR,DEV-9c2620aeef
3673,c609a246-5909-42c4-82a6-30132930ed8f,221000,MCH-8fff18fdd2,노션,7372,2026-05-25 08:42:00,35.565706,128.419423,KR,DEV-ded3c49be8
3674,c609a246-5909-42c4-82a6-30132930ed8f,32500,MCH-e7751d42a2,올리브영,5977,2026-05-25 11:47:00,35.606629,128.415837,KR,DEV-ded3c49be8
3675,c609a246-5909-42c4-82a6-30132930ed8f,6890,MCH-5b1162a765,KTX,4112,2026-05-25 15:54:00,35.584464,128.400246,KR,DEV-ded3c49be8
3676,c609a246-5909-42c4-82a6-30132930ed8f,122200,MCH-a5c765e6ce,프리스비,5732,2026-05-26 17:10:00,35.594907,128.406113,KR,DEV-ded3c49be8
3677,c609a246-5909-42c4-82a6-30132930ed8f,286000,MCH-8fff18fdd2,노션,7372,2026-05-26 19:31:00,35.584855,128.404162,KR,DEV-ded3c49be8
3678,c609a246-5909-42c4-82a6-30132930ed8f,22880,MCH-0d60345572,버스,4111,2026-05-27 09:42:00,35.576924,128.4141,KR,DEV-ded3c49be8
3679,c609a246-5909-42c4-82a6-30132930ed8f,221000,MCH-53b4838ce6,어도비(Adobe),5734,2026-05-27 11:13:00,35.561439,128.414525,KR,DEV-ded3c49be8
3680,c609a246-5909-42c4-82a6-30132930ed8f,28600,MCH-8e35d3c146,김밥천국,5812,2026-05-27 14:22:00,35.585171,128.391363,KR,DEV-ded3c49be8
3681,c609a246-5909-42c4-82a6-30132930ed8f,17290,MCH-0d60345572,버스,4111,2026-05-28 18:11:00,35.604261,128.391309,KR,DEV-ded3c49be8
3682,c609a246-5909-42c4-82a6-30132930ed8f,66300,MCH-ba944121a3,무신사,5651,2026-05-28 21:59:00,35.583104,128.393875,KR,DEV-ded3c49be8
3683,c609a246-5909-42c4-82a6-30132930ed8f,312000,MCH-8fff18fdd2,노션,7372,2026-05-30 11:10:00,35.586729,128.421284,KR,DEV-ded3c49be8
3684,c609a246-5909-42c4-82a6-30132930ed8f,20280,MCH-5b1162a765,KTX,4112,2026-05-30 16:55:00,35.579829,128.386625,KR,DEV-ded3c49be8
3685,c609a246-5909-42c4-82a6-30132930ed8f,312000,MCH-ca5e0a9e0b,AWS,7372,2026-05-30 17:32:00,35.576498,128.416109,KR,DEV-ded3c49be8
3686,c609a246-5909-42c4-82a6-30132930ed8f,72800,MCH-a5c765e6ce,프리스비,5732,2026-05-31 10:18:00,35.593404,128.394644,KR,DEV-ded3c49be8
3687,c609a246-5909-42c4-82a6-30132930ed8f,221000,MCH-bed94775b8,패스트파이브,7011,2026-06-02 09:50:00,35.554692,128.383455,KR,DEV-ded3c49be8
3688,c609a246-5909-42c4-82a6-30132930ed8f,156000,MCH-ca5e0a9e0b,AWS,7372,2026-06-02 15:46:00,35.586969,128.399614,KR,DEV-ded3c49be8
3689,c609a246-5909-42c4-82a6-30132930ed8f,24700,MCH-c563ceac18,맥도날드,5814,2026-06-02 16:41:00,35.591275,128.405689,KR,DEV-ded3c49be8
3690,c609a246-5909-42c4-82a6-30132930ed8f,208000,MCH-53b4838ce6,어도비(Adobe),5734,2026-06-03 14:45:00,35.570156,128.403243,KR,DEV-ded3c49be8
3691,c609a246-5909-42c4-82a6-30132930ed8f,247000,MCH-53b4838ce6,어도비(Adobe),5734,2026-06-03 15:52:00,35.583365,128.4204,KR,DEV-ded3c49be8
3692,c609a246-5909-42c4-82a6-30132930ed8f,169000,MCH-ca5e0a9e0b,AWS,7372,2026-06-04 09:21:00,35.572689,128.431058,KR,DEV-ded3c49be8
3693,c609a246-5909-42c4-82a6-30132930ed8f,25870,MCH-06553b267c,카카오택시,4121,2026-06-04 10:23:00,35.561026,128.389599,KR,DEV-ded3c49be8
3694,c609a246-5909-42c4-82a6-30132930ed8f,62400,MCH-a5c765e6ce,프리스비,5732,2026-06-04 13:18:00,35.558324,128.430313,KR,DEV-ded3c49be8
3695,c609a246-5909-42c4-82a6-30132930ed8f,42900,MCH-a5c765e6ce,프리스비,5732,2026-06-05 16:18:00,35.592134,128.412423,KR,DEV-ded3c49be8
3696,c609a246-5909-42c4-82a6-30132930ed8f,2600000,MCH-8fff18fdd2,노션,7372,2026-06-05 19:10:00,35.601897,128.41217,KR,DEV-ded3c49be8
3697,c609a246-5909-42c4-82a6-30132930ed8f,117000,MCH-8fff18fdd2,노션,7372,2026-06-06 17:00:00,35.568228,128.394028,KR,DEV-ded3c49be8
3698,c609a246-5909-42c4-82a6-30132930ed8f,117000,MCH-ca5e0a9e0b,AWS,7372,2026-06-06 17:18:00,35.578096,128.397647,KR,DEV-ded3c49be8
3699,c609a246-5909-42c4-82a6-30132930ed8f,360000,MCH-fa2d4c28ac,AliExpress_CN,5399,2026-06-07 07:09:00,35.605506,128.400214,CN,DEV-ded3c49be8
3700,c609a246-5909-42c4-82a6-30132930ed8f,273000,MCH-8fff18fdd2,노션,7372,2026-06-07 13:24:00,35.602969,128.43427,KR,DEV-ded3c49be8
3701,c609a246-5909-42c4-82a6-30132930ed8f,98800,MCH-a5c765e6ce,프리스비,5732,2026-06-07 22:24:00,35.580549,128.39085,KR,DEV-ded3c49be8
3702,c609a246-5909-42c4-82a6-30132930ed8f,36400,MCH-c563ceac18,맥도날드,5814,2026-06-09 11:23:00,35.585099,128.416229,KR,DEV-ded3c49be8
3703,c609a246-5909-42c4-82a6-30132930ed8f,10920,MCH-06553b267c,카카오택시,4121,2026-06-09 16:34:00,35.57586,128.387051,KR,DEV-ded3c49be8
3704,c609a246-5909-42c4-82a6-30132930ed8f,156000,MCH-ca5e0a9e0b,AWS,7372,2026-06-12 19:45:00,35.597416,128.391583,KR,DEV-ded3c49be8
3705,c609a246-5909-42c4-82a6-30132930ed8f,117000,MCH-53b4838ce6,어도비(Adobe),5734,2026-06-14 16:19:00,35.559258,128.391979,KR,DEV-ded3c49be8
3706,c609a246-5909-42c4-82a6-30132930ed8f,35100,MCH-ba944121a3,무신사,5651,2026-06-14 16:56:00,35.566622,128.413366,KR,DEV-ded3c49be8
3707,c609a246-5909-42c4-82a6-30132930ed8f,52000,MCH-ba944121a3,무신사,5651,2026-06-15 09:34:00,35.558269,128.407562,KR,DEV-ded3c49be8
3708,c609a246-5909-42c4-82a6-30132930ed8f,10400,MCH-8e35d3c146,김밥천국,5812,2026-06-15 19:56:00,35.58666,128.397922,KR,DEV-ded3c49be8
3709,c609a246-5909-42c4-82a6-30132930ed8f,377000,MCH-8fff18fdd2,노션,7372,2026-06-16 14:38:00,35.588641,128.422548,KR,DEV-ded3c49be8
3710,c609a246-5909-42c4-82a6-30132930ed8f,286000,MCH-8fff18fdd2,노션,7372,2026-06-17 11:21:00,35.580443,128.397046,KR,DEV-ded3c49be8
3711,c609a246-5909-42c4-82a6-30132930ed8f,19500,MCH-fb4fb59d3a,스타벅스,5814,2026-06-18 22:32:00,35.560345,128.422606,KR,DEV-ded3c49be8
3712,c609a246-5909-42c4-82a6-30132930ed8f,35100,MCH-e7751d42a2,올리브영,5977,2026-06-18 22:55:00,35.563138,128.385252,KR,DEV-ded3c49be8
3713,c609a246-5909-42c4-82a6-30132930ed8f,12480,MCH-0d60345572,버스,4111,2026-06-19 20:33:00,35.560196,128.394238,KR,DEV-ded3c49be8
3714,c609a246-5909-42c4-82a6-30132930ed8f,325000,MCH-bed94775b8,패스트파이브,7011,2026-06-20 17:50:00,35.5873,128.390202,KR,DEV-ded3c49be8
3715,c609a246-5909-42c4-82a6-30132930ed8f,15080,MCH-5df4849ce1,지하철,4111,2026-06-20 20:10:00,35.565687,128.418026,KR,DEV-ded3c49be8
3716,c609a246-5909-42c4-82a6-30132930ed8f,15730,MCH-5b1162a765,KTX,4112,2026-06-21 08:48:00,35.599143,128.398754,KR,DEV-ded3c49be8
3717,c609a246-5909-42c4-82a6-30132930ed8f,117000,MCH-8fff18fdd2,노션,7372,2026-06-21 12:21:00,35.568528,128.432212,KR,DEV-ded3c49be8
3718,c609a246-5909-42c4-82a6-30132930ed8f,72800,MCH-ba944121a3,무신사,5651,2026-06-23 16:35:00,35.599323,128.382988,KR,DEV-ded3c49be8
3719,c609a246-5909-42c4-82a6-30132930ed8f,8840,MCH-5df4849ce1,지하철,4111,2026-06-23 18:45:00,35.561884,128.406405,KR,DEV-ded3c49be8
3720,c609a246-5909-42c4-82a6-30132930ed8f,19500,MCH-c563ceac18,맥도날드,5814,2026-06-24 19:30:00,35.578109,128.396517,KR,DEV-ded3c49be8
3721,c609a246-5909-42c4-82a6-30132930ed8f,10140,MCH-5b1162a765,KTX,4112,2026-06-25 12:38:00,35.605493,128.423937,KR,DEV-ded3c49be8
3722,c609a246-5909-42c4-82a6-30132930ed8f,6890,MCH-5b1162a765,KTX,4112,2026-06-25 21:09:00,35.561579,128.422239,KR,DEV-ded3c49be8
3723,c609a246-5909-42c4-82a6-30132930ed8f,16510,MCH-0d60345572,버스,4111,2026-06-25 22:18:00,35.557526,128.384741,KR,DEV-ded3c49be8
3724,c609a246-5909-42c4-82a6-30132930ed8f,111800,MCH-e7751d42a2,올리브영,5977,2026-06-26 16:52:00,35.57801,128.399429,KR,DEV-ded3c49be8
3725,c609a246-5909-42c4-82a6-30132930ed8f,130000,MCH-ca5e0a9e0b,AWS,7372,2026-06-29 13:29:00,35.573846,128.423476,KR,DEV-ded3c49be8
3726,c609a246-5909-42c4-82a6-30132930ed8f,169000,MCH-8fff18fdd2,노션,7372,2026-06-29 17:47:00,35.573899,128.392464,KR,DEV-ded3c49be8
3727,c609a246-5909-42c4-82a6-30132930ed8f,106600,MCH-493f24c455,쿠팡,5399,2026-06-30 08:58:00,35.576524,128.40313,KR,DEV-ded3c49be8
3728,c609a246-5909-42c4-82a6-30132930ed8f,107900,MCH-493f24c455,쿠팡,5399,2026-07-01 10:51:00,35.58861,128.421407,KR,DEV-ded3c49be8
3729,c609a246-5909-42c4-82a6-30132930ed8f,510000,MCH-489f756ae2,Steam_Global,5816,2026-07-01 17:31:00,35.577953,128.383442,CN,DEV-ded3c49be8
3730,c609a246-5909-42c4-82a6-30132930ed8f,169000,MCH-bed94775b8,패스트파이브,7011,2026-07-03 15:28:00,35.607993,128.422352,KR,DEV-ded3c49be8
3731,c609a246-5909-42c4-82a6-30132930ed8f,221000,MCH-53b4838ce6,어도비(Adobe),5734,2026-07-03 17:18:00,35.596542,128.421679,KR,DEV-ded3c49be8
3732,c609a246-5909-42c4-82a6-30132930ed8f,23400,MCH-5df4849ce1,지하철,4111,2026-07-03 17:21:00,35.608069,128.389935,KR,DEV-ded3c49be8
3733,c609a246-5909-42c4-82a6-30132930ed8f,28600,MCH-fb4fb59d3a,스타벅스,5814,2026-07-04 17:54:00,35.596103,128.392851,KR,DEV-ded3c49be8
3734,c609a246-5909-42c4-82a6-30132930ed8f,380000,MCH-fa2d4c28ac,AliExpress_CN,5399,2026-07-04 18:43:00,35.566495,128.404797,CN,DEV-ded3c49be8
3735,c609a246-5909-42c4-82a6-30132930ed8f,351000,MCH-8fff18fdd2,노션,7372,2026-07-04 21:36:00,35.58965,128.392537,KR,DEV-ded3c49be8
3736,c609a246-5909-42c4-82a6-30132930ed8f,23790,MCH-5df4849ce1,지하철,4111,2026-07-05 11:12:00,35.605923,128.399409,KR,DEV-ded3c49be8
3737,c609a246-5909-42c4-82a6-30132930ed8f,22100,MCH-c563ceac18,맥도날드,5814,2026-07-06 08:28:00,35.560975,128.432952,KR,DEV-ded3c49be8
3738,c609a246-5909-42c4-82a6-30132930ed8f,33800,MCH-493f24c455,쿠팡,5399,2026-07-06 10:32:00,35.565057,128.423383,KR,DEV-ded3c49be8
3739,c609a246-5909-42c4-82a6-30132930ed8f,117000,MCH-53b4838ce6,어도비(Adobe),5734,2026-07-06 22:57:00,35.566913,128.431431,KR,DEV-ded3c49be8
3740,c609a246-5909-42c4-82a6-30132930ed8f,234000,MCH-8fff18fdd2,노션,7372,2026-07-08 11:13:00,35.580758,128.414402,KR,DEV-ded3c49be8
3741,c609a246-5909-42c4-82a6-30132930ed8f,39000,MCH-8e35d3c146,김밥천국,5812,2026-07-09 14:25:00,35.581819,128.432783,KR,DEV-ded3c49be8
3742,c609a246-5909-42c4-82a6-30132930ed8f,16380,MCH-06553b267c,카카오택시,4121,2026-07-09 21:41:00,35.559729,128.401189,KR,DEV-ded3c49be8
3743,c609a246-5909-42c4-82a6-30132930ed8f,37700,MCH-8e35d3c146,김밥천국,5812,2026-07-11 08:03:00,35.584838,128.388624,KR,DEV-ded3c49be8
3744,c609a246-5909-42c4-82a6-30132930ed8f,78000,MCH-8fff18fdd2,노션,7372,2026-07-11 10:54:00,35.555177,128.433829,KR,DEV-ded3c49be8
3745,c609a246-5909-42c4-82a6-30132930ed8f,7150,MCH-5b1162a765,KTX,4112,2026-07-11 14:11:00,35.565662,128.4217,KR,DEV-ded3c49be8
3746,c609a246-5909-42c4-82a6-30132930ed8f,390000,MCH-53b4838ce6,어도비(Adobe),5734,2026-07-12 10:01:00,35.598121,128.391525,KR,DEV-ded3c49be8
3747,c609a246-5909-42c4-82a6-30132930ed8f,390000,MCH-53b4838ce6,어도비(Adobe),5734,2026-07-13 08:21:00,35.574492,128.42719,KR,DEV-ded3c49be8
3748,c609a246-5909-42c4-82a6-30132930ed8f,1105000,MCH-8e35d3c146,김밥천국,5812,2026-07-13 16:24:00,35.579753,128.421435,KR,DEV-ded3c49be8
3749,c609a246-5909-42c4-82a6-30132930ed8f,10400,MCH-fb4fb59d3a,스타벅스,5814,2026-07-14 15:29:00,35.555127,128.430205,KR,DEV-ded3c49be8
3750,c609a246-5909-42c4-82a6-30132930ed8f,10400,MCH-5b1162a765,KTX,4112,2026-07-15 10:20:00,35.586929,128.416133,KR,DEV-ded3c49be8
3751,c609a246-5909-42c4-82a6-30132930ed8f,15600,MCH-c563ceac18,맥도날드,5814,2026-07-15 18:05:00,35.56493,128.393563,KR,DEV-ded3c49be8
3752,c609a246-5909-42c4-82a6-30132930ed8f,260000,MCH-bed94775b8,패스트파이브,7011,2026-07-15 19:53:00,35.574081,128.414876,KR,DEV-ded3c49be8
3753,c609a246-5909-42c4-82a6-30132930ed8f,32500,MCH-8e35d3c146,김밥천국,5812,2026-07-16 08:50:00,35.585637,128.432228,KR,DEV-ded3c49be8
3754,c609a246-5909-42c4-82a6-30132930ed8f,195000,MCH-ca5e0a9e0b,AWS,7372,2026-07-16 14:23:00,35.582424,128.412906,KR,DEV-ded3c49be8
3755,c609a246-5909-42c4-82a6-30132930ed8f,12870,MCH-0d60345572,버스,4111,2026-07-16 19:29:00,35.587564,128.39521,KR,DEV-ded3c49be8
3756,c609a246-5909-42c4-82a6-30132930ed8f,300000,MCH-96930209b1,Amazon_US,5942,2026-07-17 12:20:00,35.588624,128.426864,US,DEV-ded3c49be8
3757,c609a246-5909-42c4-82a6-30132930ed8f,247000,MCH-bed94775b8,패스트파이브,7011,2026-07-18 11:29:00,35.564469,128.428709,KR,DEV-ded3c49be8
3758,c609a246-5909-42c4-82a6-30132930ed8f,130000,MCH-493f24c455,쿠팡,5399,2026-07-18 21:21:00,35.597941,128.408051,KR,DEV-ded3c49be8
3759,c609a246-5909-42c4-82a6-30132930ed8f,13130,MCH-0d60345572,버스,4111,2026-07-18 22:11:00,35.583827,128.388077,KR,DEV-ded3c49be8
3760,c609a246-5909-42c4-82a6-30132930ed8f,104000,MCH-ca5e0a9e0b,AWS,7372,2026-07-19 11:29:00,35.574073,128.416426,KR,DEV-ded3c49be8
3761,c609a246-5909-42c4-82a6-30132930ed8f,18200,MCH-ab42b36c0b,배달의민족,5812,2026-07-19 15:27:00,35.560821,128.420232,KR,DEV-ded3c49be8
3762,c609a246-5909-42c4-82a6-30132930ed8f,37700,MCH-c563ceac18,맥도날드,5814,2026-07-21 08:12:00,35.605198,128.435683,KR,DEV-ded3c49be8
3763,c609a246-5909-42c4-82a6-30132930ed8f,24570,MCH-06553b267c,카카오택시,4121,2026-07-22 10:40:00,35.605518,128.410404,KR,DEV-ded3c49be8
3764,c609a246-5909-42c4-82a6-30132930ed8f,107900,MCH-493f24c455,쿠팡,5399,2026-07-22 13:34:00,35.596479,128.412134,KR,DEV-ded3c49be8
3765,c609a246-5909-42c4-82a6-30132930ed8f,143000,MCH-bed94775b8,패스트파이브,7011,2026-07-23 12:03:00,35.59492,128.389927,KR,DEV-ded3c49be8
3766,c609a246-5909-42c4-82a6-30132930ed8f,195000,MCH-bed94775b8,패스트파이브,7011,2026-07-24 10:46:00,35.60302,128.434249,KR,DEV-ded3c49be8
3767,c609a246-5909-42c4-82a6-30132930ed8f,98800,MCH-a5c765e6ce,프리스비,5732,2026-07-24 21:10:00,35.606173,128.384909,KR,DEV-ded3c49be8
3768,c609a246-5909-42c4-82a6-30132930ed8f,53300,MCH-e7751d42a2,올리브영,5977,2026-07-24 22:46:00,35.554339,128.395293,KR,DEV-ded3c49be8
3769,c609a246-5909-42c4-82a6-30132930ed8f,76700,MCH-a5c765e6ce,프리스비,5732,2026-07-25 09:14:00,35.562939,128.404357,KR,DEV-ded3c49be8
3770,c609a246-5909-42c4-82a6-30132930ed8f,27300,MCH-ab42b36c0b,배달의민족,5812,2026-07-26 09:49:00,35.595433,128.38229,KR,DEV-ded3c49be8
3771,c609a246-5909-42c4-82a6-30132930ed8f,53300,MCH-a5c765e6ce,프리스비,5732,2026-07-26 15:09:00,35.576019,128.42095,KR,DEV-ded3c49be8
3772,c609a246-5909-42c4-82a6-30132930ed8f,44200,MCH-ba944121a3,무신사,5651,2026-07-27 09:56:00,35.57801,128.426153,KR,DEV-ded3c49be8
3773,c609a246-5909-42c4-82a6-30132930ed8f,37700,MCH-8e35d3c146,김밥천국,5812,2026-07-27 12:14:00,35.588206,128.40473,KR,DEV-ded3c49be8
3774,c609a246-5909-42c4-82a6-30132930ed8f,14560,MCH-06553b267c,카카오택시,4121,2026-07-27 21:57:00,35.603537,128.400161,KR,DEV-ded3c49be8
3775,c609a246-5909-42c4-82a6-30132930ed8f,234000,MCH-bed94775b8,패스트파이브,7011,2026-07-29 08:40:00,35.600264,128.408439,KR,DEV-ded3c49be8
3776,c609a246-5909-42c4-82a6-30132930ed8f,325000,MCH-8fff18fdd2,노션,7372,2026-07-29 16:21:00,35.595939,128.427239,KR,DEV-ded3c49be8
3777,c609a246-5909-42c4-82a6-30132930ed8f,299000,MCH-ca5e0a9e0b,AWS,7372,2026-07-30 15:14:00,35.558812,128.387175,KR,DEV-ded3c49be8
3778,c609a246-5909-42c4-82a6-30132930ed8f,286000,MCH-bed94775b8,패스트파이브,7011,2026-07-30 17:53:00,35.5903,128.387328,KR,DEV-ded3c49be8
3779,c609a246-5909-42c4-82a6-30132930ed8f,299000,MCH-53b4838ce6,어도비(Adobe),5734,2026-07-31 09:07:00,35.560147,128.427016,KR,DEV-ded3c49be8
3780,c609a246-5909-42c4-82a6-30132930ed8f,221000,MCH-bed94775b8,패스트파이브,7011,2026-07-31 19:47:00,35.567218,128.413066,KR,DEV-ded3c49be8
3781,c609a246-5909-42c4-82a6-30132930ed8f,85800,MCH-493f24c455,쿠팡,5399,2026-07-31 21:51:00,35.589298,128.405505,KR,DEV-ded3c49be8
3782,c609a246-5909-42c4-82a6-30132930ed8f,10400,MCH-ab42b36c0b,배달의민족,5812,2026-08-01 12:58:00,35.555706,128.412353,KR,DEV-ded3c49be8
3783,c609a246-5909-42c4-82a6-30132930ed8f,338000,MCH-8fff18fdd2,노션,7372,2026-08-01 13:22:00,35.555854,128.40639,KR,DEV-ded3c49be8
3784,c609a246-5909-42c4-82a6-30132930ed8f,35100,MCH-8e35d3c146,김밥천국,5812,2026-08-01 18:16:00,35.567763,128.405816,KR,DEV-ded3c49be8
3785,c609a246-5909-42c4-82a6-30132930ed8f,13520,MCH-5b1162a765,KTX,4112,2026-08-02 20:52:00,35.595985,128.411291,KR,DEV-ded3c49be8
3786,c609a246-5909-42c4-82a6-30132930ed8f,23140,MCH-5b1162a765,KTX,4112,2026-08-03 10:48:00,35.593344,128.416273,KR,DEV-ded3c49be8
3787,c609a246-5909-42c4-82a6-30132930ed8f,13910,MCH-5b1162a765,KTX,4112,2026-08-03 20:10:00,35.568627,128.419946,KR,DEV-ded3c49be8
3788,c609a246-5909-42c4-82a6-30132930ed8f,195000,MCH-ca5e0a9e0b,AWS,7372,2026-08-03 21:19:00,35.572361,128.415027,KR,DEV-ded3c49be8
3789,c609a246-5909-42c4-82a6-30132930ed8f,91000,MCH-ca5e0a9e0b,AWS,7372,2026-08-04 09:45:00,35.583415,128.40322,KR,DEV-ded3c49be8
3790,c609a246-5909-42c4-82a6-30132930ed8f,990000,MCH-489f756ae2,Steam_Global,5816,2026-08-04 20:35:00,35.564579,128.398493,CN,DEV-ded3c49be8
3791,c609a246-5909-42c4-82a6-30132930ed8f,14690,MCH-5df4849ce1,지하철,4111,2026-08-05 09:54:00,35.562199,128.400095,KR,DEV-ded3c49be8
3792,c609a246-5909-42c4-82a6-30132930ed8f,12610,MCH-06553b267c,카카오택시,4121,2026-08-05 11:28:00,35.598351,128.429678,KR,DEV-ded3c49be8
3793,c609a246-5909-42c4-82a6-30132930ed8f,260000,MCH-53b4838ce6,어도비(Adobe),5734,2026-08-05 11:53:00,35.567612,128.390087,KR,DEV-ded3c49be8
3794,c609a246-5909-42c4-82a6-30132930ed8f,18200,MCH-fb4fb59d3a,스타벅스,5814,2026-08-06 11:01:00,35.566527,128.416729,KR,DEV-ded3c49be8
3795,c609a246-5909-42c4-82a6-30132930ed8f,195000,MCH-ca5e0a9e0b,AWS,7372,2026-08-07 16:22:00,35.568566,128.40172,KR,DEV-ded3c49be8
3796,c609a246-5909-42c4-82a6-30132930ed8f,351000,MCH-8fff18fdd2,노션,7372,2026-08-07 20:23:00,35.588226,128.429741,KR,DEV-ded3c49be8
3797,c609a246-5909-42c4-82a6-30132930ed8f,49400,MCH-ba944121a3,무신사,5651,2026-08-07 21:33:00,35.576727,128.411504,KR,DEV-ded3c49be8
3798,c609a246-5909-42c4-82a6-30132930ed8f,104000,MCH-ca5e0a9e0b,AWS,7372,2026-08-08 22:50:00,35.599047,128.419677,KR,DEV-ded3c49be8
3799,c609a246-5909-42c4-82a6-30132930ed8f,17160,MCH-06553b267c,카카오택시,4121,2026-08-09 17:28:00,35.598703,128.393814,KR,DEV-ded3c49be8
3800,c609a246-5909-42c4-82a6-30132930ed8f,28600,MCH-8e35d3c146,김밥천국,5812,2026-08-09 18:03:00,35.577898,128.43323,KR,DEV-ded3c49be8
3801,c609a246-5909-42c4-82a6-30132930ed8f,35100,MCH-ab42b36c0b,배달의민족,5812,2026-08-09 19:41:00,35.559985,128.426373,KR,DEV-ded3c49be8
3802,c609a246-5909-42c4-82a6-30132930ed8f,221000,MCH-ca5e0a9e0b,AWS,7372,2026-08-10 11:42:00,35.592894,128.408238,KR,DEV-ded3c49be8
3803,c609a246-5909-42c4-82a6-30132930ed8f,29900,MCH-ab42b36c0b,배달의민족,5812,2026-08-10 12:57:00,35.562313,128.418573,KR,DEV-ded3c49be8
3804,c609a246-5909-42c4-82a6-30132930ed8f,6630,MCH-5b1162a765,KTX,4112,2026-08-10 20:34:00,35.583422,128.418176,KR,DEV-ded3c49be8
3805,c609a246-5909-42c4-82a6-30132930ed8f,13000,MCH-c563ceac18,맥도날드,5814,2026-08-11 08:41:00,35.576683,128.390422,KR,DEV-ded3c49be8
3806,c609a246-5909-42c4-82a6-30132930ed8f,377000,MCH-53b4838ce6,어도비(Adobe),5734,2026-08-11 09:39:00,35.6068,128.384571,KR,DEV-ded3c49be8
3807,c609a246-5909-42c4-82a6-30132930ed8f,22100,MCH-ab42b36c0b,배달의민족,5812,2026-08-14 11:14:00,35.577583,128.39533,KR,DEV-ded3c49be8
3808,c609a246-5909-42c4-82a6-30132930ed8f,106600,MCH-493f24c455,쿠팡,5399,2026-08-14 12:01:00,35.589305,128.386117,KR,DEV-ded3c49be8
3809,c609a246-5909-42c4-82a6-30132930ed8f,104000,MCH-ca5e0a9e0b,AWS,7372,2026-08-14 12:22:00,35.57493,128.407352,KR,DEV-ded3c49be8
3810,c609a246-5909-42c4-82a6-30132930ed8f,110000,MCH-cf62dbb6a8,게임아이템_스토어,7994,2026-08-18 12:01:00,35.597565,128.412415,KR,DEV-ded3c49be8
3811,c609a246-5909-42c4-82a6-30132930ed8f,110000,MCH-cf62dbb6a8,게임아이템_스토어,7994,2026-08-18 12:02:00,35.597565,128.412415,KR,DEV-ded3c49be8
3812,c609a246-5909-42c4-82a6-30132930ed8f,110000,MCH-cf62dbb6a8,게임아이템_스토어,7994,2026-08-18 12:03:00,35.597565,128.412415,KR,DEV-ded3c49be8
3813,c609a246-5909-42c4-82a6-30132930ed8f,286000,MCH-ca5e0a9e0b,AWS,7372,2026-08-19 11:22:00,35.60598,128.391896,KR,DEV-ded3c49be8
3814,c609a246-5909-42c4-82a6-30132930ed8f,16510,MCH-5df4849ce1,지하철,4111,2026-08-19 19:54:00,35.591249,128.390069,KR,DEV-ded3c49be8
3815,c609a246-5909-42c4-82a6-30132930ed8f,390000,MCH-53b4838ce6,어도비(Adobe),5734,2026-08-20 22:19:00,35.59834,128.405768,KR,DEV-ded3c49be8
3816,c609a246-5909-42c4-82a6-30132930ed8f,31200,MCH-c563ceac18,맥도날드,5814,2026-08-22 22:21:00,35.563368,128.387098,KR,DEV-ded3c49be8
3817,c781347d-a5e7-47fc-87ab-4f298190cdfb,126000,MCH-ca5e0a9e0b,AWS,7372,2026-05-25 08:21:00,36.118236,126.550414,KR,DEV-a1c695183e
3818,c781347d-a5e7-47fc-87ab-4f298190cdfb,25200,MCH-c563ceac18,맥도날드,5814,2026-05-25 16:13:00,36.118177,126.571794,KR,DEV-a1c695183e
3819,c781347d-a5e7-47fc-87ab-4f298190cdfb,8100,MCH-ab42b36c0b,배달의민족,5812,2026-05-25 20:46:00,36.135971,126.597423,KR,DEV-a1c695183e
3820,c781347d-a5e7-47fc-87ab-4f298190cdfb,5400,MCH-ab42b36c0b,배달의민족,5812,2026-05-26 15:41:00,36.114512,126.556672,KR,DEV-a1c695183e
3821,c781347d-a5e7-47fc-87ab-4f298190cdfb,56700,MCH-493f24c455,쿠팡,5399,2026-05-26 17:57:00,36.14584,126.601104,KR,DEV-a1c695183e
3822,c781347d-a5e7-47fc-87ab-4f298190cdfb,22500,MCH-ab42b36c0b,배달의민족,5812,2026-05-28 14:14:00,36.161506,126.566937,KR,DEV-a1c695183e
3823,c781347d-a5e7-47fc-87ab-4f298190cdfb,216000,MCH-bed94775b8,패스트파이브,7011,2026-05-28 16:05:00,36.139651,126.585828,KR,DEV-a1c695183e
3824,c781347d-a5e7-47fc-87ab-4f298190cdfb,198000,MCH-53b4838ce6,어도비(Adobe),5734,2026-05-29 12:14:00,36.145989,126.594962,KR,DEV-a1c695183e
3825,c781347d-a5e7-47fc-87ab-4f298190cdfb,135000,MCH-8fff18fdd2,노션,7372,2026-05-29 15:25:00,36.150674,126.549615,KR,DEV-a1c695183e
3826,c781347d-a5e7-47fc-87ab-4f298190cdfb,6750,MCH-0d60345572,버스,4111,2026-05-29 16:17:00,36.113155,126.584456,KR,DEV-a1c695183e
3827,c781347d-a5e7-47fc-87ab-4f298190cdfb,162000,MCH-ca5e0a9e0b,AWS,7372,2026-05-30 11:36:00,36.116908,126.568126,KR,DEV-a1c695183e
3828,c781347d-a5e7-47fc-87ab-4f298190cdfb,6030,MCH-5df4849ce1,지하철,4111,2026-05-30 18:08:00,36.164623,126.596641,KR,DEV-a1c695183e
3829,c781347d-a5e7-47fc-87ab-4f298190cdfb,16200,MCH-c563ceac18,맥도날드,5814,2026-05-30 22:49:00,36.149138,126.558402,KR,DEV-a1c695183e
3830,c781347d-a5e7-47fc-87ab-4f298190cdfb,8100,MCH-ab42b36c0b,배달의민족,5812,2026-05-31 19:01:00,36.142288,126.598742,KR,DEV-a1c695183e
3831,c781347d-a5e7-47fc-87ab-4f298190cdfb,4410,MCH-5b1162a765,KTX,4112,2026-06-01 16:54:00,36.124712,126.584622,KR,DEV-a1c695183e
3832,c781347d-a5e7-47fc-87ab-4f298190cdfb,82800,MCH-e7751d42a2,올리브영,5977,2026-06-01 17:39:00,36.122148,126.588679,KR,DEV-a1c695183e
3833,c781347d-a5e7-47fc-87ab-4f298190cdfb,81000,MCH-8fff18fdd2,노션,7372,2026-06-01 20:12:00,36.128559,126.587769,KR,DEV-a1c695183e
3834,c781347d-a5e7-47fc-87ab-4f298190cdfb,26100,MCH-c563ceac18,맥도날드,5814,2026-06-02 11:04:00,36.162185,126.598828,KR,DEV-a1c695183e
3835,c781347d-a5e7-47fc-87ab-4f298190cdfb,5400,MCH-c563ceac18,맥도날드,5814,2026-06-02 14:48:00,36.133106,126.573079,KR,DEV-a1c695183e
3836,c781347d-a5e7-47fc-87ab-4f298190cdfb,25200,MCH-8e35d3c146,김밥천국,5812,2026-06-03 08:35:00,36.159609,126.594914,KR,DEV-a1c695183e
3837,c781347d-a5e7-47fc-87ab-4f298190cdfb,13320,MCH-06553b267c,카카오택시,4121,2026-06-03 09:28:00,36.15191,126.568027,KR,DEV-a1c695183e
3838,c781347d-a5e7-47fc-87ab-4f298190cdfb,11160,MCH-5df4849ce1,지하철,4111,2026-06-03 14:49:00,36.138645,126.565028,KR,DEV-a1c695183e
3839,c781347d-a5e7-47fc-87ab-4f298190cdfb,58500,MCH-a5c765e6ce,프리스비,5732,2026-06-05 14:20:00,36.154256,126.59816,KR,DEV-a1c695183e
3840,c781347d-a5e7-47fc-87ab-4f298190cdfb,8100,MCH-5b1162a765,KTX,4112,2026-06-05 17:58:00,36.128624,126.592202,KR,DEV-a1c695183e
3841,c781347d-a5e7-47fc-87ab-4f298190cdfb,63000,MCH-bed94775b8,패스트파이브,7011,2026-06-05 19:32:00,36.140106,126.555155,KR,DEV-a1c695183e
3842,c781347d-a5e7-47fc-87ab-4f298190cdfb,117000,MCH-53b4838ce6,어도비(Adobe),5734,2026-06-06 13:44:00,36.160628,126.595887,KR,DEV-a1c695183e
3843,c781347d-a5e7-47fc-87ab-4f298190cdfb,3240,MCH-0d60345572,버스,4111,2026-06-07 16:45:00,36.11884,126.553637,KR,DEV-a1c695183e
3844,c781347d-a5e7-47fc-87ab-4f298190cdfb,90000,MCH-ca5e0a9e0b,AWS,7372,2026-06-08 21:09:00,36.132735,126.588994,KR,DEV-a1c695183e
3845,c781347d-a5e7-47fc-87ab-4f298190cdfb,9900,MCH-c563ceac18,맥도날드,5814,2026-06-10 08:39:00,36.164106,126.563076,KR,DEV-a1c695183e
3846,c781347d-a5e7-47fc-87ab-4f298190cdfb,15300,MCH-06553b267c,카카오택시,4121,2026-06-10 22:31:00,36.112822,126.574365,KR,DEV-a1c695183e
3847,c781347d-a5e7-47fc-87ab-4f298190cdfb,18900,MCH-06553b267c,카카오택시,4121,2026-06-11 09:26:00,37.683085,126.903338,KR,DEV-a1c695183e
3848,c781347d-a5e7-47fc-87ab-4f298190cdfb,5400,MCH-ab42b36c0b,배달의민족,5812,2026-06-11 10:54:00,36.123386,126.557457,KR,DEV-a1c695183e
3849,c781347d-a5e7-47fc-87ab-4f298190cdfb,21600,MCH-ab42b36c0b,배달의민족,5812,2026-06-11 18:35:00,36.136047,126.579964,KR,DEV-a1c695183e
3850,c781347d-a5e7-47fc-87ab-4f298190cdfb,13500,MCH-ab42b36c0b,배달의민족,5812,2026-06-12 13:57:00,36.152667,126.566936,KR,DEV-a1c695183e
3851,c781347d-a5e7-47fc-87ab-4f298190cdfb,17370,MCH-5df4849ce1,지하철,4111,2026-06-15 11:39:00,36.158616,126.565261,KR,DEV-a1c695183e
3852,c781347d-a5e7-47fc-87ab-4f298190cdfb,243000,MCH-ca5e0a9e0b,AWS,7372,2026-06-17 12:12:00,36.151577,126.574371,KR,DEV-a1c695183e
3853,c781347d-a5e7-47fc-87ab-4f298190cdfb,50000,MCH-cf62dbb6a8,게임아이템_스토어,7994,2026-06-17 15:40:00,36.155229,126.587329,KR,DEV-a1c695183e
3854,c781347d-a5e7-47fc-87ab-4f298190cdfb,50000,MCH-cf62dbb6a8,게임아이템_스토어,7994,2026-06-17 15:41:00,36.155229,126.587329,KR,DEV-a1c695183e
3855,c781347d-a5e7-47fc-87ab-4f298190cdfb,50000,MCH-cf62dbb6a8,게임아이템_스토어,7994,2026-06-17 15:42:00,36.155229,126.587329,KR,DEV-a1c695183e
3856,c781347d-a5e7-47fc-87ab-4f298190cdfb,27900,MCH-e7751d42a2,올리브영,5977,2026-06-17 17:36:00,36.157989,126.561502,KR,DEV-a1c695183e
3857,c781347d-a5e7-47fc-87ab-4f298190cdfb,1530,MCH-5df4849ce1,지하철,4111,2026-06-18 18:12:00,36.166161,126.569847,KR,DEV-a1c695183e
3858,c781347d-a5e7-47fc-87ab-4f298190cdfb,9900,MCH-c563ceac18,맥도날드,5814,2026-06-19 13:53:00,36.151319,126.580763,KR,DEV-a1c695183e
3859,c781347d-a5e7-47fc-87ab-4f298190cdfb,3960,MCH-06553b267c,카카오택시,4121,2026-06-19 18:21:00,36.128798,126.574855,KR,DEV-a1c695183e
3860,c781347d-a5e7-47fc-87ab-4f298190cdfb,20700,MCH-e7751d42a2,올리브영,5977,2026-06-20 10:17:00,36.141129,126.558723,KR,DEV-a1c695183e
3861,c781347d-a5e7-47fc-87ab-4f298190cdfb,20700,MCH-ab42b36c0b,배달의민족,5812,2026-06-20 19:43:00,36.156171,126.597617,KR,DEV-a1c695183e
3862,c781347d-a5e7-47fc-87ab-4f298190cdfb,13680,MCH-5b1162a765,KTX,4112,2026-06-20 22:21:00,36.155257,126.582366,KR,DEV-a1c695183e
3863,c781347d-a5e7-47fc-87ab-4f298190cdfb,7560,MCH-06553b267c,카카오택시,4121,2026-06-21 14:05:00,36.152786,126.585588,KR,DEV-a1c695183e
3864,c781347d-a5e7-47fc-87ab-4f298190cdfb,34200,MCH-ba944121a3,무신사,5651,2026-06-21 17:07:00,36.146027,126.593001,KR,DEV-a1c695183e
3865,c781347d-a5e7-47fc-87ab-4f298190cdfb,3870,MCH-5df4849ce1,지하철,4111,2026-06-22 13:50:00,36.156998,126.563824,KR,DEV-a1c695183e
3866,c781347d-a5e7-47fc-87ab-4f298190cdfb,5670,MCH-5df4849ce1,지하철,4111,2026-06-23 13:59:00,36.13615,126.548814,KR,DEV-a1c695183e
3867,c781347d-a5e7-47fc-87ab-4f298190cdfb,99000,MCH-ca5e0a9e0b,AWS,7372,2026-06-24 19:02:00,36.119908,126.59459,KR,DEV-a1c695183e
3868,c781347d-a5e7-47fc-87ab-4f298190cdfb,23400,MCH-fb4fb59d3a,스타벅스,5814,2026-06-24 21:38:00,36.150739,126.575701,KR,DEV-a1c695183e
3869,c781347d-a5e7-47fc-87ab-4f298190cdfb,19800,MCH-ab42b36c0b,배달의민족,5812,2026-06-25 13:49:00,36.160386,126.564811,KR,DEV-a1c695183e
3870,c781347d-a5e7-47fc-87ab-4f298190cdfb,15300,MCH-e7751d42a2,올리브영,5977,2026-06-25 17:48:00,36.114656,126.575605,KR,DEV-a1c695183e
3871,c781347d-a5e7-47fc-87ab-4f298190cdfb,13770,MCH-5df4849ce1,지하철,4111,2026-06-27 13:35:00,36.112987,126.581139,KR,DEV-a1c695183e
3872,c781347d-a5e7-47fc-87ab-4f298190cdfb,21600,MCH-ab42b36c0b,배달의민족,5812,2026-06-28 22:21:00,36.155622,126.578497,KR,DEV-a1c695183e
3873,c781347d-a5e7-47fc-87ab-4f298190cdfb,20700,MCH-8e35d3c146,김밥천국,5812,2026-06-30 10:05:00,36.153157,126.591212,KR,DEV-a1c695183e
3874,c781347d-a5e7-47fc-87ab-4f298190cdfb,8460,MCH-0d60345572,버스,4111,2026-06-30 13:52:00,36.146187,126.58477,KR,DEV-a1c695183e
3875,c781347d-a5e7-47fc-87ab-4f298190cdfb,9000,MCH-8e35d3c146,김밥천국,5812,2026-06-30 19:38:00,36.114889,126.568201,KR,DEV-a1c695183e
3876,c781347d-a5e7-47fc-87ab-4f298190cdfb,39600,MCH-ba944121a3,무신사,5651,2026-07-01 11:09:00,36.12894,126.582299,KR,DEV-a1c695183e
3877,c781347d-a5e7-47fc-87ab-4f298190cdfb,8820,MCH-0d60345572,버스,4111,2026-07-01 15:31:00,36.14551,126.59681,KR,DEV-a1c695183e
3878,c781347d-a5e7-47fc-87ab-4f298190cdfb,45900,MCH-5df4849ce1,지하철,4111,2026-07-01 20:22:00,36.631989,126.818485,KR,DEV-a1c695183e
3879,c781347d-a5e7-47fc-87ab-4f298190cdfb,10170,MCH-5b1162a765,KTX,4112,2026-07-04 09:21:00,36.13451,126.581027,KR,DEV-a1c695183e
3880,c781347d-a5e7-47fc-87ab-4f298190cdfb,26100,MCH-ba944121a3,무신사,5651,2026-07-04 17:38:00,36.148357,126.587432,KR,DEV-a1c695183e
3881,c781347d-a5e7-47fc-87ab-4f298190cdfb,198000,MCH-8fff18fdd2,노션,7372,2026-07-04 19:15:00,36.149679,126.570771,KR,DEV-a1c695183e
3882,c781347d-a5e7-47fc-87ab-4f298190cdfb,50400,MCH-ba944121a3,무신사,5651,2026-07-06 15:41:00,36.134097,126.579804,KR,DEV-a1c695183e
3883,c781347d-a5e7-47fc-87ab-4f298190cdfb,23400,MCH-c563ceac18,맥도날드,5814,2026-07-08 10:28:00,36.160987,126.581852,KR,DEV-a1c695183e
3884,c781347d-a5e7-47fc-87ab-4f298190cdfb,23400,MCH-e7751d42a2,올리브영,5977,2026-07-09 17:00:00,36.161811,126.598097,KR,DEV-a1c695183e
3885,c781347d-a5e7-47fc-87ab-4f298190cdfb,207000,MCH-8fff18fdd2,노션,7372,2026-07-09 20:58:00,36.136333,126.558583,KR,DEV-a1c695183e
3886,c781347d-a5e7-47fc-87ab-4f298190cdfb,144000,MCH-53b4838ce6,어도비(Adobe),5734,2026-07-09 22:35:00,36.139752,126.593284,KR,DEV-a1c695183e
3887,c781347d-a5e7-47fc-87ab-4f298190cdfb,28800,MCH-ba944121a3,무신사,5651,2026-07-11 11:35:00,36.132787,126.576932,KR,DEV-a1c695183e
3888,c781347d-a5e7-47fc-87ab-4f298190cdfb,15750,MCH-5b1162a765,KTX,4112,2026-07-11 13:45:00,36.127417,126.549152,KR,DEV-a1c695183e
3889,c781347d-a5e7-47fc-87ab-4f298190cdfb,270000,MCH-fa2d4c28ac,AliExpress_CN,5399,2026-07-12 02:08:00,36.151153,126.573774,UK,DEV-a1c695183e
3890,c781347d-a5e7-47fc-87ab-4f298190cdfb,14400,MCH-a5c765e6ce,프리스비,5732,2026-07-12 09:41:00,36.120501,126.601383,KR,DEV-a1c695183e
3891,c781347d-a5e7-47fc-87ab-4f298190cdfb,54000,MCH-8fff18fdd2,노션,7372,2026-07-13 08:36:00,36.150655,126.56202,KR,DEV-a1c695183e
3892,c781347d-a5e7-47fc-87ab-4f298190cdfb,72000,MCH-ba944121a3,무신사,5651,2026-07-13 14:35:00,36.149751,126.597753,KR,DEV-a1c695183e
3893,c781347d-a5e7-47fc-87ab-4f298190cdfb,14580,MCH-06553b267c,카카오택시,4121,2026-07-13 15:54:00,36.132957,126.559668,KR,DEV-a1c695183e
3894,c781347d-a5e7-47fc-87ab-4f298190cdfb,17100,MCH-ab42b36c0b,배달의민족,5812,2026-07-14 16:05:00,36.138191,126.58479,KR,DEV-a1c695183e
3895,c781347d-a5e7-47fc-87ab-4f298190cdfb,86400,MCH-493f24c455,쿠팡,5399,2026-07-14 16:51:00,36.145139,126.560722,KR,DEV-a1c695183e
3896,c781347d-a5e7-47fc-87ab-4f298190cdfb,126000,MCH-8fff18fdd2,노션,7372,2026-07-17 10:02:00,36.130082,126.566542,KR,DEV-a1c695183e
3897,c781347d-a5e7-47fc-87ab-4f298190cdfb,12600,MCH-fb4fb59d3a,스타벅스,5814,2026-07-17 15:05:00,36.143127,126.582943,KR,DEV-a1c695183e
3898,c781347d-a5e7-47fc-87ab-4f298190cdfb,19800,MCH-e7751d42a2,올리브영,5977,2026-07-17 18:30:00,36.144467,126.563902,KR,DEV-a1c695183e
3899,c781347d-a5e7-47fc-87ab-4f298190cdfb,21600,MCH-fb4fb59d3a,스타벅스,5814,2026-07-19 10:58:00,36.145448,126.562343,KR,DEV-a1c695183e
3900,c781347d-a5e7-47fc-87ab-4f298190cdfb,270000,MCH-8fff18fdd2,노션,7372,2026-07-19 19:15:00,36.120331,126.571609,KR,DEV-a1c695183e
3901,c781347d-a5e7-47fc-87ab-4f298190cdfb,18000,MCH-5b1162a765,KTX,4112,2026-07-22 18:10:00,36.152852,126.569787,KR,DEV-a1c695183e
3902,c781347d-a5e7-47fc-87ab-4f298190cdfb,18000,MCH-8e35d3c146,김밥천국,5812,2026-07-23 12:09:00,36.163419,126.597329,KR,DEV-a1c695183e
3903,c781347d-a5e7-47fc-87ab-4f298190cdfb,15300,MCH-8e35d3c146,김밥천국,5812,2026-07-23 15:19:00,36.126454,126.591765,KR,DEV-a1c695183e
3904,c781347d-a5e7-47fc-87ab-4f298190cdfb,135000,MCH-8fff18fdd2,노션,7372,2026-07-24 12:17:00,36.140881,126.566592,KR,DEV-a1c695183e
3905,c781347d-a5e7-47fc-87ab-4f298190cdfb,500000,MCH-489f756ae2,Steam_Global,5816,2026-07-24 16:43:00,36.162282,126.571727,US,DEV-a1c695183e
3906,c781347d-a5e7-47fc-87ab-4f298190cdfb,16830,MCH-5df4849ce1,지하철,4111,2026-07-24 17:49:00,36.125964,126.579043,KR,DEV-a1c695183e
3907,c781347d-a5e7-47fc-87ab-4f298190cdfb,6300,MCH-fb4fb59d3a,스타벅스,5814,2026-07-25 08:26:00,36.165849,126.564399,KR,DEV-a1c695183e
3908,c781347d-a5e7-47fc-87ab-4f298190cdfb,11700,MCH-ab42b36c0b,배달의민족,5812,2026-07-25 11:02:00,36.117779,126.571571,KR,DEV-a1c695183e
3909,c781347d-a5e7-47fc-87ab-4f298190cdfb,15300,MCH-c563ceac18,맥도날드,5814,2026-07-27 18:48:00,36.146653,126.58574,KR,DEV-a1c695183e
3910,c781347d-a5e7-47fc-87ab-4f298190cdfb,16020,MCH-06553b267c,카카오택시,4121,2026-07-28 15:59:00,36.149765,126.56116,KR,DEV-a1c695183e
3911,c781347d-a5e7-47fc-87ab-4f298190cdfb,7200,MCH-8e35d3c146,김밥천국,5812,2026-07-29 10:34:00,36.162356,126.580455,KR,DEV-a1c695183e
3912,c781347d-a5e7-47fc-87ab-4f298190cdfb,90000,MCH-8fff18fdd2,노션,7372,2026-07-29 15:04:00,36.130143,126.550712,KR,DEV-a1c695183e
3913,c781347d-a5e7-47fc-87ab-4f298190cdfb,11700,MCH-fb4fb59d3a,스타벅스,5814,2026-07-29 20:03:00,36.148247,126.589094,KR,DEV-a1c695183e
3914,c781347d-a5e7-47fc-87ab-4f298190cdfb,6300,MCH-fb4fb59d3a,스타벅스,5814,2026-07-30 09:36:00,36.117905,126.571335,KR,DEV-a1c695183e
3915,c781347d-a5e7-47fc-87ab-4f298190cdfb,18000,MCH-8e35d3c146,김밥천국,5812,2026-07-31 14:25:00,36.129991,126.568619,KR,DEV-a1c695183e
3916,c781347d-a5e7-47fc-87ab-4f298190cdfb,10170,MCH-06553b267c,카카오택시,4121,2026-07-31 19:52:00,36.154375,126.589919,KR,DEV-a1c695183e
3917,c781347d-a5e7-47fc-87ab-4f298190cdfb,140000,MCH-96930209b1,Amazon_US,5942,2026-07-31 21:24:00,36.139065,126.582756,CN,DEV-a1c695183e
3918,c781347d-a5e7-47fc-87ab-4f298190cdfb,33300,MCH-a5c765e6ce,프리스비,5732,2026-08-02 16:02:00,36.116511,126.572311,KR,DEV-a1c695183e
3919,c781347d-a5e7-47fc-87ab-4f298190cdfb,144000,MCH-53b4838ce6,어도비(Adobe),5734,2026-08-02 16:54:00,36.128531,126.550449,KR,DEV-a1c695183e
3920,c781347d-a5e7-47fc-87ab-4f298190cdfb,22500,MCH-ba944121a3,무신사,5651,2026-08-03 22:40:00,36.133249,126.553237,KR,DEV-a1c695183e
3921,c781347d-a5e7-47fc-87ab-4f298190cdfb,57600,MCH-ba944121a3,무신사,5651,2026-08-04 09:50:00,36.122599,126.586371,KR,DEV-a1c695183e
3922,c781347d-a5e7-47fc-87ab-4f298190cdfb,54000,MCH-53b4838ce6,어도비(Adobe),5734,2026-08-05 13:03:00,36.164322,126.591346,KR,DEV-a1c695183e
3923,c781347d-a5e7-47fc-87ab-4f298190cdfb,23400,MCH-8e35d3c146,김밥천국,5812,2026-08-05 21:55:00,36.151136,126.569385,KR,DEV-a1c695183e
3924,c781347d-a5e7-47fc-87ab-4f298190cdfb,84600,MCH-ba944121a3,무신사,5651,2026-08-06 08:15:00,36.114155,126.55512,KR,DEV-a1c695183e
3925,c781347d-a5e7-47fc-87ab-4f298190cdfb,680000,MCH-96930209b1,Amazon_US,5942,2026-08-07 19:10:00,36.14636,126.596367,UK,DEV-a1c695183e
3926,c781347d-a5e7-47fc-87ab-4f298190cdfb,135000,MCH-bed94775b8,패스트파이브,7011,2026-08-09 09:43:00,36.123116,126.565701,KR,DEV-a1c695183e
3927,c781347d-a5e7-47fc-87ab-4f298190cdfb,13500,MCH-c563ceac18,맥도날드,5814,2026-08-10 09:07:00,36.164308,126.558992,KR,DEV-a1c695183e
3928,c781347d-a5e7-47fc-87ab-4f298190cdfb,6300,MCH-8e35d3c146,김밥천국,5812,2026-08-11 08:00:00,36.145267,126.589502,KR,DEV-a1c695183e
3929,c781347d-a5e7-47fc-87ab-4f298190cdfb,8100,MCH-fb4fb59d3a,스타벅스,5814,2026-08-11 09:50:00,36.132158,126.556385,KR,DEV-a1c695183e
3930,c781347d-a5e7-47fc-87ab-4f298190cdfb,243000,MCH-bed94775b8,패스트파이브,7011,2026-08-11 20:50:00,36.11698,126.582696,KR,DEV-a1c695183e
3931,c781347d-a5e7-47fc-87ab-4f298190cdfb,15390,MCH-5df4849ce1,지하철,4111,2026-08-12 19:02:00,36.146747,126.575741,KR,DEV-a1c695183e
3932,c781347d-a5e7-47fc-87ab-4f298190cdfb,70200,MCH-ba944121a3,무신사,5651,2026-08-13 10:10:00,36.127104,126.557937,KR,DEV-a1c695183e
3933,c781347d-a5e7-47fc-87ab-4f298190cdfb,1440,MCH-5b1162a765,KTX,4112,2026-08-13 16:15:00,36.11692,126.592141,KR,DEV-a1c695183e
3934,c781347d-a5e7-47fc-87ab-4f298190cdfb,66600,MCH-a5c765e6ce,프리스비,5732,2026-08-13 20:40:00,36.165492,126.600266,KR,DEV-a1c695183e
3935,c781347d-a5e7-47fc-87ab-4f298190cdfb,54000,MCH-bed94775b8,패스트파이브,7011,2026-08-15 09:47:00,36.135658,126.565536,KR,DEV-a1c695183e
3936,c781347d-a5e7-47fc-87ab-4f298190cdfb,6300,MCH-fb4fb59d3a,스타벅스,5814,2026-08-15 22:15:00,36.141208,126.556009,KR,DEV-a1c695183e
3937,c781347d-a5e7-47fc-87ab-4f298190cdfb,13500,MCH-fb4fb59d3a,스타벅스,5814,2026-08-16 11:06:00,36.152545,126.596027,KR,DEV-a1c695183e
3938,c781347d-a5e7-47fc-87ab-4f298190cdfb,180000,MCH-53b4838ce6,어도비(Adobe),5734,2026-08-16 17:31:00,36.134464,126.558274,KR,DEV-a1c695183e
3939,c781347d-a5e7-47fc-87ab-4f298190cdfb,11700,MCH-fb4fb59d3a,스타벅스,5814,2026-08-17 10:07:00,36.164895,126.558396,KR,DEV-a1c695183e
3940,c781347d-a5e7-47fc-87ab-4f298190cdfb,15210,MCH-0d60345572,버스,4111,2026-08-17 10:50:00,36.13695,126.55672,KR,DEV-a1c695183e
3941,c781347d-a5e7-47fc-87ab-4f298190cdfb,11880,MCH-5df4849ce1,지하철,4111,2026-08-17 19:12:00,36.162318,126.57206,KR,DEV-a1c695183e
3942,c781347d-a5e7-47fc-87ab-4f298190cdfb,6300,MCH-5b1162a765,KTX,4112,2026-08-18 17:30:00,36.142041,126.559882,KR,DEV-a1c695183e
3943,c781347d-a5e7-47fc-87ab-4f298190cdfb,61200,MCH-493f24c455,쿠팡,5399,2026-08-19 08:02:00,36.14415,126.555518,KR,DEV-a1c695183e
3944,c781347d-a5e7-47fc-87ab-4f298190cdfb,510000,MCH-96930209b1,Amazon_US,5942,2026-08-19 13:37:00,36.135303,126.594633,US,DEV-a1c695183e
3945,c781347d-a5e7-47fc-87ab-4f298190cdfb,550000,MCH-96930209b1,Amazon_US,5942,2026-08-21 09:15:00,36.151718,126.598814,UK,DEV-a1c695183e
3946,c781347d-a5e7-47fc-87ab-4f298190cdfb,3240,MCH-5df4849ce1,지하철,4111,2026-08-21 16:48:00,36.155298,126.59186,KR,DEV-a1c695183e
3947,c781347d-a5e7-47fc-87ab-4f298190cdfb,20700,MCH-8e35d3c146,김밥천국,5812,2026-08-21 19:37:00,36.113023,126.58363,KR,DEV-a1c695183e
3948,c781347d-a5e7-47fc-87ab-4f298190cdfb,189000,MCH-8fff18fdd2,노션,7372,2026-08-22 08:18:00,36.158669,126.551288,KR,DEV-a1c695183e
3949,c781347d-a5e7-47fc-87ab-4f298190cdfb,17100,MCH-5df4849ce1,지하철,4111,2026-08-22 09:39:00,36.126745,126.598606,KR,DEV-a1c695183e
3950,c781347d-a5e7-47fc-87ab-4f298190cdfb,22500,MCH-ab42b36c0b,배달의민족,5812,2026-08-22 15:45:00,36.119655,126.585473,KR,DEV-a1c695183e
3951,c7f02119-a1fb-4d6e-aa96-2357cdc25995,91000,MCH-53b4838ce6,어도비(Adobe),5734,2026-05-25 15:45:00,36.904516,126.612315,KR,DEV-15c06cb09d
3952,c7f02119-a1fb-4d6e-aa96-2357cdc25995,25870,MCH-5b1162a765,KTX,4112,2026-05-26 14:58:00,36.882474,126.590351,KR,DEV-15c06cb09d
3953,c7f02119-a1fb-4d6e-aa96-2357cdc25995,169000,MCH-ca5e0a9e0b,AWS,7372,2026-05-27 08:24:00,36.908955,126.632529,KR,DEV-15c06cb09d
3954,c7f02119-a1fb-4d6e-aa96-2357cdc25995,390000,MCH-ca5e0a9e0b,AWS,7372,2026-05-27 18:30:00,36.904594,126.616551,KR,DEV-15c06cb09d
3955,c7f02119-a1fb-4d6e-aa96-2357cdc25995,72800,MCH-ba944121a3,무신사,5651,2026-05-27 21:16:00,36.927125,126.632491,KR,DEV-15c06cb09d
3956,c7f02119-a1fb-4d6e-aa96-2357cdc25995,156000,MCH-ca5e0a9e0b,AWS,7372,2026-05-28 15:15:00,36.896625,126.616387,KR,DEV-15c06cb09d
3957,c7f02119-a1fb-4d6e-aa96-2357cdc25995,21320,MCH-06553b267c,카카오택시,4121,2026-05-28 20:44:00,36.925649,126.597257,KR,DEV-15c06cb09d
3958,c7f02119-a1fb-4d6e-aa96-2357cdc25995,9100,MCH-fb4fb59d3a,스타벅스,5814,2026-05-29 08:07:00,36.926154,126.630476,KR,DEV-15c06cb09d
3959,c7f02119-a1fb-4d6e-aa96-2357cdc25995,78000,MCH-bed94775b8,패스트파이브,7011,2026-05-29 21:52:00,36.911512,126.635688,KR,DEV-15c06cb09d
3960,c7f02119-a1fb-4d6e-aa96-2357cdc25995,390000,MCH-bed94775b8,패스트파이브,7011,2026-05-29 22:47:00,36.927534,126.589802,KR,DEV-15c06cb09d
3961,c7f02119-a1fb-4d6e-aa96-2357cdc25995,351000,MCH-8fff18fdd2,노션,7372,2026-05-31 13:11:00,36.894372,126.619305,KR,DEV-15c06cb09d
3962,c7f02119-a1fb-4d6e-aa96-2357cdc25995,156000,MCH-ca5e0a9e0b,AWS,7372,2026-06-02 16:29:00,36.924253,126.638634,KR,DEV-15c06cb09d
3963,c7f02119-a1fb-4d6e-aa96-2357cdc25995,351000,MCH-53b4838ce6,어도비(Adobe),5734,2026-06-04 16:52:00,36.927107,126.636657,KR,DEV-15c06cb09d
3964,c7f02119-a1fb-4d6e-aa96-2357cdc25995,299000,MCH-8fff18fdd2,노션,7372,2026-06-04 22:41:00,36.881424,126.597055,KR,DEV-15c06cb09d
3965,c7f02119-a1fb-4d6e-aa96-2357cdc25995,27300,MCH-8e35d3c146,김밥천국,5812,2026-06-05 17:37:00,36.899253,126.636444,KR,DEV-15c06cb09d
3966,c7f02119-a1fb-4d6e-aa96-2357cdc25995,208000,MCH-53b4838ce6,어도비(Adobe),5734,2026-06-05 17:43:00,36.875952,126.612649,KR,DEV-15c06cb09d
3967,c7f02119-a1fb-4d6e-aa96-2357cdc25995,260000,MCH-bed94775b8,패스트파이브,7011,2026-06-06 12:39:00,36.916727,126.604465,KR,DEV-15c06cb09d
3968,c7f02119-a1fb-4d6e-aa96-2357cdc25995,312000,MCH-ca5e0a9e0b,AWS,7372,2026-06-06 19:20:00,36.885136,126.610623,KR,DEV-15c06cb09d
3969,c7f02119-a1fb-4d6e-aa96-2357cdc25995,200000,MCH-489f756ae2,Steam_Global,5816,2026-06-07 04:51:00,36.879671,126.609121,UK,DEV-15c06cb09d
3970,c7f02119-a1fb-4d6e-aa96-2357cdc25995,208000,MCH-ca5e0a9e0b,AWS,7372,2026-06-07 17:09:00,36.925116,126.613165,KR,DEV-15c06cb09d
3971,c7f02119-a1fb-4d6e-aa96-2357cdc25995,19500,MCH-ab42b36c0b,배달의민족,5812,2026-06-08 20:42:00,36.916863,126.599338,KR,DEV-15c06cb09d
3972,c7f02119-a1fb-4d6e-aa96-2357cdc25995,12610,MCH-06553b267c,카카오택시,4121,2026-06-08 22:55:00,36.925449,126.595691,KR,DEV-15c06cb09d
3973,c7f02119-a1fb-4d6e-aa96-2357cdc25995,50700,MCH-493f24c455,쿠팡,5399,2026-06-09 11:46:00,36.903121,126.622469,KR,DEV-15c06cb09d
3974,c7f02119-a1fb-4d6e-aa96-2357cdc25995,9100,MCH-8e35d3c146,김밥천국,5812,2026-06-09 13:42:00,36.911213,126.639099,KR,DEV-15c06cb09d
3975,c7f02119-a1fb-4d6e-aa96-2357cdc25995,130000,MCH-bed94775b8,패스트파이브,7011,2026-06-09 21:39:00,36.888526,126.623662,KR,DEV-15c06cb09d
3976,c7f02119-a1fb-4d6e-aa96-2357cdc25995,10400,MCH-c563ceac18,맥도날드,5814,2026-06-11 21:11:00,36.883805,126.6318,KR,DEV-15c06cb09d
3977,c7f02119-a1fb-4d6e-aa96-2357cdc25995,28600,MCH-ab42b36c0b,배달의민족,5812,2026-06-12 10:55:00,36.902958,126.636815,KR,DEV-15c06cb09d
3978,c7f02119-a1fb-4d6e-aa96-2357cdc25995,36400,MCH-493f24c455,쿠팡,5399,2026-06-12 20:37:00,36.897866,126.614534,KR,DEV-15c06cb09d
3979,c7f02119-a1fb-4d6e-aa96-2357cdc25995,338000,MCH-ca5e0a9e0b,AWS,7372,2026-06-13 08:02:00,36.904357,126.608586,KR,DEV-15c06cb09d
3980,c7f02119-a1fb-4d6e-aa96-2357cdc25995,247000,MCH-bed94775b8,패스트파이브,7011,2026-06-13 18:33:00,36.88492,126.6377,KR,DEV-15c06cb09d
3981,c7f02119-a1fb-4d6e-aa96-2357cdc25995,33800,MCH-ab42b36c0b,배달의민족,5812,2026-06-14 10:07:00,36.881736,126.611066,KR,DEV-15c06cb09d
3982,c7f02119-a1fb-4d6e-aa96-2357cdc25995,221000,MCH-8fff18fdd2,노션,7372,2026-06-14 19:19:00,36.91726,126.639413,KR,DEV-15c06cb09d
3983,c7f02119-a1fb-4d6e-aa96-2357cdc25995,7800,MCH-fb4fb59d3a,스타벅스,5814,2026-06-15 12:10:00,36.884995,126.597983,KR,DEV-15c06cb09d
3984,c7f02119-a1fb-4d6e-aa96-2357cdc25995,11700,MCH-8e35d3c146,김밥천국,5812,2026-06-15 21:48:00,36.921905,126.634336,KR,DEV-15c06cb09d
3985,c7f02119-a1fb-4d6e-aa96-2357cdc25995,27300,MCH-8e35d3c146,김밥천국,5812,2026-06-15 22:56:00,36.904068,126.630552,KR,DEV-15c06cb09d
3986,c7f02119-a1fb-4d6e-aa96-2357cdc25995,37700,MCH-a5c765e6ce,프리스비,5732,2026-06-16 19:35:00,36.903795,126.62276,KR,DEV-15c06cb09d
3987,c7f02119-a1fb-4d6e-aa96-2357cdc25995,120000,MCH-fa2d4c28ac,AliExpress_CN,5399,2026-06-16 23:44:00,36.887173,126.610885,UK,DEV-15c06cb09d
3988,c7f02119-a1fb-4d6e-aa96-2357cdc25995,2380000,MCH-cac2f457b6,금은방_귀금속,5944,2026-06-18 03:56:00,36.909469,126.60519,KR,DEV-15c06cb09d
3989,c7f02119-a1fb-4d6e-aa96-2357cdc25995,14300,MCH-8e35d3c146,김밥천국,5812,2026-06-18 21:06:00,36.915749,126.616682,KR,DEV-15c06cb09d
3990,c7f02119-a1fb-4d6e-aa96-2357cdc25995,390000,MCH-bed94775b8,패스트파이브,7011,2026-06-19 17:10:00,36.87542,126.606738,KR,DEV-15c06cb09d
3991,c7f02119-a1fb-4d6e-aa96-2357cdc25995,156000,MCH-ca5e0a9e0b,AWS,7372,2026-06-21 10:54:00,36.898679,126.632001,KR,DEV-15c06cb09d
3992,c7f02119-a1fb-4d6e-aa96-2357cdc25995,53300,MCH-ba944121a3,무신사,5651,2026-06-21 11:52:00,36.9234,126.63521,KR,DEV-15c06cb09d
3993,c7f02119-a1fb-4d6e-aa96-2357cdc25995,22880,MCH-06553b267c,카카오택시,4121,2026-06-21 16:58:00,36.923973,126.592037,KR,DEV-15c06cb09d
3994,c7f02119-a1fb-4d6e-aa96-2357cdc25995,19500,MCH-493f24c455,쿠팡,5399,2026-06-22 09:12:00,36.899905,126.60093,KR,DEV-15c06cb09d
3995,c7f02119-a1fb-4d6e-aa96-2357cdc25995,364000,MCH-bed94775b8,패스트파이브,7011,2026-06-22 17:46:00,36.914835,126.599632,KR,DEV-15c06cb09d
3996,c7f02119-a1fb-4d6e-aa96-2357cdc25995,104000,MCH-ca5e0a9e0b,AWS,7372,2026-06-22 18:34:00,36.90266,126.596012,KR,DEV-15c06cb09d
3997,c7f02119-a1fb-4d6e-aa96-2357cdc25995,377000,MCH-ca5e0a9e0b,AWS,7372,2026-06-23 09:39:00,36.903568,126.63382,KR,DEV-15c06cb09d
3998,c7f02119-a1fb-4d6e-aa96-2357cdc25995,260000,MCH-bed94775b8,패스트파이브,7011,2026-06-23 15:24:00,36.926014,126.627333,KR,DEV-15c06cb09d
3999,c7f02119-a1fb-4d6e-aa96-2357cdc25995,65000,MCH-ca5e0a9e0b,AWS,7372,2026-06-23 18:57:00,36.877666,126.628373,KR,DEV-15c06cb09d
4000,c7f02119-a1fb-4d6e-aa96-2357cdc25995,600000,MCH-489f756ae2,Steam_Global,5816,2026-06-24 12:23:00,36.91403,126.627095,UK,DEV-15c06cb09d
4001,c7f02119-a1fb-4d6e-aa96-2357cdc25995,299000,MCH-8fff18fdd2,노션,7372,2026-06-24 14:37:00,36.881629,126.637168,KR,DEV-15c06cb09d
4002,c7f02119-a1fb-4d6e-aa96-2357cdc25995,7800,MCH-5b1162a765,KTX,4112,2026-06-24 19:43:00,36.910087,126.616778,KR,DEV-15c06cb09d
4003,c7f02119-a1fb-4d6e-aa96-2357cdc25995,36400,MCH-8e35d3c146,김밥천국,5812,2026-06-25 12:56:00,36.911596,126.621495,KR,DEV-15c06cb09d
4004,c7f02119-a1fb-4d6e-aa96-2357cdc25995,195000,MCH-ca5e0a9e0b,AWS,7372,2026-06-25 13:14:00,36.908654,126.619598,KR,DEV-15c06cb09d
4005,c7f02119-a1fb-4d6e-aa96-2357cdc25995,6500,MCH-06553b267c,카카오택시,4121,2026-06-25 13:28:00,36.916599,126.620595,KR,DEV-15c06cb09d
4006,c7f02119-a1fb-4d6e-aa96-2357cdc25995,221000,MCH-8fff18fdd2,노션,7372,2026-06-27 12:04:00,36.905541,126.624593,KR,DEV-15c06cb09d
4007,c7f02119-a1fb-4d6e-aa96-2357cdc25995,18200,MCH-8e35d3c146,김밥천국,5812,2026-06-27 18:43:00,36.896742,126.588701,KR,DEV-15c06cb09d
4008,c7f02119-a1fb-4d6e-aa96-2357cdc25995,91000,MCH-8fff18fdd2,노션,7372,2026-06-27 20:28:00,36.908687,126.610402,KR,DEV-15c06cb09d
4009,c7f02119-a1fb-4d6e-aa96-2357cdc25995,15600,MCH-8e35d3c146,김밥천국,5812,2026-06-28 12:53:00,36.918667,126.633317,KR,DEV-15c06cb09d
4010,c7f02119-a1fb-4d6e-aa96-2357cdc25995,338000,MCH-ca5e0a9e0b,AWS,7372,2026-06-29 18:32:00,36.889653,126.604617,KR,DEV-15c06cb09d
4011,c7f02119-a1fb-4d6e-aa96-2357cdc25995,67600,MCH-ba944121a3,무신사,5651,2026-06-29 20:37:00,36.914943,126.61653,KR,DEV-15c06cb09d
4012,c7f02119-a1fb-4d6e-aa96-2357cdc25995,3250,MCH-5b1162a765,KTX,4112,2026-07-01 14:25:00,36.923297,126.589231,KR,DEV-15c06cb09d
4013,c7f02119-a1fb-4d6e-aa96-2357cdc25995,6500,MCH-c563ceac18,맥도날드,5814,2026-07-03 16:56:00,36.920374,126.606916,KR,DEV-15c06cb09d
4014,c7f02119-a1fb-4d6e-aa96-2357cdc25995,22490,MCH-5df4849ce1,지하철,4111,2026-07-04 17:47:00,36.918803,126.605365,KR,DEV-15c06cb09d
4015,c7f02119-a1fb-4d6e-aa96-2357cdc25995,65000,MCH-8fff18fdd2,노션,7372,2026-07-06 08:00:00,36.888104,126.595608,KR,DEV-15c06cb09d
4016,c7f02119-a1fb-4d6e-aa96-2357cdc25995,22100,MCH-ab42b36c0b,배달의민족,5812,2026-07-06 12:06:00,36.907557,126.622402,KR,DEV-15c06cb09d
4017,c7f02119-a1fb-4d6e-aa96-2357cdc25995,104000,MCH-bed94775b8,패스트파이브,7011,2026-07-06 17:56:00,36.912055,126.626464,KR,DEV-15c06cb09d
4018,c7f02119-a1fb-4d6e-aa96-2357cdc25995,234000,MCH-8fff18fdd2,노션,7372,2026-07-07 15:36:00,36.928222,126.623478,KR,DEV-15c06cb09d
4019,c7f02119-a1fb-4d6e-aa96-2357cdc25995,35100,MCH-ab42b36c0b,배달의민족,5812,2026-07-08 09:03:00,36.877005,126.621643,KR,DEV-15c06cb09d
4020,c7f02119-a1fb-4d6e-aa96-2357cdc25995,312000,MCH-ca5e0a9e0b,AWS,7372,2026-07-08 17:02:00,36.924989,126.603913,KR,DEV-15c06cb09d
4021,c7f02119-a1fb-4d6e-aa96-2357cdc25995,88400,MCH-a5c765e6ce,프리스비,5732,2026-07-08 22:41:00,36.924629,126.622865,KR,DEV-15c06cb09d
4022,c7f02119-a1fb-4d6e-aa96-2357cdc25995,130000,MCH-8fff18fdd2,노션,7372,2026-07-09 12:02:00,36.926922,126.61773,KR,DEV-15c06cb09d
4023,c7f02119-a1fb-4d6e-aa96-2357cdc25995,22230,MCH-0d60345572,버스,4111,2026-07-09 17:27:00,36.917879,126.594347,KR,DEV-15c06cb09d
4024,c7f02119-a1fb-4d6e-aa96-2357cdc25995,104000,MCH-ca5e0a9e0b,AWS,7372,2026-07-10 17:00:00,36.898315,126.59717,KR,DEV-15c06cb09d
4025,c7f02119-a1fb-4d6e-aa96-2357cdc25995,260000,MCH-8fff18fdd2,노션,7372,2026-07-11 12:30:00,36.910318,126.603474,KR,DEV-15c06cb09d
4026,c7f02119-a1fb-4d6e-aa96-2357cdc25995,72800,MCH-ba944121a3,무신사,5651,2026-07-12 10:06:00,36.91233,126.605138,KR,DEV-15c06cb09d
4027,c7f02119-a1fb-4d6e-aa96-2357cdc25995,4550,MCH-5b1162a765,KTX,4112,2026-07-12 10:18:00,36.919521,126.616419,KR,DEV-15c06cb09d
4028,c7f02119-a1fb-4d6e-aa96-2357cdc25995,65000,MCH-53b4838ce6,어도비(Adobe),5734,2026-07-13 19:15:00,36.884302,126.632339,KR,DEV-15c06cb09d
4029,c7f02119-a1fb-4d6e-aa96-2357cdc25995,351000,MCH-53b4838ce6,어도비(Adobe),5734,2026-07-13 20:30:00,36.910907,126.638696,KR,DEV-15c06cb09d
4030,c7f02119-a1fb-4d6e-aa96-2357cdc25995,312000,MCH-ca5e0a9e0b,AWS,7372,2026-07-14 13:35:00,36.900361,126.596023,KR,DEV-15c06cb09d
4031,c7f02119-a1fb-4d6e-aa96-2357cdc25995,22360,MCH-0d60345572,버스,4111,2026-07-15 09:28:00,36.897267,126.640372,KR,DEV-15c06cb09d
4032,c7f02119-a1fb-4d6e-aa96-2357cdc25995,6500,MCH-0d60345572,버스,4111,2026-07-15 19:54:00,36.884559,126.619126,KR,DEV-15c06cb09d
4033,c7f02119-a1fb-4d6e-aa96-2357cdc25995,377000,MCH-8fff18fdd2,노션,7372,2026-07-16 10:19:00,36.90081,126.628868,KR,DEV-15c06cb09d
4034,c7f02119-a1fb-4d6e-aa96-2357cdc25995,10530,MCH-06553b267c,카카오택시,4121,2026-07-16 15:29:00,36.903917,126.621952,KR,DEV-15c06cb09d
4035,c7f02119-a1fb-4d6e-aa96-2357cdc25995,195000,MCH-53b4838ce6,어도비(Adobe),5734,2026-07-17 11:31:00,36.889369,126.63334,KR,DEV-15c06cb09d
4036,c7f02119-a1fb-4d6e-aa96-2357cdc25995,25220,MCH-0d60345572,버스,4111,2026-07-17 20:36:00,36.917991,126.612466,KR,DEV-15c06cb09d
4037,c7f02119-a1fb-4d6e-aa96-2357cdc25995,130000,MCH-bed94775b8,패스트파이브,7011,2026-07-20 13:43:00,36.901004,126.588055,KR,DEV-15c06cb09d
4038,c7f02119-a1fb-4d6e-aa96-2357cdc25995,208000,MCH-53b4838ce6,어도비(Adobe),5734,2026-07-20 20:11:00,36.90267,126.635622,KR,DEV-15c06cb09d
4039,c7f02119-a1fb-4d6e-aa96-2357cdc25995,23400,MCH-c563ceac18,맥도날드,5814,2026-07-20 22:02:00,36.917885,126.624744,KR,DEV-15c06cb09d
4040,c7f02119-a1fb-4d6e-aa96-2357cdc25995,195000,MCH-ca5e0a9e0b,AWS,7372,2026-07-21 19:14:00,36.912696,126.60962,KR,DEV-15c06cb09d
4041,c7f02119-a1fb-4d6e-aa96-2357cdc25995,156000,MCH-8fff18fdd2,노션,7372,2026-07-24 11:52:00,36.907343,126.60902,KR,DEV-15c06cb09d
4042,c7f02119-a1fb-4d6e-aa96-2357cdc25995,24700,MCH-8e35d3c146,김밥천국,5812,2026-07-24 19:24:00,36.89041,126.608156,KR,DEV-15c06cb09d
4043,c7f02119-a1fb-4d6e-aa96-2357cdc25995,169000,MCH-bed94775b8,패스트파이브,7011,2026-07-24 22:21:00,36.907082,126.618647,KR,DEV-15c06cb09d
4044,c7f02119-a1fb-4d6e-aa96-2357cdc25995,13000,MCH-ab42b36c0b,배달의민족,5812,2026-07-27 09:45:00,36.90653,126.616252,KR,DEV-15c06cb09d
4045,c7f02119-a1fb-4d6e-aa96-2357cdc25995,7540,MCH-0d60345572,버스,4111,2026-07-27 18:18:00,36.907449,126.623403,KR,DEV-15c06cb09d
4046,c7f02119-a1fb-4d6e-aa96-2357cdc25995,299000,MCH-bed94775b8,패스트파이브,7011,2026-07-28 13:28:00,36.926083,126.632905,KR,DEV-15c06cb09d
4047,c7f02119-a1fb-4d6e-aa96-2357cdc25995,195000,MCH-bed94775b8,패스트파이브,7011,2026-07-28 18:45:00,36.924551,126.607585,KR,DEV-15c06cb09d
4048,c7f02119-a1fb-4d6e-aa96-2357cdc25995,9100,MCH-c563ceac18,맥도날드,5814,2026-07-29 15:47:00,36.91542,126.633079,KR,DEV-15c06cb09d
4049,c7f02119-a1fb-4d6e-aa96-2357cdc25995,247000,MCH-53b4838ce6,어도비(Adobe),5734,2026-07-31 08:59:00,36.885454,126.620422,KR,DEV-15c06cb09d
4050,c7f02119-a1fb-4d6e-aa96-2357cdc25995,390000,MCH-8fff18fdd2,노션,7372,2026-07-31 09:50:00,36.906701,126.60371,KR,DEV-15c06cb09d
4051,c7f02119-a1fb-4d6e-aa96-2357cdc25995,91000,MCH-53b4838ce6,어도비(Adobe),5734,2026-08-01 10:46:00,36.916428,126.596176,KR,DEV-15c06cb09d
4052,c7f02119-a1fb-4d6e-aa96-2357cdc25995,31200,MCH-c563ceac18,맥도날드,5814,2026-08-03 15:53:00,36.921205,126.5937,KR,DEV-15c06cb09d
4053,c7f02119-a1fb-4d6e-aa96-2357cdc25995,122200,MCH-493f24c455,쿠팡,5399,2026-08-03 18:58:00,36.890187,126.637071,KR,DEV-15c06cb09d
4054,c7f02119-a1fb-4d6e-aa96-2357cdc25995,20540,MCH-5df4849ce1,지하철,4111,2026-08-04 21:27:00,36.899387,126.618728,KR,DEV-15c06cb09d
4055,c7f02119-a1fb-4d6e-aa96-2357cdc25995,364000,MCH-8fff18fdd2,노션,7372,2026-08-05 16:34:00,36.917983,126.592368,KR,DEV-15c06cb09d
4056,c7f02119-a1fb-4d6e-aa96-2357cdc25995,13520,MCH-0d60345572,버스,4111,2026-08-06 09:15:00,36.921416,126.640764,KR,DEV-15c06cb09d
4057,c7f02119-a1fb-4d6e-aa96-2357cdc25995,65000,MCH-53b4838ce6,어도비(Adobe),5734,2026-08-06 11:54:00,36.881887,126.618651,KR,DEV-15c06cb09d
4058,c7f02119-a1fb-4d6e-aa96-2357cdc25995,24310,MCH-5df4849ce1,지하철,4111,2026-08-06 14:01:00,36.87596,126.63273,KR,DEV-15c06cb09d
4059,c7f02119-a1fb-4d6e-aa96-2357cdc25995,182000,MCH-53b4838ce6,어도비(Adobe),5734,2026-08-08 13:03:00,36.918431,126.633782,KR,DEV-15c06cb09d
4060,c7f02119-a1fb-4d6e-aa96-2357cdc25995,19500,MCH-fb4fb59d3a,스타벅스,5814,2026-08-08 22:44:00,36.891497,126.626163,KR,DEV-15c06cb09d
4061,c7f02119-a1fb-4d6e-aa96-2357cdc25995,35100,MCH-fb4fb59d3a,스타벅스,5814,2026-08-09 08:40:00,36.906039,126.598831,KR,DEV-15c06cb09d
4062,c7f02119-a1fb-4d6e-aa96-2357cdc25995,91000,MCH-bed94775b8,패스트파이브,7011,2026-08-09 13:40:00,36.892709,126.634767,KR,DEV-15c06cb09d
4063,c7f02119-a1fb-4d6e-aa96-2357cdc25995,76700,MCH-a5c765e6ce,프리스비,5732,2026-08-09 16:46:00,36.916264,126.595094,KR,DEV-15c06cb09d
4064,c7f02119-a1fb-4d6e-aa96-2357cdc25995,18200,MCH-8e35d3c146,김밥천국,5812,2026-08-10 11:25:00,36.894618,126.630229,KR,DEV-15c06cb09d
4065,c7f02119-a1fb-4d6e-aa96-2357cdc25995,260000,MCH-ca5e0a9e0b,AWS,7372,2026-08-10 15:11:00,36.908476,126.623211,KR,DEV-15c06cb09d
4066,c7f02119-a1fb-4d6e-aa96-2357cdc25995,9880,MCH-5b1162a765,KTX,4112,2026-08-10 17:31:00,36.879963,126.605605,KR,DEV-15c06cb09d
4067,c7f02119-a1fb-4d6e-aa96-2357cdc25995,13260,MCH-06553b267c,카카오택시,4121,2026-08-11 22:15:00,36.898118,126.628924,KR,DEV-15c06cb09d
4068,c7f02119-a1fb-4d6e-aa96-2357cdc25995,31200,MCH-fb4fb59d3a,스타벅스,5814,2026-08-13 19:29:00,36.919479,126.624451,KR,DEV-15c06cb09d
4069,c7f02119-a1fb-4d6e-aa96-2357cdc25995,15470,MCH-0d60345572,버스,4111,2026-08-13 21:16:00,36.892794,126.635731,KR,DEV-15c06cb09d
4070,c7f02119-a1fb-4d6e-aa96-2357cdc25995,100100,MCH-a5c765e6ce,프리스비,5732,2026-08-14 11:00:00,36.877343,126.623711,KR,DEV-15c06cb09d
4071,c7f02119-a1fb-4d6e-aa96-2357cdc25995,16900,MCH-fb4fb59d3a,스타벅스,5814,2026-08-14 18:16:00,36.90162,126.598806,KR,DEV-15c06cb09d
4072,c7f02119-a1fb-4d6e-aa96-2357cdc25995,20800,MCH-06553b267c,카카오택시,4121,2026-08-15 10:11:00,36.877744,126.614307,KR,DEV-15c06cb09d
4073,c7f02119-a1fb-4d6e-aa96-2357cdc25995,377000,MCH-bed94775b8,패스트파이브,7011,2026-08-15 12:55:00,36.916589,126.602573,KR,DEV-15c06cb09d
4074,c7f02119-a1fb-4d6e-aa96-2357cdc25995,2600,MCH-5df4849ce1,지하철,4111,2026-08-15 17:26:00,36.916127,126.599962,KR,DEV-15c06cb09d
4075,c7f02119-a1fb-4d6e-aa96-2357cdc25995,390000,MCH-bed94775b8,패스트파이브,7011,2026-08-16 16:35:00,36.889689,126.598158,KR,DEV-15c06cb09d
4076,c7f02119-a1fb-4d6e-aa96-2357cdc25995,117000,MCH-bed94775b8,패스트파이브,7011,2026-08-16 21:31:00,36.913528,126.632461,KR,DEV-15c06cb09d
4077,c7f02119-a1fb-4d6e-aa96-2357cdc25995,21580,MCH-5df4849ce1,지하철,4111,2026-08-18 16:48:00,36.916704,126.589432,KR,DEV-15c06cb09d
4078,c7f02119-a1fb-4d6e-aa96-2357cdc25995,127400,MCH-ba944121a3,무신사,5651,2026-08-18 19:22:00,36.878831,126.614205,KR,DEV-15c06cb09d
4079,c7f02119-a1fb-4d6e-aa96-2357cdc25995,61100,MCH-493f24c455,쿠팡,5399,2026-08-19 09:14:00,36.886909,126.602883,KR,DEV-15c06cb09d
4080,c7f02119-a1fb-4d6e-aa96-2357cdc25995,286000,MCH-ca5e0a9e0b,AWS,7372,2026-08-22 10:25:00,36.91996,126.634742,KR,DEV-15c06cb09d
4081,c7f02119-a1fb-4d6e-aa96-2357cdc25995,9100,MCH-ab42b36c0b,배달의민족,5812,2026-08-22 18:54:00,36.889615,126.596553,KR,DEV-15c06cb09d
4082,d7af49e6-ecf2-4180-bf43-621f6a39a0a6,3430,MCH-5b1162a765,KTX,4112,2026-05-25 08:38:00,35.415791,126.886673,KR,DEV-fc668d0ce1
4083,d7af49e6-ecf2-4180-bf43-621f6a39a0a6,30099,MCH-493f24c455,쿠팡,5399,2026-05-25 22:46:00,35.405597,126.877593,KR,DEV-fc668d0ce1
4084,d7af49e6-ecf2-4180-bf43-621f6a39a0a6,25900,MCH-e7751d42a2,올리브영,5977,2026-05-26 21:30:00,35.417765,126.923247,KR,DEV-fc668d0ce1
4085,d7af49e6-ecf2-4180-bf43-621f6a39a0a6,2590,MCH-5df4849ce1,지하철,4111,2026-05-28 11:34:00,35.396318,126.917104,KR,DEV-fc668d0ce1
4086,d7af49e6-ecf2-4180-bf43-621f6a39a0a6,11200,MCH-ab42b36c0b,배달의민족,5812,2026-05-28 13:24:00,35.392346,126.891971,KR,DEV-fc668d0ce1
4087,d7af49e6-ecf2-4180-bf43-621f6a39a0a6,3500,MCH-ab42b36c0b,배달의민족,5812,2026-05-28 20:10:00,35.422179,126.889738,KR,DEV-fc668d0ce1
4088,d7af49e6-ecf2-4180-bf43-621f6a39a0a6,12250,MCH-5df4849ce1,지하철,4111,2026-05-30 13:49:00,35.431184,126.904044,KR,DEV-fc668d0ce1
4089,d7af49e6-ecf2-4180-bf43-621f6a39a0a6,10150,MCH-06553b267c,카카오택시,4121,2026-05-30 22:17:00,35.411658,126.873286,KR,DEV-fc668d0ce1
4090,d7af49e6-ecf2-4180-bf43-621f6a39a0a6,7699,MCH-c563ceac18,맥도날드,5814,2026-05-31 12:02:00,35.409353,126.898377,KR,DEV-fc668d0ce1
4091,d7af49e6-ecf2-4180-bf43-621f6a39a0a6,6300,MCH-c563ceac18,맥도날드,5814,2026-06-01 14:30:00,35.397099,126.901549,KR,DEV-fc668d0ce1
4092,d7af49e6-ecf2-4180-bf43-621f6a39a0a6,8890,MCH-5b1162a765,KTX,4112,2026-06-02 12:27:00,35.433126,126.879705,KR,DEV-fc668d0ce1
4093,d7af49e6-ecf2-4180-bf43-621f6a39a0a6,7909,MCH-0d60345572,버스,4111,2026-06-03 16:28:00,35.428536,126.91941,KR,DEV-fc668d0ce1
4094,d7af49e6-ecf2-4180-bf43-621f6a39a0a6,34300,MCH-e7751d42a2,올리브영,5977,2026-06-03 17:39:00,35.410391,126.888832,KR,DEV-fc668d0ce1
4095,d7af49e6-ecf2-4180-bf43-621f6a39a0a6,27300,MCH-493f24c455,쿠팡,5399,2026-06-05 09:25:00,35.409382,126.90003,KR,DEV-fc668d0ce1
4096,d7af49e6-ecf2-4180-bf43-621f6a39a0a6,84000,MCH-8fff18fdd2,노션,7372,2026-06-05 14:41:00,35.418269,126.920315,KR,DEV-fc668d0ce1
4097,d7af49e6-ecf2-4180-bf43-621f6a39a0a6,125999,MCH-bed94775b8,패스트파이브,7011,2026-06-05 16:16:00,35.433473,126.881414,KR,DEV-fc668d0ce1
4098,d7af49e6-ecf2-4180-bf43-621f6a39a0a6,4200,MCH-ab42b36c0b,배달의민족,5812,2026-06-06 22:13:00,35.411789,126.905191,KR,DEV-fc668d0ce1
4099,d7af49e6-ecf2-4180-bf43-621f6a39a0a6,147000,MCH-53b4838ce6,어도비(Adobe),5734,2026-06-07 08:06:00,35.391148,126.890166,KR,DEV-fc668d0ce1
4100,d7af49e6-ecf2-4180-bf43-621f6a39a0a6,77000,MCH-8fff18fdd2,노션,7372,2026-06-08 09:07:00,35.414213,126.910394,KR,DEV-fc668d0ce1
4101,d7af49e6-ecf2-4180-bf43-621f6a39a0a6,5600,MCH-fb4fb59d3a,스타벅스,5814,2026-06-08 21:38:00,35.386257,126.886416,KR,DEV-fc668d0ce1
4102,d7af49e6-ecf2-4180-bf43-621f6a39a0a6,2590,MCH-0d60345572,버스,4111,2026-06-09 21:20:00,35.41506,126.878022,KR,DEV-fc668d0ce1
4103,d7af49e6-ecf2-4180-bf43-621f6a39a0a6,11200,MCH-8e35d3c146,김밥천국,5812,2026-06-11 08:18:00,35.38631,126.895644,KR,DEV-fc668d0ce1
4104,d7af49e6-ecf2-4180-bf43-621f6a39a0a6,210000,MCH-ca5e0a9e0b,AWS,7372,2026-06-11 10:19:00,35.437027,126.895112,KR,DEV-fc668d0ce1
4105,d7af49e6-ecf2-4180-bf43-621f6a39a0a6,5600,MCH-ab42b36c0b,배달의민족,5812,2026-06-11 18:50:00,35.412372,126.907474,KR,DEV-fc668d0ce1
4106,d7af49e6-ecf2-4180-bf43-621f6a39a0a6,10500,MCH-c563ceac18,맥도날드,5814,2026-06-12 08:26:00,35.433956,126.92491,KR,DEV-fc668d0ce1
4107,d7af49e6-ecf2-4180-bf43-621f6a39a0a6,125999,MCH-ca5e0a9e0b,AWS,7372,2026-06-15 16:05:00,35.408261,126.893153,KR,DEV-fc668d0ce1
4108,d7af49e6-ecf2-4180-bf43-621f6a39a0a6,22400,MCH-ba944121a3,무신사,5651,2026-06-15 19:39:00,35.433754,126.899761,KR,DEV-fc668d0ce1
4109,d7af49e6-ecf2-4180-bf43-621f6a39a0a6,4340,MCH-0d60345572,버스,4111,2026-06-15 21:27:00,35.38912,126.903432,KR,DEV-fc668d0ce1
4110,d7af49e6-ecf2-4180-bf43-621f6a39a0a6,1959,MCH-5df4849ce1,지하철,4111,2026-06-16 16:43:00,35.387914,126.924486,KR,DEV-fc668d0ce1
4111,d7af49e6-ecf2-4180-bf43-621f6a39a0a6,35000,MCH-ca5e0a9e0b,AWS,7372,2026-06-18 22:03:00,35.396186,126.873469,KR,DEV-fc668d0ce1
4112,d7af49e6-ecf2-4180-bf43-621f6a39a0a6,2170,MCH-5df4849ce1,지하철,4111,2026-06-19 11:10:00,35.433905,126.897192,KR,DEV-fc668d0ce1
4113,d7af49e6-ecf2-4180-bf43-621f6a39a0a6,9870,MCH-0d60345572,버스,4111,2026-06-19 12:32:00,35.428677,126.899002,KR,DEV-fc668d0ce1
4114,d7af49e6-ecf2-4180-bf43-621f6a39a0a6,168000,MCH-ca5e0a9e0b,AWS,7372,2026-06-19 20:52:00,35.414453,126.921023,KR,DEV-fc668d0ce1
4115,d7af49e6-ecf2-4180-bf43-621f6a39a0a6,13300,MCH-e7751d42a2,올리브영,5977,2026-06-20 09:18:00,35.421895,126.882369,KR,DEV-fc668d0ce1
4116,d7af49e6-ecf2-4180-bf43-621f6a39a0a6,6230,MCH-0d60345572,버스,4111,2026-06-21 11:41:00,35.437036,126.921194,KR,DEV-fc668d0ce1
4117,d7af49e6-ecf2-4180-bf43-621f6a39a0a6,7699,MCH-8e35d3c146,김밥천국,5812,2026-06-22 14:26:00,35.416671,126.912736,KR,DEV-fc668d0ce1
4118,d7af49e6-ecf2-4180-bf43-621f6a39a0a6,67200,MCH-e7751d42a2,올리브영,5977,2026-06-22 18:23:00,35.430825,126.886019,KR,DEV-fc668d0ce1
4119,d7af49e6-ecf2-4180-bf43-621f6a39a0a6,9520,MCH-06553b267c,카카오택시,4121,2026-06-22 21:40:00,35.405159,126.887429,KR,DEV-fc668d0ce1
4120,d7af49e6-ecf2-4180-bf43-621f6a39a0a6,3080,MCH-5df4849ce1,지하철,4111,2026-06-23 15:50:00,35.410768,126.874622,KR,DEV-fc668d0ce1
4121,d7af49e6-ecf2-4180-bf43-621f6a39a0a6,1260,MCH-06553b267c,카카오택시,4121,2026-06-23 21:47:00,35.403817,126.886118,KR,DEV-fc668d0ce1
4122,d7af49e6-ecf2-4180-bf43-621f6a39a0a6,4900,MCH-fb4fb59d3a,스타벅스,5814,2026-06-25 12:25:00,35.408381,126.895659,KR,DEV-fc668d0ce1
4123,d7af49e6-ecf2-4180-bf43-621f6a39a0a6,5600,MCH-c563ceac18,맥도날드,5814,2026-06-25 20:48:00,35.42384,126.873056,KR,DEV-fc668d0ce1
4124,d7af49e6-ecf2-4180-bf43-621f6a39a0a6,7000,MCH-8e35d3c146,김밥천국,5812,2026-06-26 10:51:00,35.435299,126.890597,KR,DEV-fc668d0ce1
4125,d7af49e6-ecf2-4180-bf43-621f6a39a0a6,30799,MCH-ba944121a3,무신사,5651,2026-06-28 11:07:00,35.406604,126.887865,KR,DEV-fc668d0ce1
4126,d7af49e6-ecf2-4180-bf43-621f6a39a0a6,14000,MCH-fb4fb59d3a,스타벅스,5814,2026-06-29 09:44:00,35.41536,126.881369,KR,DEV-fc668d0ce1
4127,d7af49e6-ecf2-4180-bf43-621f6a39a0a6,4200,MCH-ab42b36c0b,배달의민족,5812,2026-06-29 13:48:00,35.418189,126.904392,KR,DEV-fc668d0ce1
4128,d7af49e6-ecf2-4180-bf43-621f6a39a0a6,42700,MCH-a5c765e6ce,프리스비,5732,2026-06-30 17:23:00,35.398226,126.892285,KR,DEV-fc668d0ce1
4129,d7af49e6-ecf2-4180-bf43-621f6a39a0a6,923999,MCH-ab42b36c0b,배달의민족,5812,2026-06-30 20:28:00,35.389624,126.92136,KR,DEV-fc668d0ce1
4130,d7af49e6-ecf2-4180-bf43-621f6a39a0a6,1959,MCH-06553b267c,카카오택시,4121,2026-07-01 14:26:00,35.43822,126.915273,KR,DEV-fc668d0ce1
4131,d7af49e6-ecf2-4180-bf43-621f6a39a0a6,23800,MCH-493f24c455,쿠팡,5399,2026-07-01 19:11:00,35.395489,126.878843,KR,DEV-fc668d0ce1
4132,d7af49e6-ecf2-4180-bf43-621f6a39a0a6,7559,MCH-5df4849ce1,지하철,4111,2026-07-01 22:28:00,35.408533,126.882038,KR,DEV-fc668d0ce1
4133,d7af49e6-ecf2-4180-bf43-621f6a39a0a6,7070,MCH-5b1162a765,KTX,4112,2026-07-02 11:09:00,35.401916,126.875298,KR,DEV-fc668d0ce1
4134,d7af49e6-ecf2-4180-bf43-621f6a39a0a6,189000,MCH-bed94775b8,패스트파이브,7011,2026-07-02 20:43:00,35.412455,126.909807,KR,DEV-fc668d0ce1
4135,d7af49e6-ecf2-4180-bf43-621f6a39a0a6,118999,MCH-53b4838ce6,어도비(Adobe),5734,2026-07-03 21:46:00,35.392241,126.90141,KR,DEV-fc668d0ce1
4136,d7af49e6-ecf2-4180-bf43-621f6a39a0a6,49000,MCH-53b4838ce6,어도비(Adobe),5734,2026-07-04 12:10:00,35.438121,126.890077,KR,DEV-fc668d0ce1
4137,d7af49e6-ecf2-4180-bf43-621f6a39a0a6,18200,MCH-e7751d42a2,올리브영,5977,2026-07-06 17:57:00,35.435542,126.898331,KR,DEV-fc668d0ce1
4138,d7af49e6-ecf2-4180-bf43-621f6a39a0a6,13090,MCH-06553b267c,카카오택시,4121,2026-07-06 22:13:00,35.433582,126.925152,KR,DEV-fc668d0ce1
4139,d7af49e6-ecf2-4180-bf43-621f6a39a0a6,5600,MCH-fb4fb59d3a,스타벅스,5814,2026-07-07 09:43:00,35.410591,126.893844,KR,DEV-fc668d0ce1
4140,d7af49e6-ecf2-4180-bf43-621f6a39a0a6,15399,MCH-fb4fb59d3a,스타벅스,5814,2026-07-07 13:30:00,35.403006,126.92183,KR,DEV-fc668d0ce1
4141,d7af49e6-ecf2-4180-bf43-621f6a39a0a6,140000,MCH-53b4838ce6,어도비(Adobe),5734,2026-07-07 14:56:00,35.385911,126.886667,KR,DEV-fc668d0ce1
4142,d7af49e6-ecf2-4180-bf43-621f6a39a0a6,9170,MCH-06553b267c,카카오택시,4121,2026-07-08 10:01:00,35.431974,126.908856,KR,DEV-fc668d0ce1
4143,d7af49e6-ecf2-4180-bf43-621f6a39a0a6,1540,MCH-06553b267c,카카오택시,4121,2026-07-09 09:36:00,35.406222,126.924551,KR,DEV-fc668d0ce1
4144,d7af49e6-ecf2-4180-bf43-621f6a39a0a6,36400,MCH-e7751d42a2,올리브영,5977,2026-07-09 21:08:00,35.427515,126.908061,KR,DEV-fc668d0ce1
4145,d7af49e6-ecf2-4180-bf43-621f6a39a0a6,9100,MCH-8e35d3c146,김밥천국,5812,2026-07-11 11:17:00,35.437497,126.918971,KR,DEV-fc668d0ce1
4146,d7af49e6-ecf2-4180-bf43-621f6a39a0a6,21000,MCH-493f24c455,쿠팡,5399,2026-07-11 12:56:00,35.394971,126.924841,KR,DEV-fc668d0ce1
4147,d7af49e6-ecf2-4180-bf43-621f6a39a0a6,3570,MCH-5b1162a765,KTX,4112,2026-07-11 12:58:00,35.402786,126.888692,KR,DEV-fc668d0ce1
4148,d7af49e6-ecf2-4180-bf43-621f6a39a0a6,3290,MCH-0d60345572,버스,4111,2026-07-12 19:04:00,35.437122,126.876303,KR,DEV-fc668d0ce1
4149,d7af49e6-ecf2-4180-bf43-621f6a39a0a6,38500,MCH-ba944121a3,무신사,5651,2026-07-13 10:04:00,35.393689,126.888013,KR,DEV-fc668d0ce1
4150,d7af49e6-ecf2-4180-bf43-621f6a39a0a6,5600,MCH-c563ceac18,맥도날드,5814,2026-07-13 14:48:00,35.412415,126.895884,KR,DEV-fc668d0ce1
4151,d7af49e6-ecf2-4180-bf43-621f6a39a0a6,2800,MCH-0d60345572,버스,4111,2026-07-13 18:44:00,35.399792,126.875891,KR,DEV-fc668d0ce1
4152,d7af49e6-ecf2-4180-bf43-621f6a39a0a6,1520000,MCH-9449f2d5d1,중고거래_송금,6051,2026-07-14 02:44:00,35.387468,126.890419,KR,DEV-fc668d0ce1
4153,d7af49e6-ecf2-4180-bf43-621f6a39a0a6,67900,MCH-a5c765e6ce,프리스비,5732,2026-07-14 18:18:00,35.411364,126.92695,KR,DEV-fc668d0ce1
4154,d7af49e6-ecf2-4180-bf43-621f6a39a0a6,12460,MCH-06553b267c,카카오택시,4121,2026-07-15 15:34:00,35.426559,126.87357,KR,DEV-fc668d0ce1
4155,d7af49e6-ecf2-4180-bf43-621f6a39a0a6,11200,MCH-a5c765e6ce,프리스비,5732,2026-07-16 12:06:00,35.405955,126.878954,KR,DEV-fc668d0ce1
4156,d7af49e6-ecf2-4180-bf43-621f6a39a0a6,14000,MCH-ab42b36c0b,배달의민족,5812,2026-07-16 12:53:00,35.403089,126.919342,KR,DEV-fc668d0ce1
4157,d7af49e6-ecf2-4180-bf43-621f6a39a0a6,32199,MCH-ba944121a3,무신사,5651,2026-07-17 14:48:00,35.397693,126.926211,KR,DEV-fc668d0ce1
4158,d7af49e6-ecf2-4180-bf43-621f6a39a0a6,21000,MCH-fb4fb59d3a,스타벅스,5814,2026-07-19 17:13:00,35.41179,126.919555,KR,DEV-fc668d0ce1
4159,d7af49e6-ecf2-4180-bf43-621f6a39a0a6,10990,MCH-5b1162a765,KTX,4112,2026-07-19 17:44:00,35.39011,126.913341,KR,DEV-fc668d0ce1
4160,d7af49e6-ecf2-4180-bf43-621f6a39a0a6,2380,MCH-5df4849ce1,지하철,4111,2026-07-19 18:51:00,35.405118,126.918123,KR,DEV-fc668d0ce1
4161,d7af49e6-ecf2-4180-bf43-621f6a39a0a6,3779,MCH-5b1162a765,KTX,4112,2026-07-21 14:25:00,35.416484,126.900073,KR,DEV-fc668d0ce1
4162,d7af49e6-ecf2-4180-bf43-621f6a39a0a6,13300,MCH-e7751d42a2,올리브영,5977,2026-07-21 17:22:00,35.386793,126.912077,KR,DEV-fc668d0ce1
4163,d7af49e6-ecf2-4180-bf43-621f6a39a0a6,6160,MCH-5df4849ce1,지하철,4111,2026-07-22 09:27:00,35.4257,126.905703,KR,DEV-fc668d0ce1
4164,d7af49e6-ecf2-4180-bf43-621f6a39a0a6,53900,MCH-a5c765e6ce,프리스비,5732,2026-07-22 16:41:00,35.434221,126.91775,KR,DEV-fc668d0ce1
4165,d7af49e6-ecf2-4180-bf43-621f6a39a0a6,210000,MCH-53b4838ce6,어도비(Adobe),5734,2026-07-22 19:46:00,35.390772,126.905189,KR,DEV-fc668d0ce1
4166,d7af49e6-ecf2-4180-bf43-621f6a39a0a6,62299,MCH-ba944121a3,무신사,5651,2026-07-25 13:38:00,35.392279,126.924821,KR,DEV-fc668d0ce1
4167,d7af49e6-ecf2-4180-bf43-621f6a39a0a6,105000,MCH-ca5e0a9e0b,AWS,7372,2026-07-26 14:31:00,35.433253,126.884261,KR,DEV-fc668d0ce1
4168,d7af49e6-ecf2-4180-bf43-621f6a39a0a6,2760000,MCH-c3acdc127f,유흥업소,5813,2026-07-27 05:07:00,35.422949,126.917967,KR,DEV-fc668d0ce1
4169,d7af49e6-ecf2-4180-bf43-621f6a39a0a6,49000,MCH-8fff18fdd2,노션,7372,2026-07-27 11:17:00,35.422892,126.910728,KR,DEV-fc668d0ce1
4170,d7af49e6-ecf2-4180-bf43-621f6a39a0a6,23800,MCH-e7751d42a2,올리브영,5977,2026-07-28 08:38:00,35.395369,126.915326,KR,DEV-fc668d0ce1
4171,d7af49e6-ecf2-4180-bf43-621f6a39a0a6,56000,MCH-8fff18fdd2,노션,7372,2026-07-28 13:41:00,35.38752,126.905032,KR,DEV-fc668d0ce1
4172,d7af49e6-ecf2-4180-bf43-621f6a39a0a6,8400,MCH-8e35d3c146,김밥천국,5812,2026-07-28 19:31:00,35.412378,126.88071,KR,DEV-fc668d0ce1
4173,d7af49e6-ecf2-4180-bf43-621f6a39a0a6,61599,MCH-493f24c455,쿠팡,5399,2026-07-30 13:22:00,35.437122,126.921783,KR,DEV-fc668d0ce1
4174,d7af49e6-ecf2-4180-bf43-621f6a39a0a6,18200,MCH-c563ceac18,맥도날드,5814,2026-07-30 21:50:00,35.38837,126.919384,KR,DEV-fc668d0ce1
4175,d7af49e6-ecf2-4180-bf43-621f6a39a0a6,12600,MCH-fb4fb59d3a,스타벅스,5814,2026-07-31 18:50:00,35.410528,126.891752,KR,DEV-fc668d0ce1
4176,d7af49e6-ecf2-4180-bf43-621f6a39a0a6,5600,MCH-fb4fb59d3a,스타벅스,5814,2026-07-31 18:56:00,35.392545,126.88096,KR,DEV-fc668d0ce1
4177,d7af49e6-ecf2-4180-bf43-621f6a39a0a6,18200,MCH-ab42b36c0b,배달의민족,5812,2026-07-31 20:11:00,35.428927,126.911097,KR,DEV-fc668d0ce1
4178,d7af49e6-ecf2-4180-bf43-621f6a39a0a6,20300,MCH-ab42b36c0b,배달의민족,5812,2026-08-01 18:02:00,35.388387,126.874516,KR,DEV-fc668d0ce1
4179,d7af49e6-ecf2-4180-bf43-621f6a39a0a6,19600,MCH-e7751d42a2,올리브영,5977,2026-08-02 10:13:00,35.416822,126.924532,KR,DEV-fc668d0ce1
4180,d7af49e6-ecf2-4180-bf43-621f6a39a0a6,154000,MCH-53b4838ce6,어도비(Adobe),5734,2026-08-02 15:50:00,35.425066,126.882731,KR,DEV-fc668d0ce1
4181,d7af49e6-ecf2-4180-bf43-621f6a39a0a6,77000,MCH-8fff18fdd2,노션,7372,2026-08-03 17:53:00,35.432137,126.898577,KR,DEV-fc668d0ce1
4182,d7af49e6-ecf2-4180-bf43-621f6a39a0a6,11060,MCH-0d60345572,버스,4111,2026-08-03 22:28:00,35.39908,126.873573,KR,DEV-fc668d0ce1
4183,d7af49e6-ecf2-4180-bf43-621f6a39a0a6,196000,MCH-bed94775b8,패스트파이브,7011,2026-08-04 16:11:00,35.394805,126.8851,KR,DEV-fc668d0ce1
4184,d7af49e6-ecf2-4180-bf43-621f6a39a0a6,15399,MCH-8e35d3c146,김밥천국,5812,2026-08-06 12:17:00,35.405773,126.90669,KR,DEV-fc668d0ce1
4185,d7af49e6-ecf2-4180-bf43-621f6a39a0a6,196000,MCH-bed94775b8,패스트파이브,7011,2026-08-07 20:14:00,35.396312,126.907412,KR,DEV-fc668d0ce1
4186,d7af49e6-ecf2-4180-bf43-621f6a39a0a6,7559,MCH-0d60345572,버스,4111,2026-08-09 13:19:00,35.421923,126.904002,KR,DEV-fc668d0ce1
4187,d7af49e6-ecf2-4180-bf43-621f6a39a0a6,12950,MCH-06553b267c,카카오택시,4121,2026-08-10 09:49:00,35.43181,126.922507,KR,DEV-fc668d0ce1
4188,d7af49e6-ecf2-4180-bf43-621f6a39a0a6,10290,MCH-5df4849ce1,지하철,4111,2026-08-10 13:03:00,35.42174,126.916773,KR,DEV-fc668d0ce1
4189,d7af49e6-ecf2-4180-bf43-621f6a39a0a6,10500,MCH-ab42b36c0b,배달의민족,5812,2026-08-10 18:32:00,35.38647,126.890272,KR,DEV-fc668d0ce1
4190,d7af49e6-ecf2-4180-bf43-621f6a39a0a6,7140,MCH-5df4849ce1,지하철,4111,2026-08-11 16:31:00,35.414561,126.899531,KR,DEV-fc668d0ce1
4191,d7af49e6-ecf2-4180-bf43-621f6a39a0a6,21000,MCH-ab42b36c0b,배달의민족,5812,2026-08-12 11:13:00,35.439272,126.895964,KR,DEV-fc668d0ce1
4192,d7af49e6-ecf2-4180-bf43-621f6a39a0a6,18900,MCH-fb4fb59d3a,스타벅스,5814,2026-08-13 14:44:00,35.397167,126.92187,KR,DEV-fc668d0ce1
4193,d7af49e6-ecf2-4180-bf43-621f6a39a0a6,3500,MCH-c563ceac18,맥도날드,5814,2026-08-13 17:15:00,35.391286,126.924985,KR,DEV-fc668d0ce1
4194,d7af49e6-ecf2-4180-bf43-621f6a39a0a6,175000,MCH-53b4838ce6,어도비(Adobe),5734,2026-08-13 22:42:00,35.406257,126.895419,KR,DEV-fc668d0ce1
4195,d7af49e6-ecf2-4180-bf43-621f6a39a0a6,3500,MCH-8e35d3c146,김밥천국,5812,2026-08-15 20:13:00,35.398097,126.899571,KR,DEV-fc668d0ce1
4196,d7af49e6-ecf2-4180-bf43-621f6a39a0a6,1959,MCH-5df4849ce1,지하철,4111,2026-08-15 22:00:00,35.419754,126.884345,KR,DEV-fc668d0ce1
4197,d7af49e6-ecf2-4180-bf43-621f6a39a0a6,62999,MCH-ca5e0a9e0b,AWS,7372,2026-08-16 13:56:00,35.401783,126.903138,KR,DEV-fc668d0ce1
4198,d7af49e6-ecf2-4180-bf43-621f6a39a0a6,9100,MCH-c563ceac18,맥도날드,5814,2026-08-16 15:44:00,35.388082,126.880705,KR,DEV-fc668d0ce1
4199,d7af49e6-ecf2-4180-bf43-621f6a39a0a6,3360,MCH-06553b267c,카카오택시,4121,2026-08-17 08:52:00,35.42927,126.923742,KR,DEV-fc668d0ce1
4200,d7af49e6-ecf2-4180-bf43-621f6a39a0a6,10500,MCH-fb4fb59d3a,스타벅스,5814,2026-08-17 19:57:00,35.408596,126.890683,KR,DEV-fc668d0ce1
4201,d7af49e6-ecf2-4180-bf43-621f6a39a0a6,8400,MCH-fb4fb59d3a,스타벅스,5814,2026-08-18 13:44:00,35.426079,126.874777,KR,DEV-fc668d0ce1
4202,d7af49e6-ecf2-4180-bf43-621f6a39a0a6,4850000,MCH-c3acdc127f,유흥업소,5813,2026-08-19 05:34:00,35.438537,126.878264,KR,DEV-fc668d0ce1
4203,d7af49e6-ecf2-4180-bf43-621f6a39a0a6,10500,MCH-8e35d3c146,김밥천국,5812,2026-08-19 19:28:00,35.436323,126.913331,KR,DEV-fc668d0ce1
4204,d7af49e6-ecf2-4180-bf43-621f6a39a0a6,17500,MCH-fb4fb59d3a,스타벅스,5814,2026-08-21 13:57:00,35.439486,126.874745,KR,DEV-fc668d0ce1
4205,d7af49e6-ecf2-4180-bf43-621f6a39a0a6,47600,MCH-e7751d42a2,올리브영,5977,2026-08-21 15:51:00,35.433945,126.892923,KR,DEV-fc668d0ce1
4206,d7af49e6-ecf2-4180-bf43-621f6a39a0a6,17500,MCH-8e35d3c146,김밥천국,5812,2026-08-21 15:51:00,35.386165,126.915472,KR,DEV-fc668d0ce1
4207,d7af49e6-ecf2-4180-bf43-621f6a39a0a6,37100,MCH-53b4838ce6,어도비(Adobe),5734,2026-08-22 21:02:00,35.43867,126.876796,KR,DEV-0eaa348b61
4208,d950d71d-7d56-4560-a7ed-dbfa17f4b908,156000,MCH-8fff18fdd2,노션,7372,2026-05-28 17:02:00,37.321447,127.465,KR,DEV-278364e68c
4209,d950d71d-7d56-4560-a7ed-dbfa17f4b908,13000,MCH-fb4fb59d3a,스타벅스,5814,2026-05-30 11:22:00,37.331317,127.433691,KR,DEV-278364e68c
4210,d950d71d-7d56-4560-a7ed-dbfa17f4b908,5720,MCH-06553b267c,카카오택시,4121,2026-05-31 17:56:00,37.361445,127.466822,KR,DEV-278364e68c
4211,d950d71d-7d56-4560-a7ed-dbfa17f4b908,29900,MCH-8e35d3c146,김밥천국,5812,2026-06-01 16:52:00,37.355518,127.460205,KR,DEV-278364e68c
4212,d950d71d-7d56-4560-a7ed-dbfa17f4b908,37700,MCH-c563ceac18,맥도날드,5814,2026-06-01 20:15:00,37.342763,127.460864,KR,DEV-278364e68c
4213,d950d71d-7d56-4560-a7ed-dbfa17f4b908,19500,MCH-a5c765e6ce,프리스비,5732,2026-06-02 20:34:00,37.325792,127.472972,KR,DEV-278364e68c
4214,d950d71d-7d56-4560-a7ed-dbfa17f4b908,130000,MCH-53b4838ce6,어도비(Adobe),5734,2026-06-03 22:37:00,37.357433,127.465919,KR,DEV-278364e68c
4215,d950d71d-7d56-4560-a7ed-dbfa17f4b908,78000,MCH-ca5e0a9e0b,AWS,7372,2026-06-04 09:09:00,37.333713,127.472352,KR,DEV-278364e68c
4216,d950d71d-7d56-4560-a7ed-dbfa17f4b908,117000,MCH-e7751d42a2,올리브영,5977,2026-06-04 13:17:00,37.339312,127.433996,KR,DEV-278364e68c
4217,d950d71d-7d56-4560-a7ed-dbfa17f4b908,21450,MCH-06553b267c,카카오택시,4121,2026-06-06 10:11:00,37.343093,127.472029,KR,DEV-278364e68c
4218,d950d71d-7d56-4560-a7ed-dbfa17f4b908,85800,MCH-a5c765e6ce,프리스비,5732,2026-06-06 10:27:00,37.316588,127.435672,KR,DEV-278364e68c
4219,d950d71d-7d56-4560-a7ed-dbfa17f4b908,169000,MCH-bed94775b8,패스트파이브,7011,2026-06-07 14:06:00,37.320649,127.4694,KR,DEV-278364e68c
4220,d950d71d-7d56-4560-a7ed-dbfa17f4b908,247000,MCH-53b4838ce6,어도비(Adobe),5734,2026-06-07 20:49:00,37.320147,127.424662,KR,DEV-278364e68c
4221,d950d71d-7d56-4560-a7ed-dbfa17f4b908,10920,MCH-5df4849ce1,지하철,4111,2026-06-09 08:12:00,37.360012,127.472067,KR,DEV-278364e68c
4222,d950d71d-7d56-4560-a7ed-dbfa17f4b908,5200,MCH-5df4849ce1,지하철,4111,2026-06-11 17:40:00,37.331648,127.440467,KR,DEV-278364e68c
4223,d950d71d-7d56-4560-a7ed-dbfa17f4b908,124800,MCH-ba944121a3,무신사,5651,2026-06-12 10:16:00,37.315148,127.469308,KR,DEV-278364e68c
4224,d950d71d-7d56-4560-a7ed-dbfa17f4b908,27300,MCH-fb4fb59d3a,스타벅스,5814,2026-06-13 16:15:00,37.352546,127.469774,KR,DEV-278364e68c
4225,d950d71d-7d56-4560-a7ed-dbfa17f4b908,117000,MCH-493f24c455,쿠팡,5399,2026-06-14 10:47:00,37.348987,127.461149,KR,DEV-278364e68c
4226,d950d71d-7d56-4560-a7ed-dbfa17f4b908,91000,MCH-493f24c455,쿠팡,5399,2026-06-14 15:40:00,37.31288,127.465,KR,DEV-278364e68c
4227,d950d71d-7d56-4560-a7ed-dbfa17f4b908,78000,MCH-ba944121a3,무신사,5651,2026-06-15 09:22:00,37.36008,127.464238,KR,DEV-278364e68c
4228,d950d71d-7d56-4560-a7ed-dbfa17f4b908,377000,MCH-ca5e0a9e0b,AWS,7372,2026-06-17 13:44:00,37.352222,127.45196,KR,DEV-278364e68c
4229,d950d71d-7d56-4560-a7ed-dbfa17f4b908,364000,MCH-53b4838ce6,어도비(Adobe),5734,2026-06-17 16:17:00,37.355384,127.430585,KR,DEV-278364e68c
4230,d950d71d-7d56-4560-a7ed-dbfa17f4b908,23010,MCH-0d60345572,버스,4111,2026-06-17 16:50:00,37.348453,127.475183,KR,DEV-278364e68c
4231,d950d71d-7d56-4560-a7ed-dbfa17f4b908,364000,MCH-8fff18fdd2,노션,7372,2026-06-18 13:05:00,37.354583,127.442879,KR,DEV-278364e68c
4232,d950d71d-7d56-4560-a7ed-dbfa17f4b908,19630,MCH-06553b267c,카카오택시,4121,2026-06-19 10:22:00,37.321075,127.433212,KR,DEV-278364e68c
4233,d950d71d-7d56-4560-a7ed-dbfa17f4b908,24700,MCH-ab42b36c0b,배달의민족,5812,2026-06-19 10:35:00,37.348354,127.457647,KR,DEV-278364e68c
4234,d950d71d-7d56-4560-a7ed-dbfa17f4b908,9100,MCH-fb4fb59d3a,스타벅스,5814,2026-06-19 21:10:00,37.344316,127.436908,KR,DEV-278364e68c
4235,d950d71d-7d56-4560-a7ed-dbfa17f4b908,39000,MCH-fb4fb59d3a,스타벅스,5814,2026-06-20 08:38:00,37.317192,127.454085,KR,DEV-278364e68c
4236,d950d71d-7d56-4560-a7ed-dbfa17f4b908,31200,MCH-c563ceac18,맥도날드,5814,2026-06-21 09:03:00,37.357666,127.458263,KR,DEV-278364e68c
4237,d950d71d-7d56-4560-a7ed-dbfa17f4b908,234000,MCH-8fff18fdd2,노션,7372,2026-06-21 11:11:00,37.331003,127.468648,KR,DEV-278364e68c
4238,d950d71d-7d56-4560-a7ed-dbfa17f4b908,6500,MCH-8e35d3c146,김밥천국,5812,2026-06-21 12:58:00,37.357424,127.447256,KR,DEV-278364e68c
4239,d950d71d-7d56-4560-a7ed-dbfa17f4b908,24700,MCH-ab42b36c0b,배달의민족,5812,2026-06-23 09:05:00,37.323333,127.456759,KR,DEV-278364e68c
4240,d950d71d-7d56-4560-a7ed-dbfa17f4b908,247000,MCH-ca5e0a9e0b,AWS,7372,2026-06-24 15:42:00,37.312792,127.425817,KR,DEV-278364e68c
4241,d950d71d-7d56-4560-a7ed-dbfa17f4b908,65000,MCH-8fff18fdd2,노션,7372,2026-06-25 08:36:00,37.327689,127.461598,KR,DEV-278364e68c
4242,d950d71d-7d56-4560-a7ed-dbfa17f4b908,97500,MCH-493f24c455,쿠팡,5399,2026-06-25 14:55:00,37.318473,127.460321,KR,DEV-278364e68c
4243,d950d71d-7d56-4560-a7ed-dbfa17f4b908,89700,MCH-ba944121a3,무신사,5651,2026-06-25 18:09:00,37.337508,127.434094,KR,DEV-278364e68c
4244,d950d71d-7d56-4560-a7ed-dbfa17f4b908,182000,MCH-8fff18fdd2,노션,7372,2026-06-27 19:05:00,37.318677,127.458041,KR,DEV-278364e68c
4245,d950d71d-7d56-4560-a7ed-dbfa17f4b908,260000,MCH-8fff18fdd2,노션,7372,2026-06-28 14:57:00,37.322137,127.448687,KR,DEV-278364e68c
4246,d950d71d-7d56-4560-a7ed-dbfa17f4b908,5720,MCH-0d60345572,버스,4111,2026-06-28 22:47:00,37.323292,127.428648,KR,DEV-278364e68c
4247,d950d71d-7d56-4560-a7ed-dbfa17f4b908,234000,MCH-8fff18fdd2,노션,7372,2026-06-30 20:04:00,37.34515,127.433022,KR,DEV-278364e68c
4248,d950d71d-7d56-4560-a7ed-dbfa17f4b908,286000,MCH-8fff18fdd2,노션,7372,2026-07-01 11:28:00,37.328683,127.433167,KR,DEV-278364e68c
4249,d950d71d-7d56-4560-a7ed-dbfa17f4b908,31200,MCH-8e35d3c146,김밥천국,5812,2026-07-01 17:36:00,37.342235,127.424358,KR,DEV-278364e68c
4250,d950d71d-7d56-4560-a7ed-dbfa17f4b908,8450,MCH-0d60345572,버스,4111,2026-07-02 16:52:00,37.339301,127.435128,KR,DEV-278364e68c
4251,d950d71d-7d56-4560-a7ed-dbfa17f4b908,208000,MCH-ca5e0a9e0b,AWS,7372,2026-07-02 21:18:00,37.326291,127.454115,KR,DEV-278364e68c
4252,d950d71d-7d56-4560-a7ed-dbfa17f4b908,1950,MCH-06553b267c,카카오택시,4121,2026-07-03 17:21:00,37.340356,127.462962,KR,DEV-278364e68c
4253,d950d71d-7d56-4560-a7ed-dbfa17f4b908,65000,MCH-493f24c455,쿠팡,5399,2026-07-03 19:29:00,37.332938,127.464428,KR,DEV-278364e68c
4254,d950d71d-7d56-4560-a7ed-dbfa17f4b908,14950,MCH-06553b267c,카카오택시,4121,2026-07-04 19:17:00,37.329395,127.463393,KR,DEV-278364e68c
4255,d950d71d-7d56-4560-a7ed-dbfa17f4b908,299000,MCH-53b4838ce6,어도비(Adobe),5734,2026-07-04 20:14:00,37.354654,127.455906,KR,DEV-278364e68c
4256,d950d71d-7d56-4560-a7ed-dbfa17f4b908,67600,MCH-493f24c455,쿠팡,5399,2026-07-06 11:29:00,37.338897,127.458291,KR,DEV-278364e68c
4257,d950d71d-7d56-4560-a7ed-dbfa17f4b908,234000,MCH-8fff18fdd2,노션,7372,2026-07-06 12:57:00,37.353152,127.46887,KR,DEV-278364e68c
4258,d950d71d-7d56-4560-a7ed-dbfa17f4b908,22100,MCH-fb4fb59d3a,스타벅스,5814,2026-07-06 19:24:00,37.361481,127.437447,KR,DEV-278364e68c
4259,d950d71d-7d56-4560-a7ed-dbfa17f4b908,19500,MCH-ab42b36c0b,배달의민족,5812,2026-07-07 08:44:00,37.350089,127.454471,KR,DEV-278364e68c
4260,d950d71d-7d56-4560-a7ed-dbfa17f4b908,28600,MCH-493f24c455,쿠팡,5399,2026-07-07 10:28:00,37.317189,127.443439,KR,DEV-278364e68c
4261,d950d71d-7d56-4560-a7ed-dbfa17f4b908,80600,MCH-493f24c455,쿠팡,5399,2026-07-07 18:19:00,37.359876,127.464101,KR,DEV-278364e68c
4262,d950d71d-7d56-4560-a7ed-dbfa17f4b908,54600,MCH-a5c765e6ce,프리스비,5732,2026-07-08 08:25:00,37.325883,127.437722,KR,DEV-278364e68c
4263,d950d71d-7d56-4560-a7ed-dbfa17f4b908,140000,MCH-fa2d4c28ac,AliExpress_CN,5399,2026-07-08 10:57:00,37.365252,127.442929,US,DEV-278364e68c
4264,d950d71d-7d56-4560-a7ed-dbfa17f4b908,351000,MCH-bed94775b8,패스트파이브,7011,2026-07-08 20:56:00,37.336264,127.434694,KR,DEV-278364e68c
4265,d950d71d-7d56-4560-a7ed-dbfa17f4b908,377000,MCH-8fff18fdd2,노션,7372,2026-07-09 09:39:00,37.322393,127.445468,KR,DEV-278364e68c
4266,d950d71d-7d56-4560-a7ed-dbfa17f4b908,46800,MCH-e7751d42a2,올리브영,5977,2026-07-10 19:32:00,37.337924,127.434383,KR,DEV-278364e68c
4267,d950d71d-7d56-4560-a7ed-dbfa17f4b908,23400,MCH-ba944121a3,무신사,5651,2026-07-10 19:54:00,37.359423,127.450517,KR,DEV-278364e68c
4268,d950d71d-7d56-4560-a7ed-dbfa17f4b908,118300,MCH-e7751d42a2,올리브영,5977,2026-07-10 20:52:00,37.339888,127.441078,KR,DEV-278364e68c
4269,d950d71d-7d56-4560-a7ed-dbfa17f4b908,39000,MCH-a5c765e6ce,프리스비,5732,2026-07-11 19:29:00,37.358092,127.457711,KR,DEV-278364e68c
4270,d950d71d-7d56-4560-a7ed-dbfa17f4b908,286000,MCH-53b4838ce6,어도비(Adobe),5734,2026-07-11 21:25:00,37.347501,127.453615,KR,DEV-278364e68c
4271,d950d71d-7d56-4560-a7ed-dbfa17f4b908,260000,MCH-ca5e0a9e0b,AWS,7372,2026-07-12 09:35:00,37.316808,127.477083,KR,DEV-278364e68c
4272,d950d71d-7d56-4560-a7ed-dbfa17f4b908,85800,MCH-fb4fb59d3a,스타벅스,5814,2026-07-12 20:10:00,36.560277,128.905393,KR,DEV-278364e68c
4273,d950d71d-7d56-4560-a7ed-dbfa17f4b908,377000,MCH-ca5e0a9e0b,AWS,7372,2026-07-12 21:32:00,37.313281,127.433649,KR,DEV-278364e68c
4274,d950d71d-7d56-4560-a7ed-dbfa17f4b908,7540,MCH-0d60345572,버스,4111,2026-07-13 14:37:00,37.341338,127.467741,KR,DEV-278364e68c
4275,d950d71d-7d56-4560-a7ed-dbfa17f4b908,24700,MCH-fb4fb59d3a,스타벅스,5814,2026-07-13 19:58:00,37.354072,127.465052,KR,DEV-278364e68c
4276,d950d71d-7d56-4560-a7ed-dbfa17f4b908,338000,MCH-8fff18fdd2,노션,7372,2026-07-15 18:38:00,37.317187,127.464969,KR,DEV-278364e68c
4277,d950d71d-7d56-4560-a7ed-dbfa17f4b908,2390000,MCH-cac2f457b6,금은방_귀금속,5944,2026-07-17 03:35:00,37.32645,127.456114,KR,DEV-278364e68c
4278,d950d71d-7d56-4560-a7ed-dbfa17f4b908,351000,MCH-53b4838ce6,어도비(Adobe),5734,2026-07-17 10:50:00,37.352614,127.438313,KR,DEV-278364e68c
4279,d950d71d-7d56-4560-a7ed-dbfa17f4b908,28600,MCH-ab42b36c0b,배달의민족,5812,2026-07-17 15:12:00,37.366202,127.455657,KR,DEV-278364e68c
4280,d950d71d-7d56-4560-a7ed-dbfa17f4b908,10400,MCH-fb4fb59d3a,스타벅스,5814,2026-07-21 14:41:00,37.327132,127.435278,KR,DEV-278364e68c
4281,d950d71d-7d56-4560-a7ed-dbfa17f4b908,325000,MCH-ca5e0a9e0b,AWS,7372,2026-07-21 16:05:00,37.360181,127.45469,KR,DEV-278364e68c
4282,d950d71d-7d56-4560-a7ed-dbfa17f4b908,7800,MCH-8e35d3c146,김밥천국,5812,2026-07-21 22:38:00,37.323274,127.447547,KR,DEV-278364e68c
4283,d950d71d-7d56-4560-a7ed-dbfa17f4b908,118300,MCH-a5c765e6ce,프리스비,5732,2026-07-22 14:35:00,37.358912,127.447844,KR,DEV-278364e68c
4284,d950d71d-7d56-4560-a7ed-dbfa17f4b908,2860,MCH-0d60345572,버스,4111,2026-07-22 18:54:00,37.359512,127.439288,KR,DEV-278364e68c
4285,d950d71d-7d56-4560-a7ed-dbfa17f4b908,27300,MCH-fb4fb59d3a,스타벅스,5814,2026-07-22 18:57:00,37.314778,127.470848,KR,DEV-278364e68c
4286,d950d71d-7d56-4560-a7ed-dbfa17f4b908,325000,MCH-ca5e0a9e0b,AWS,7372,2026-07-23 18:29:00,37.348142,127.475502,KR,DEV-278364e68c
4287,d950d71d-7d56-4560-a7ed-dbfa17f4b908,20410,MCH-06553b267c,카카오택시,4121,2026-07-27 08:33:00,37.321749,127.448816,KR,DEV-278364e68c
4288,d950d71d-7d56-4560-a7ed-dbfa17f4b908,88400,MCH-a5c765e6ce,프리스비,5732,2026-07-27 11:43:00,37.313384,127.457067,KR,DEV-278364e68c
4289,d950d71d-7d56-4560-a7ed-dbfa17f4b908,22880,MCH-5b1162a765,KTX,4112,2026-07-27 18:11:00,37.32678,127.437847,KR,DEV-278364e68c
4290,d950d71d-7d56-4560-a7ed-dbfa17f4b908,130000,MCH-53b4838ce6,어도비(Adobe),5734,2026-07-28 08:47:00,37.349261,127.470589,KR,DEV-278364e68c
4291,d950d71d-7d56-4560-a7ed-dbfa17f4b908,33800,MCH-c563ceac18,맥도날드,5814,2026-07-28 22:23:00,37.35629,127.473583,KR,DEV-278364e68c
4292,d950d71d-7d56-4560-a7ed-dbfa17f4b908,29900,MCH-ab42b36c0b,배달의민족,5812,2026-07-30 15:25:00,37.337264,127.436729,KR,DEV-278364e68c
4293,d950d71d-7d56-4560-a7ed-dbfa17f4b908,377000,MCH-8fff18fdd2,노션,7372,2026-08-01 12:43:00,37.35323,127.461122,KR,DEV-278364e68c
4294,d950d71d-7d56-4560-a7ed-dbfa17f4b908,221000,MCH-ca5e0a9e0b,AWS,7372,2026-08-01 13:08:00,37.336742,127.430416,KR,DEV-278364e68c
4295,d950d71d-7d56-4560-a7ed-dbfa17f4b908,25090,MCH-5df4849ce1,지하철,4111,2026-08-01 20:27:00,37.360663,127.439956,KR,DEV-278364e68c
4296,d950d71d-7d56-4560-a7ed-dbfa17f4b908,104000,MCH-ca5e0a9e0b,AWS,7372,2026-08-02 13:55:00,37.357185,127.43799,KR,DEV-278364e68c
4297,d950d71d-7d56-4560-a7ed-dbfa17f4b908,234000,MCH-bed94775b8,패스트파이브,7011,2026-08-03 10:12:00,37.325926,127.443259,KR,DEV-278364e68c
4298,d950d71d-7d56-4560-a7ed-dbfa17f4b908,119600,MCH-ba944121a3,무신사,5651,2026-08-03 20:39:00,37.324956,127.425367,KR,DEV-278364e68c
4299,d950d71d-7d56-4560-a7ed-dbfa17f4b908,29900,MCH-ab42b36c0b,배달의민족,5812,2026-08-03 21:31:00,37.33452,127.454927,KR,DEV-278364e68c
4300,d950d71d-7d56-4560-a7ed-dbfa17f4b908,130000,MCH-bed94775b8,패스트파이브,7011,2026-08-04 10:26:00,37.315209,127.437158,KR,DEV-278364e68c
4301,d950d71d-7d56-4560-a7ed-dbfa17f4b908,3910000,MCH-9449f2d5d1,중고거래_송금,6051,2026-08-05 05:11:00,37.335017,127.427217,KR,DEV-278364e68c
4302,d950d71d-7d56-4560-a7ed-dbfa17f4b908,22100,MCH-8e35d3c146,김밥천국,5812,2026-08-06 16:32:00,37.363903,127.452919,KR,DEV-278364e68c
4303,d950d71d-7d56-4560-a7ed-dbfa17f4b908,299000,MCH-ca5e0a9e0b,AWS,7372,2026-08-06 22:47:00,37.365737,127.472407,KR,DEV-278364e68c
4304,d950d71d-7d56-4560-a7ed-dbfa17f4b908,39000,MCH-e7751d42a2,올리브영,5977,2026-08-07 11:16:00,37.322603,127.472822,KR,DEV-278364e68c
4305,d950d71d-7d56-4560-a7ed-dbfa17f4b908,104000,MCH-ca5e0a9e0b,AWS,7372,2026-08-07 13:12:00,37.31512,127.474507,KR,DEV-278364e68c
4306,d950d71d-7d56-4560-a7ed-dbfa17f4b908,40300,MCH-a5c765e6ce,프리스비,5732,2026-08-07 14:00:00,37.352805,127.476048,KR,DEV-278364e68c
4307,d950d71d-7d56-4560-a7ed-dbfa17f4b908,9100,MCH-06553b267c,카카오택시,4121,2026-08-10 12:07:00,37.32474,127.425114,KR,DEV-278364e68c
4308,d950d71d-7d56-4560-a7ed-dbfa17f4b908,390000,MCH-53b4838ce6,어도비(Adobe),5734,2026-08-10 12:47:00,37.320414,127.456637,KR,DEV-278364e68c
4309,d950d71d-7d56-4560-a7ed-dbfa17f4b908,290000,MCH-fa2d4c28ac,AliExpress_CN,5399,2026-08-10 20:53:00,37.340403,127.454365,UK,DEV-278364e68c
4310,d950d71d-7d56-4560-a7ed-dbfa17f4b908,122200,MCH-493f24c455,쿠팡,5399,2026-08-12 12:35:00,37.343302,127.449477,KR,DEV-278364e68c
4311,d950d71d-7d56-4560-a7ed-dbfa17f4b908,15600,MCH-c563ceac18,맥도날드,5814,2026-08-12 13:53:00,37.364891,127.458368,KR,DEV-278364e68c
4312,d950d71d-7d56-4560-a7ed-dbfa17f4b908,18200,MCH-c563ceac18,맥도날드,5814,2026-08-12 22:00:00,37.357496,127.444032,KR,DEV-278364e68c
4313,d950d71d-7d56-4560-a7ed-dbfa17f4b908,3200000,MCH-c3acdc127f,유흥업소,5813,2026-08-13 04:30:00,37.345759,127.445399,KR,DEV-278364e68c
4314,d950d71d-7d56-4560-a7ed-dbfa17f4b908,59800,MCH-e7751d42a2,올리브영,5977,2026-08-13 18:59:00,37.319598,127.423522,KR,DEV-278364e68c
4315,d950d71d-7d56-4560-a7ed-dbfa17f4b908,325000,MCH-53b4838ce6,어도비(Adobe),5734,2026-08-13 21:23:00,37.363165,127.474109,KR,DEV-278364e68c
4316,d950d71d-7d56-4560-a7ed-dbfa17f4b908,22100,MCH-ab42b36c0b,배달의민족,5812,2026-08-14 09:00:00,37.32467,127.42721,KR,DEV-278364e68c
4317,d950d71d-7d56-4560-a7ed-dbfa17f4b908,169000,MCH-bed94775b8,패스트파이브,7011,2026-08-14 09:45:00,37.312843,127.436689,KR,DEV-278364e68c
4318,d950d71d-7d56-4560-a7ed-dbfa17f4b908,78000,MCH-8fff18fdd2,노션,7372,2026-08-15 11:26:00,37.347201,127.42725,KR,DEV-278364e68c
4319,d950d71d-7d56-4560-a7ed-dbfa17f4b908,351000,MCH-ca5e0a9e0b,AWS,7372,2026-08-15 13:53:00,37.343592,127.45914,KR,DEV-278364e68c
4320,d950d71d-7d56-4560-a7ed-dbfa17f4b908,27300,MCH-c563ceac18,맥도날드,5814,2026-08-15 15:12:00,37.357659,127.455593,KR,DEV-278364e68c
4321,d950d71d-7d56-4560-a7ed-dbfa17f4b908,286000,MCH-8fff18fdd2,노션,7372,2026-08-17 17:00:00,37.358521,127.440073,KR,DEV-278364e68c
4322,d950d71d-7d56-4560-a7ed-dbfa17f4b908,55900,MCH-a5c765e6ce,프리스비,5732,2026-08-18 13:04:00,37.336475,127.475114,KR,DEV-278364e68c
4323,d950d71d-7d56-4560-a7ed-dbfa17f4b908,91000,MCH-8fff18fdd2,노션,7372,2026-08-18 15:44:00,37.354989,127.457336,KR,DEV-278364e68c
4324,d950d71d-7d56-4560-a7ed-dbfa17f4b908,31200,MCH-e7751d42a2,올리브영,5977,2026-08-18 20:48:00,37.360309,127.460685,KR,DEV-278364e68c
4325,d950d71d-7d56-4560-a7ed-dbfa17f4b908,10400,MCH-5df4849ce1,지하철,4111,2026-08-19 08:38:00,37.344538,127.42753,KR,DEV-278364e68c
4326,d950d71d-7d56-4560-a7ed-dbfa17f4b908,10140,MCH-0d60345572,버스,4111,2026-08-20 17:42:00,37.327141,127.466574,KR,DEV-278364e68c
4327,d950d71d-7d56-4560-a7ed-dbfa17f4b908,19500,MCH-fb4fb59d3a,스타벅스,5814,2026-08-20 22:53:00,37.33109,127.452727,KR,DEV-278364e68c
4328,d950d71d-7d56-4560-a7ed-dbfa17f4b908,130000,MCH-ca5e0a9e0b,AWS,7372,2026-08-21 09:51:00,37.325919,127.473187,KR,DEV-278364e68c
4329,d950d71d-7d56-4560-a7ed-dbfa17f4b908,29900,MCH-fb4fb59d3a,스타벅스,5814,2026-08-21 11:57:00,37.339068,127.448845,KR,DEV-278364e68c
4330,d950d71d-7d56-4560-a7ed-dbfa17f4b908,286000,MCH-53b4838ce6,어도비(Adobe),5734,2026-08-21 12:01:00,37.31316,127.440126,KR,DEV-278364e68c
4331,d950d71d-7d56-4560-a7ed-dbfa17f4b908,156000,MCH-53b4838ce6,어도비(Adobe),5734,2026-08-22 16:23:00,37.333758,127.431955,KR,DEV-278364e68c
4332,ddd9b3e6-b616-4838-8dfb-02bc6670ed15,24200,MCH-c563ceac18,맥도날드,5814,2026-05-25 09:09:00,36.457786,128.954027,KR,DEV-2363b20789
4333,ddd9b3e6-b616-4838-8dfb-02bc6670ed15,41800,MCH-ab42b36c0b,배달의민족,5812,2026-05-25 10:53:00,36.444282,128.943583,KR,DEV-2363b20789
4334,ddd9b3e6-b616-4838-8dfb-02bc6670ed15,79200,MCH-493f24c455,쿠팡,5399,2026-05-25 13:02:00,36.424209,128.954473,KR,DEV-2363b20789
4335,ddd9b3e6-b616-4838-8dfb-02bc6670ed15,121000,MCH-e7751d42a2,올리브영,5977,2026-05-26 12:38:00,36.443756,128.938786,KR,DEV-2363b20789
4336,ddd9b3e6-b616-4838-8dfb-02bc6670ed15,484000,MCH-53b4838ce6,어도비(Adobe),5734,2026-05-28 15:25:00,36.433207,128.943614,KR,DEV-2363b20789
4337,ddd9b3e6-b616-4838-8dfb-02bc6670ed15,660000,MCH-53b4838ce6,어도비(Adobe),5734,2026-05-28 19:08:00,36.449732,128.955883,KR,DEV-2363b20789
4338,ddd9b3e6-b616-4838-8dfb-02bc6670ed15,46200,MCH-a5c765e6ce,프리스비,5732,2026-05-29 16:54:00,36.430507,128.953102,KR,DEV-2363b20789
4339,ddd9b3e6-b616-4838-8dfb-02bc6670ed15,151800,MCH-493f24c455,쿠팡,5399,2026-06-02 19:40:00,36.455181,128.93376,KR,DEV-2363b20789
4340,ddd9b3e6-b616-4838-8dfb-02bc6670ed15,70400,MCH-a5c765e6ce,프리스비,5732,2026-06-02 20:50:00,36.465552,128.908141,KR,DEV-2363b20789
4341,ddd9b3e6-b616-4838-8dfb-02bc6670ed15,123200,MCH-493f24c455,쿠팡,5399,2026-06-03 10:48:00,36.458134,128.952404,KR,DEV-2363b20789
4342,ddd9b3e6-b616-4838-8dfb-02bc6670ed15,35200,MCH-493f24c455,쿠팡,5399,2026-06-03 20:01:00,36.457618,128.959424,KR,DEV-2363b20789
4343,ddd9b3e6-b616-4838-8dfb-02bc6670ed15,132000,MCH-8fff18fdd2,노션,7372,2026-06-05 20:40:00,36.464323,128.929491,KR,DEV-2363b20789
4344,ddd9b3e6-b616-4838-8dfb-02bc6670ed15,114400,MCH-e7751d42a2,올리브영,5977,2026-06-07 12:10:00,36.457123,128.948718,KR,DEV-2363b20789
4345,ddd9b3e6-b616-4838-8dfb-02bc6670ed15,112200,MCH-ba944121a3,무신사,5651,2026-06-07 15:33:00,36.464722,128.938213,KR,DEV-2363b20789
4346,ddd9b3e6-b616-4838-8dfb-02bc6670ed15,162800,MCH-ba944121a3,무신사,5651,2026-06-09 08:02:00,36.4634,128.922741,KR,DEV-2363b20789
4347,ddd9b3e6-b616-4838-8dfb-02bc6670ed15,38940,MCH-0d60345572,버스,4111,2026-06-09 13:05:00,36.42094,128.919886,KR,DEV-2363b20789
4348,ddd9b3e6-b616-4838-8dfb-02bc6670ed15,193600,MCH-a5c765e6ce,프리스비,5732,2026-06-10 14:46:00,36.440766,128.908411,KR,DEV-2363b20789
4349,ddd9b3e6-b616-4838-8dfb-02bc6670ed15,18260,MCH-5df4849ce1,지하철,4111,2026-06-10 16:14:00,36.442691,128.936194,KR,DEV-2363b20789
4350,ddd9b3e6-b616-4838-8dfb-02bc6670ed15,206800,MCH-493f24c455,쿠팡,5399,2026-06-13 20:40:00,36.467061,128.935938,KR,DEV-2363b20789
4351,ddd9b3e6-b616-4838-8dfb-02bc6670ed15,286000,MCH-bed94775b8,패스트파이브,7011,2026-06-14 21:33:00,36.424071,128.949113,KR,DEV-2363b20789
4352,ddd9b3e6-b616-4838-8dfb-02bc6670ed15,178200,MCH-a5c765e6ce,프리스비,5732,2026-06-16 11:24:00,36.455588,128.935355,KR,DEV-2363b20789
4353,ddd9b3e6-b616-4838-8dfb-02bc6670ed15,74800,MCH-a5c765e6ce,프리스비,5732,2026-06-16 18:04:00,36.430934,128.940775,KR,DEV-2363b20789
4354,ddd9b3e6-b616-4838-8dfb-02bc6670ed15,147400,MCH-e7751d42a2,올리브영,5977,2026-06-17 12:10:00,36.436743,128.914998,KR,DEV-2363b20789
4355,ddd9b3e6-b616-4838-8dfb-02bc6670ed15,5500,MCH-5b1162a765,KTX,4112,2026-06-17 21:24:00,36.426416,128.957696,KR,DEV-2363b20789
4356,ddd9b3e6-b616-4838-8dfb-02bc6670ed15,570000,MCH-96930209b1,Amazon_US,5942,2026-06-17 23:46:00,36.468327,128.946653,UK,DEV-2363b20789
4357,ddd9b3e6-b616-4838-8dfb-02bc6670ed15,13640,MCH-06553b267c,카카오택시,4121,2026-06-18 14:50:00,36.471932,128.92596,KR,DEV-2363b20789
4358,ddd9b3e6-b616-4838-8dfb-02bc6670ed15,114400,MCH-e7751d42a2,올리브영,5977,2026-06-18 16:36:00,36.456933,128.931158,KR,DEV-2363b20789
4359,ddd9b3e6-b616-4838-8dfb-02bc6670ed15,85800,MCH-e7751d42a2,올리브영,5977,2026-06-18 21:58:00,36.457316,128.924137,KR,DEV-2363b20789
4360,ddd9b3e6-b616-4838-8dfb-02bc6670ed15,57200,MCH-fb4fb59d3a,스타벅스,5814,2026-06-21 19:21:00,36.435677,128.944978,KR,DEV-2363b20789
4361,ddd9b3e6-b616-4838-8dfb-02bc6670ed15,72600,MCH-a5c765e6ce,프리스비,5732,2026-06-23 20:06:00,36.43782,128.94408,KR,DEV-2363b20789
4362,ddd9b3e6-b616-4838-8dfb-02bc6670ed15,85800,MCH-e7751d42a2,올리브영,5977,2026-06-23 21:33:00,36.470329,128.917056,KR,DEV-2363b20789
4363,ddd9b3e6-b616-4838-8dfb-02bc6670ed15,94600,MCH-e7751d42a2,올리브영,5977,2026-06-24 08:56:00,36.431491,128.91748,KR,DEV-2363b20789
4364,ddd9b3e6-b616-4838-8dfb-02bc6670ed15,63800,MCH-8e35d3c146,김밥천국,5812,2026-06-24 13:24:00,36.422668,128.909916,KR,DEV-2363b20789
4365,ddd9b3e6-b616-4838-8dfb-02bc6670ed15,99000,MCH-a5c765e6ce,프리스비,5732,2026-06-24 17:05:00,36.459776,128.948323,KR,DEV-2363b20789
4366,ddd9b3e6-b616-4838-8dfb-02bc6670ed15,187000,MCH-493f24c455,쿠팡,5399,2026-06-25 10:53:00,36.422378,128.911532,KR,DEV-2363b20789
4367,ddd9b3e6-b616-4838-8dfb-02bc6670ed15,211200,MCH-ba944121a3,무신사,5651,2026-06-25 19:31:00,36.470753,128.918972,KR,DEV-2363b20789
4368,ddd9b3e6-b616-4838-8dfb-02bc6670ed15,24200,MCH-c563ceac18,맥도날드,5814,2026-06-25 21:01:00,36.459723,128.934112,KR,DEV-2363b20789
4369,ddd9b3e6-b616-4838-8dfb-02bc6670ed15,308000,MCH-53b4838ce6,어도비(Adobe),5734,2026-06-26 17:04:00,36.453748,128.924453,KR,DEV-2363b20789
4370,ddd9b3e6-b616-4838-8dfb-02bc6670ed15,528000,MCH-53b4838ce6,어도비(Adobe),5734,2026-06-26 18:13:00,36.453009,128.957674,KR,DEV-2363b20789
4371,ddd9b3e6-b616-4838-8dfb-02bc6670ed15,39600,MCH-e7751d42a2,올리브영,5977,2026-06-27 17:08:00,36.436586,128.918267,KR,DEV-2363b20789
4372,ddd9b3e6-b616-4838-8dfb-02bc6670ed15,202400,MCH-a5c765e6ce,프리스비,5732,2026-06-27 17:32:00,36.442804,128.914984,KR,DEV-2363b20789
4373,ddd9b3e6-b616-4838-8dfb-02bc6670ed15,59400,MCH-fb4fb59d3a,스타벅스,5814,2026-06-28 19:54:00,36.438907,128.928371,KR,DEV-2363b20789
4374,ddd9b3e6-b616-4838-8dfb-02bc6670ed15,127600,MCH-493f24c455,쿠팡,5399,2026-06-29 11:31:00,36.442802,128.946148,KR,DEV-2363b20789
4375,ddd9b3e6-b616-4838-8dfb-02bc6670ed15,140800,MCH-493f24c455,쿠팡,5399,2026-06-30 10:43:00,36.442293,128.938596,KR,DEV-2363b20789
4376,ddd9b3e6-b616-4838-8dfb-02bc6670ed15,68200,MCH-493f24c455,쿠팡,5399,2026-06-30 14:49:00,36.463531,128.908268,KR,DEV-2363b20789
4377,ddd9b3e6-b616-4838-8dfb-02bc6670ed15,462000,MCH-53b4838ce6,어도비(Adobe),5734,2026-06-30 22:13:00,36.471537,128.956781,KR,DEV-2363b20789
4378,ddd9b3e6-b616-4838-8dfb-02bc6670ed15,127600,MCH-e7751d42a2,올리브영,5977,2026-07-01 13:03:00,36.432295,128.957264,KR,DEV-2363b20789
4379,ddd9b3e6-b616-4838-8dfb-02bc6670ed15,209000,MCH-ba944121a3,무신사,5651,2026-07-01 21:31:00,36.448307,128.915676,KR,DEV-2363b20789
4380,ddd9b3e6-b616-4838-8dfb-02bc6670ed15,9680,MCH-06553b267c,카카오택시,4121,2026-07-02 11:19:00,36.473974,128.950702,KR,DEV-2363b20789
4381,ddd9b3e6-b616-4838-8dfb-02bc6670ed15,396000,MCH-ca5e0a9e0b,AWS,7372,2026-07-04 08:13:00,36.439308,128.918596,KR,DEV-2363b20789
4382,ddd9b3e6-b616-4838-8dfb-02bc6670ed15,41800,MCH-ab42b36c0b,배달의민족,5812,2026-07-04 19:44:00,36.441022,128.944889,KR,DEV-2363b20789
4383,ddd9b3e6-b616-4838-8dfb-02bc6670ed15,840000,MCH-489f756ae2,Steam_Global,5816,2026-07-04 22:04:00,36.465235,128.933189,CN,DEV-2363b20789
4384,ddd9b3e6-b616-4838-8dfb-02bc6670ed15,25960,MCH-5df4849ce1,지하철,4111,2026-07-05 20:38:00,36.459419,128.930254,KR,DEV-2363b20789
4385,ddd9b3e6-b616-4838-8dfb-02bc6670ed15,72600,MCH-a5c765e6ce,프리스비,5732,2026-07-06 13:36:00,36.449722,128.925556,KR,DEV-2363b20789
4386,ddd9b3e6-b616-4838-8dfb-02bc6670ed15,187000,MCH-e7751d42a2,올리브영,5977,2026-07-06 18:38:00,36.451747,128.926079,KR,DEV-2363b20789
4387,ddd9b3e6-b616-4838-8dfb-02bc6670ed15,57200,MCH-ba944121a3,무신사,5651,2026-07-06 22:33:00,36.461114,128.942298,KR,DEV-2363b20789
4388,ddd9b3e6-b616-4838-8dfb-02bc6670ed15,176000,MCH-ca5e0a9e0b,AWS,7372,2026-07-08 10:53:00,36.463616,128.952077,KR,DEV-2363b20789
4389,ddd9b3e6-b616-4838-8dfb-02bc6670ed15,37400,MCH-8e35d3c146,김밥천국,5812,2026-07-08 17:35:00,36.465079,128.921677,KR,DEV-2363b20789
4390,ddd9b3e6-b616-4838-8dfb-02bc6670ed15,213400,MCH-493f24c455,쿠팡,5399,2026-07-11 15:11:00,36.455397,128.930474,KR,DEV-2363b20789
4391,ddd9b3e6-b616-4838-8dfb-02bc6670ed15,123200,MCH-a5c765e6ce,프리스비,5732,2026-07-11 18:42:00,36.437519,128.956737,KR,DEV-2363b20789
4392,ddd9b3e6-b616-4838-8dfb-02bc6670ed15,572000,MCH-ca5e0a9e0b,AWS,7372,2026-07-11 22:35:00,36.440346,128.918949,KR,DEV-2363b20789
4393,ddd9b3e6-b616-4838-8dfb-02bc6670ed15,145200,MCH-a5c765e6ce,프리스비,5732,2026-07-12 17:48:00,36.444256,128.90738,KR,DEV-2363b20789
4394,ddd9b3e6-b616-4838-8dfb-02bc6670ed15,198000,MCH-53b4838ce6,어도비(Adobe),5734,2026-07-12 22:44:00,36.469289,128.957655,KR,DEV-2363b20789
4395,ddd9b3e6-b616-4838-8dfb-02bc6670ed15,129800,MCH-ba944121a3,무신사,5651,2026-07-13 14:40:00,36.435169,128.948119,KR,DEV-2363b20789
4396,ddd9b3e6-b616-4838-8dfb-02bc6670ed15,970000,MCH-489f756ae2,Steam_Global,5816,2026-07-14 04:49:00,36.446839,128.928787,US,DEV-2363b20789
4397,ddd9b3e6-b616-4838-8dfb-02bc6670ed15,18260,MCH-5df4849ce1,지하철,4111,2026-07-15 14:34:00,36.473788,128.946325,KR,DEV-2363b20789
4398,ddd9b3e6-b616-4838-8dfb-02bc6670ed15,209000,MCH-e7751d42a2,올리브영,5977,2026-07-15 22:02:00,36.452552,128.947554,KR,DEV-2363b20789
4399,ddd9b3e6-b616-4838-8dfb-02bc6670ed15,528000,MCH-bed94775b8,패스트파이브,7011,2026-07-16 14:58:00,36.432883,128.906114,KR,DEV-2363b20789
4400,ddd9b3e6-b616-4838-8dfb-02bc6670ed15,39600,MCH-e7751d42a2,올리브영,5977,2026-07-19 08:04:00,36.424846,128.941887,KR,DEV-2363b20789
4401,ddd9b3e6-b616-4838-8dfb-02bc6670ed15,61600,MCH-fb4fb59d3a,스타벅스,5814,2026-07-19 13:03:00,36.423815,128.940804,KR,DEV-2363b20789
4402,ddd9b3e6-b616-4838-8dfb-02bc6670ed15,213400,MCH-ba944121a3,무신사,5651,2026-07-19 14:40:00,36.462608,128.952405,KR,DEV-2363b20789
4403,ddd9b3e6-b616-4838-8dfb-02bc6670ed15,200200,MCH-ba944121a3,무신사,5651,2026-07-20 12:25:00,36.435913,128.906671,KR,DEV-2363b20789
4404,ddd9b3e6-b616-4838-8dfb-02bc6670ed15,63800,MCH-8e35d3c146,김밥천국,5812,2026-07-20 21:26:00,36.459401,128.930034,KR,DEV-2363b20789
4405,ddd9b3e6-b616-4838-8dfb-02bc6670ed15,374000,MCH-bed94775b8,패스트파이브,7011,2026-07-21 22:03:00,36.450814,128.910739,KR,DEV-2363b20789
4406,ddd9b3e6-b616-4838-8dfb-02bc6670ed15,2310000,MCH-5df4849ce1,지하철,4111,2026-07-23 11:29:00,36.471415,128.942229,KR,DEV-2363b20789
4407,ddd9b3e6-b616-4838-8dfb-02bc6670ed15,88000,MCH-a5c765e6ce,프리스비,5732,2026-07-23 13:58:00,36.471451,128.95734,KR,DEV-2363b20789
4408,ddd9b3e6-b616-4838-8dfb-02bc6670ed15,11000,MCH-c563ceac18,맥도날드,5814,2026-07-26 14:07:00,36.46939,128.914642,KR,DEV-2363b20789
4409,ddd9b3e6-b616-4838-8dfb-02bc6670ed15,143000,MCH-a5c765e6ce,프리스비,5732,2026-07-27 12:32:00,36.472748,128.952495,KR,DEV-2363b20789
4410,ddd9b3e6-b616-4838-8dfb-02bc6670ed15,308000,MCH-8fff18fdd2,노션,7372,2026-07-27 12:37:00,36.43108,128.929951,KR,DEV-2363b20789
4411,ddd9b3e6-b616-4838-8dfb-02bc6670ed15,48400,MCH-8e35d3c146,김밥천국,5812,2026-07-27 17:22:00,36.448535,128.941958,KR,DEV-2363b20789
4412,ddd9b3e6-b616-4838-8dfb-02bc6670ed15,83600,MCH-a5c765e6ce,프리스비,5732,2026-07-29 09:00:00,36.428452,128.9308,KR,DEV-2363b20789
4413,ddd9b3e6-b616-4838-8dfb-02bc6670ed15,25520,MCH-06553b267c,카카오택시,4121,2026-07-29 15:34:00,36.433573,128.916837,KR,DEV-2363b20789
4414,ddd9b3e6-b616-4838-8dfb-02bc6670ed15,506000,MCH-ca5e0a9e0b,AWS,7372,2026-07-31 16:21:00,36.431242,128.933839,KR,DEV-2363b20789
4415,ddd9b3e6-b616-4838-8dfb-02bc6670ed15,184800,MCH-a5c765e6ce,프리스비,5732,2026-08-01 11:56:00,36.457912,128.929434,KR,DEV-2363b20789
4416,ddd9b3e6-b616-4838-8dfb-02bc6670ed15,110000,MCH-bed94775b8,패스트파이브,7011,2026-08-01 13:14:00,36.448643,128.935141,KR,DEV-2363b20789
4417,ddd9b3e6-b616-4838-8dfb-02bc6670ed15,145200,MCH-ba944121a3,무신사,5651,2026-08-01 18:59:00,36.445094,128.945696,KR,DEV-2363b20789
4418,ddd9b3e6-b616-4838-8dfb-02bc6670ed15,15400,MCH-c563ceac18,맥도날드,5814,2026-08-02 18:53:00,36.463622,128.925496,KR,DEV-2363b20789
4419,ddd9b3e6-b616-4838-8dfb-02bc6670ed15,143000,MCH-493f24c455,쿠팡,5399,2026-08-02 18:55:00,36.432892,128.924643,KR,DEV-2363b20789
4420,ddd9b3e6-b616-4838-8dfb-02bc6670ed15,178200,MCH-ba944121a3,무신사,5651,2026-08-02 20:51:00,36.424091,128.952297,KR,DEV-2363b20789
4421,ddd9b3e6-b616-4838-8dfb-02bc6670ed15,154000,MCH-a5c765e6ce,프리스비,5732,2026-08-04 17:38:00,36.450926,128.934641,KR,DEV-2363b20789
4422,ddd9b3e6-b616-4838-8dfb-02bc6670ed15,46200,MCH-fb4fb59d3a,스타벅스,5814,2026-08-04 18:49:00,36.45791,128.92765,KR,DEV-2363b20789
4423,ddd9b3e6-b616-4838-8dfb-02bc6670ed15,160600,MCH-ba944121a3,무신사,5651,2026-08-04 20:38:00,36.424722,128.936606,KR,DEV-2363b20789
4424,ddd9b3e6-b616-4838-8dfb-02bc6670ed15,57200,MCH-c563ceac18,맥도날드,5814,2026-08-06 21:34:00,36.422832,128.923647,KR,DEV-2363b20789
4425,ddd9b3e6-b616-4838-8dfb-02bc6670ed15,616000,MCH-8fff18fdd2,노션,7372,2026-08-07 17:32:00,36.436566,128.912788,KR,DEV-2363b20789
4426,ddd9b3e6-b616-4838-8dfb-02bc6670ed15,41800,MCH-ba944121a3,무신사,5651,2026-08-07 19:41:00,36.424357,128.910303,KR,DEV-2363b20789
4427,ddd9b3e6-b616-4838-8dfb-02bc6670ed15,88000,MCH-ba944121a3,무신사,5651,2026-08-08 16:49:00,36.433507,128.935166,KR,DEV-2363b20789
4428,ddd9b3e6-b616-4838-8dfb-02bc6670ed15,52800,MCH-ba944121a3,무신사,5651,2026-08-08 17:04:00,36.430884,128.956243,KR,DEV-2363b20789
4429,ddd9b3e6-b616-4838-8dfb-02bc6670ed15,46200,MCH-8e35d3c146,김밥천국,5812,2026-08-09 15:45:00,36.449556,128.926544,KR,DEV-2363b20789
4430,ddd9b3e6-b616-4838-8dfb-02bc6670ed15,57200,MCH-c563ceac18,맥도날드,5814,2026-08-09 18:50:00,36.449553,128.942603,KR,DEV-2363b20789
4431,ddd9b3e6-b616-4838-8dfb-02bc6670ed15,171600,MCH-a5c765e6ce,프리스비,5732,2026-08-09 19:02:00,36.466035,128.912761,KR,DEV-2363b20789
4432,ddd9b3e6-b616-4838-8dfb-02bc6670ed15,32780,MCH-5df4849ce1,지하철,4111,2026-08-10 14:29:00,36.461139,128.951842,KR,DEV-2363b20789
4433,ddd9b3e6-b616-4838-8dfb-02bc6670ed15,138600,MCH-ba944121a3,무신사,5651,2026-08-10 19:39:00,36.422405,128.954125,KR,DEV-2363b20789
4434,ddd9b3e6-b616-4838-8dfb-02bc6670ed15,110000,MCH-a5c765e6ce,프리스비,5732,2026-08-10 22:34:00,36.445472,128.907833,KR,DEV-2363b20789
4435,ddd9b3e6-b616-4838-8dfb-02bc6670ed15,182600,MCH-a5c765e6ce,프리스비,5732,2026-08-11 19:36:00,36.464855,128.921663,KR,DEV-2363b20789
4436,ddd9b3e6-b616-4838-8dfb-02bc6670ed15,33880,MCH-5df4849ce1,지하철,4111,2026-08-11 22:59:00,36.463467,128.950644,KR,DEV-2363b20789
4437,ddd9b3e6-b616-4838-8dfb-02bc6670ed15,220000,MCH-bed94775b8,패스트파이브,7011,2026-08-12 17:10:00,36.471176,128.915378,KR,DEV-2363b20789
4438,ddd9b3e6-b616-4838-8dfb-02bc6670ed15,484000,MCH-ca5e0a9e0b,AWS,7372,2026-08-12 20:21:00,36.434882,128.94276,KR,DEV-2363b20789
4439,ddd9b3e6-b616-4838-8dfb-02bc6670ed15,173800,MCH-a5c765e6ce,프리스비,5732,2026-08-13 09:35:00,36.449424,128.948015,KR,DEV-2363b20789
4440,ddd9b3e6-b616-4838-8dfb-02bc6670ed15,105600,MCH-e7751d42a2,올리브영,5977,2026-08-13 11:00:00,36.453756,128.946626,KR,DEV-2363b20789
4441,ddd9b3e6-b616-4838-8dfb-02bc6670ed15,140800,MCH-e7751d42a2,올리브영,5977,2026-08-13 21:35:00,36.440747,128.907149,KR,DEV-2363b20789
4442,ddd9b3e6-b616-4838-8dfb-02bc6670ed15,63800,MCH-493f24c455,쿠팡,5399,2026-08-13 22:30:00,36.454742,128.912247,KR,DEV-2363b20789
4443,ddd9b3e6-b616-4838-8dfb-02bc6670ed15,123200,MCH-e7751d42a2,올리브영,5977,2026-08-14 11:06:00,36.437415,128.923343,KR,DEV-2363b20789
4444,ddd9b3e6-b616-4838-8dfb-02bc6670ed15,8140,MCH-06553b267c,카카오택시,4121,2026-08-14 21:23:00,36.465817,128.923795,KR,DEV-2363b20789
4445,ddd9b3e6-b616-4838-8dfb-02bc6670ed15,160600,MCH-a5c765e6ce,프리스비,5732,2026-08-15 14:39:00,36.462398,128.910472,KR,DEV-2363b20789
4446,ddd9b3e6-b616-4838-8dfb-02bc6670ed15,213400,MCH-a5c765e6ce,프리스비,5732,2026-08-15 20:06:00,36.437941,128.90663,KR,DEV-2363b20789
4447,ddd9b3e6-b616-4838-8dfb-02bc6670ed15,99000,MCH-493f24c455,쿠팡,5399,2026-08-15 20:27:00,36.432382,128.928437,KR,DEV-2363b20789
4448,ddd9b3e6-b616-4838-8dfb-02bc6670ed15,167200,MCH-a5c765e6ce,프리스비,5732,2026-08-16 08:17:00,36.44635,128.909013,KR,DEV-2363b20789
4449,ddd9b3e6-b616-4838-8dfb-02bc6670ed15,149600,MCH-ba944121a3,무신사,5651,2026-08-16 08:20:00,36.438675,128.949497,KR,DEV-2363b20789
4450,ddd9b3e6-b616-4838-8dfb-02bc6670ed15,145200,MCH-e7751d42a2,올리브영,5977,2026-08-16 10:56:00,36.433492,128.93356,KR,DEV-2363b20789
4451,ddd9b3e6-b616-4838-8dfb-02bc6670ed15,2900000,MCH-9449f2d5d1,중고거래_송금,6051,2026-08-17 03:37:00,36.422919,128.914191,KR,DEV-2363b20789
4452,ddd9b3e6-b616-4838-8dfb-02bc6670ed15,46200,MCH-ab42b36c0b,배달의민족,5812,2026-08-17 13:47:00,36.435899,128.952389,KR,DEV-2363b20789
4453,ddd9b3e6-b616-4838-8dfb-02bc6670ed15,30800,MCH-c563ceac18,맥도날드,5814,2026-08-17 17:58:00,36.459312,128.938932,KR,DEV-2363b20789
4454,ddd9b3e6-b616-4838-8dfb-02bc6670ed15,134200,MCH-ba944121a3,무신사,5651,2026-08-17 20:55:00,36.435903,128.939933,KR,DEV-2363b20789
4455,ddd9b3e6-b616-4838-8dfb-02bc6670ed15,198000,MCH-53b4838ce6,어도비(Adobe),5734,2026-08-17 22:54:00,36.425274,128.943231,KR,DEV-2363b20789
4456,ddd9b3e6-b616-4838-8dfb-02bc6670ed15,660000,MCH-53b4838ce6,어도비(Adobe),5734,2026-08-18 13:55:00,36.427877,128.953187,KR,DEV-2363b20789
4457,ddd9b3e6-b616-4838-8dfb-02bc6670ed15,211200,MCH-a5c765e6ce,프리스비,5732,2026-08-18 18:27:00,36.432051,128.923274,KR,DEV-2363b20789
4458,ddd9b3e6-b616-4838-8dfb-02bc6670ed15,242000,MCH-8fff18fdd2,노션,7372,2026-08-19 09:33:00,36.474021,128.943799,KR,DEV-2363b20789
4459,ddd9b3e6-b616-4838-8dfb-02bc6670ed15,33000,MCH-a5c765e6ce,프리스비,5732,2026-08-19 10:23:00,36.44463,128.957084,KR,DEV-2363b20789
4460,ddd9b3e6-b616-4838-8dfb-02bc6670ed15,396000,MCH-ca5e0a9e0b,AWS,7372,2026-08-19 15:57:00,36.447309,128.932767,KR,DEV-2363b20789
4461,ddd9b3e6-b616-4838-8dfb-02bc6670ed15,140800,MCH-ba944121a3,무신사,5651,2026-08-19 17:39:00,36.437182,128.951769,KR,DEV-2363b20789
4462,ddd9b3e6-b616-4838-8dfb-02bc6670ed15,3500000,MCH-9449f2d5d1,중고거래_송금,6051,2026-08-20 03:13:00,36.425646,128.918992,KR,DEV-2363b20789
4463,ddd9b3e6-b616-4838-8dfb-02bc6670ed15,19800,MCH-fb4fb59d3a,스타벅스,5814,2026-08-20 11:38:00,36.464916,128.945602,KR,DEV-2363b20789
4464,ddd9b3e6-b616-4838-8dfb-02bc6670ed15,48400,MCH-493f24c455,쿠팡,5399,2026-08-20 14:47:00,36.466257,128.906145,KR,DEV-2363b20789
4465,ddd9b3e6-b616-4838-8dfb-02bc6670ed15,37400,MCH-8e35d3c146,김밥천국,5812,2026-08-20 16:45:00,36.445826,128.907071,KR,DEV-2363b20789
4466,ddd9b3e6-b616-4838-8dfb-02bc6670ed15,22000,MCH-8e35d3c146,김밥천국,5812,2026-08-21 09:29:00,36.430608,128.929521,KR,DEV-2363b20789
4467,ddd9b3e6-b616-4838-8dfb-02bc6670ed15,61600,MCH-a5c765e6ce,프리스비,5732,2026-08-21 14:03:00,36.462709,128.941967,KR,DEV-2363b20789
4468,ddd9b3e6-b616-4838-8dfb-02bc6670ed15,198000,MCH-8fff18fdd2,노션,7372,2026-08-21 17:05:00,36.441271,128.952396,KR,DEV-2363b20789
4469,ddd9b3e6-b616-4838-8dfb-02bc6670ed15,189200,MCH-e7751d42a2,올리브영,5977,2026-08-21 18:17:00,36.46943,128.931712,KR,DEV-2363b20789
4470,ddd9b3e6-b616-4838-8dfb-02bc6670ed15,79200,MCH-ba944121a3,무신사,5651,2026-08-22 09:46:00,36.451959,128.936404,KR,DEV-2363b20789
4471,ddd9b3e6-b616-4838-8dfb-02bc6670ed15,39600,MCH-a5c765e6ce,프리스비,5732,2026-08-22 13:11:00,36.460157,128.955805,KR,DEV-2363b20789
4472,ddd9b3e6-b616-4838-8dfb-02bc6670ed15,26400,MCH-ab42b36c0b,배달의민족,5812,2026-08-22 16:35:00,36.438462,128.951917,KR,DEV-2363b20789
4473,de30f39f-72a8-47ed-b600-4c4d2f5a6a1b,171000,MCH-bed94775b8,패스트파이브,7011,2026-05-25 08:00:00,37.352781,127.274371,KR,DEV-188cf61e41
4474,de30f39f-72a8-47ed-b600-4c4d2f5a6a1b,27000,MCH-e7751d42a2,올리브영,5977,2026-05-25 12:51:00,37.348502,127.285993,KR,DEV-188cf61e41
4475,de30f39f-72a8-47ed-b600-4c4d2f5a6a1b,40500,MCH-493f24c455,쿠팡,5399,2026-05-25 12:52:00,37.381908,127.305945,KR,DEV-188cf61e41
4476,de30f39f-72a8-47ed-b600-4c4d2f5a6a1b,63000,MCH-e7751d42a2,올리브영,5977,2026-05-26 10:30:00,37.379792,127.285397,KR,DEV-188cf61e41
4477,de30f39f-72a8-47ed-b600-4c4d2f5a6a1b,28800,MCH-e7751d42a2,올리브영,5977,2026-05-26 21:05:00,37.372304,127.280598,KR,DEV-188cf61e41
4478,de30f39f-72a8-47ed-b600-4c4d2f5a6a1b,5400,MCH-fb4fb59d3a,스타벅스,5814,2026-05-30 09:28:00,37.366971,127.285961,KR,DEV-188cf61e41
4479,de30f39f-72a8-47ed-b600-4c4d2f5a6a1b,80100,MCH-e7751d42a2,올리브영,5977,2026-05-30 10:14:00,37.355708,127.291017,KR,DEV-188cf61e41
4480,de30f39f-72a8-47ed-b600-4c4d2f5a6a1b,9000,MCH-c563ceac18,맥도날드,5814,2026-05-30 14:17:00,37.34552,127.281792,KR,DEV-188cf61e41
4481,de30f39f-72a8-47ed-b600-4c4d2f5a6a1b,3420,MCH-0d60345572,버스,4111,2026-06-01 19:58:00,37.38123,127.310474,KR,DEV-188cf61e41
4482,de30f39f-72a8-47ed-b600-4c4d2f5a6a1b,5400,MCH-c563ceac18,맥도날드,5814,2026-06-01 21:17:00,37.357428,127.281562,KR,DEV-188cf61e41
4483,de30f39f-72a8-47ed-b600-4c4d2f5a6a1b,243000,MCH-8fff18fdd2,노션,7372,2026-06-02 13:49:00,37.38733,127.305495,KR,DEV-188cf61e41
4484,de30f39f-72a8-47ed-b600-4c4d2f5a6a1b,153000,MCH-8fff18fdd2,노션,7372,2026-06-03 18:31:00,37.365295,127.296128,KR,DEV-188cf61e41
4485,de30f39f-72a8-47ed-b600-4c4d2f5a6a1b,13500,MCH-493f24c455,쿠팡,5399,2026-06-06 15:46:00,37.37566,127.28787,KR,DEV-188cf61e41
4486,de30f39f-72a8-47ed-b600-4c4d2f5a6a1b,72000,MCH-bed94775b8,패스트파이브,7011,2026-06-06 21:05:00,37.359618,127.294112,KR,DEV-188cf61e41
4487,de30f39f-72a8-47ed-b600-4c4d2f5a6a1b,73800,MCH-493f24c455,쿠팡,5399,2026-06-06 21:29:00,37.369456,127.307426,KR,DEV-188cf61e41
4488,de30f39f-72a8-47ed-b600-4c4d2f5a6a1b,34200,MCH-e7751d42a2,올리브영,5977,2026-06-09 11:31:00,37.367068,127.289215,KR,DEV-188cf61e41
4489,de30f39f-72a8-47ed-b600-4c4d2f5a6a1b,37800,MCH-ba944121a3,무신사,5651,2026-06-09 19:52:00,37.382422,127.26899,KR,DEV-188cf61e41
4490,de30f39f-72a8-47ed-b600-4c4d2f5a6a1b,54000,MCH-ca5e0a9e0b,AWS,7372,2026-06-09 20:36:00,37.359805,127.294783,KR,DEV-188cf61e41
4491,de30f39f-72a8-47ed-b600-4c4d2f5a6a1b,13500,MCH-ba944121a3,무신사,5651,2026-06-10 08:30:00,37.369413,127.305008,KR,DEV-188cf61e41
4492,de30f39f-72a8-47ed-b600-4c4d2f5a6a1b,76500,MCH-493f24c455,쿠팡,5399,2026-06-10 10:48:00,37.379759,127.298969,KR,DEV-188cf61e41
4493,de30f39f-72a8-47ed-b600-4c4d2f5a6a1b,9000,MCH-5df4849ce1,지하철,4111,2026-06-10 22:06:00,37.387131,127.293858,KR,DEV-188cf61e41
4494,de30f39f-72a8-47ed-b600-4c4d2f5a6a1b,15300,MCH-ba944121a3,무신사,5651,2026-06-11 10:34:00,37.370818,127.292884,KR,DEV-188cf61e41
4495,de30f39f-72a8-47ed-b600-4c4d2f5a6a1b,50000,MCH-cf62dbb6a8,게임아이템_스토어,7994,2026-06-11 11:43:00,37.392843,127.285202,KR,DEV-188cf61e41
4496,de30f39f-72a8-47ed-b600-4c4d2f5a6a1b,50000,MCH-cf62dbb6a8,게임아이템_스토어,7994,2026-06-11 11:44:00,37.392843,127.285202,KR,DEV-188cf61e41
4497,de30f39f-72a8-47ed-b600-4c4d2f5a6a1b,50000,MCH-cf62dbb6a8,게임아이템_스토어,7994,2026-06-11 11:45:00,37.392843,127.285202,KR,DEV-188cf61e41
4498,de30f39f-72a8-47ed-b600-4c4d2f5a6a1b,14490,MCH-5df4849ce1,지하철,4111,2026-06-11 18:23:00,37.388386,127.305267,KR,DEV-188cf61e41
4499,de30f39f-72a8-47ed-b600-4c4d2f5a6a1b,72000,MCH-ca5e0a9e0b,AWS,7372,2026-06-11 20:45:00,37.361321,127.281425,KR,DEV-188cf61e41
4500,de30f39f-72a8-47ed-b600-4c4d2f5a6a1b,17730,MCH-5b1162a765,KTX,4112,2026-06-13 19:48:00,37.38115,127.288194,KR,DEV-188cf61e41
4501,de30f39f-72a8-47ed-b600-4c4d2f5a6a1b,79200,MCH-493f24c455,쿠팡,5399,2026-06-14 22:56:00,37.366123,127.305109,KR,DEV-188cf61e41
4502,de30f39f-72a8-47ed-b600-4c4d2f5a6a1b,47700,MCH-ba944121a3,무신사,5651,2026-06-15 16:28:00,37.371267,127.296013,KR,DEV-188cf61e41
4503,de30f39f-72a8-47ed-b600-4c4d2f5a6a1b,12240,MCH-06553b267c,카카오택시,4121,2026-06-15 20:18:00,37.389645,127.269182,KR,DEV-188cf61e41
4504,de30f39f-72a8-47ed-b600-4c4d2f5a6a1b,18000,MCH-ab42b36c0b,배달의민족,5812,2026-06-16 15:36:00,37.371495,127.268325,KR,DEV-188cf61e41
4505,de30f39f-72a8-47ed-b600-4c4d2f5a6a1b,9630,MCH-5b1162a765,KTX,4112,2026-06-16 18:17:00,37.360516,127.283541,KR,DEV-188cf61e41
4506,de30f39f-72a8-47ed-b600-4c4d2f5a6a1b,53100,MCH-e7751d42a2,올리브영,5977,2026-06-18 10:59:00,37.345923,127.29984,KR,DEV-188cf61e41
4507,de30f39f-72a8-47ed-b600-4c4d2f5a6a1b,10440,MCH-5df4849ce1,지하철,4111,2026-06-18 17:14:00,37.379966,127.262966,KR,DEV-188cf61e41
4508,de30f39f-72a8-47ed-b600-4c4d2f5a6a1b,24300,MCH-ab42b36c0b,배달의민족,5812,2026-06-19 16:12:00,37.360772,127.28554,KR,DEV-188cf61e41
4509,de30f39f-72a8-47ed-b600-4c4d2f5a6a1b,4680,MCH-0d60345572,버스,4111,2026-06-19 18:09:00,37.359766,127.277777,KR,DEV-188cf61e41
4510,de30f39f-72a8-47ed-b600-4c4d2f5a6a1b,43200,MCH-ba944121a3,무신사,5651,2026-06-19 20:48:00,37.339712,127.308885,KR,DEV-188cf61e41
4511,de30f39f-72a8-47ed-b600-4c4d2f5a6a1b,81000,MCH-ca5e0a9e0b,AWS,7372,2026-06-21 16:22:00,37.365791,127.27213,KR,DEV-188cf61e41
4512,de30f39f-72a8-47ed-b600-4c4d2f5a6a1b,216000,MCH-bed94775b8,패스트파이브,7011,2026-06-21 22:13:00,37.38672,127.281259,KR,DEV-188cf61e41
4513,de30f39f-72a8-47ed-b600-4c4d2f5a6a1b,18000,MCH-c563ceac18,맥도날드,5814,2026-06-22 18:11:00,37.38083,127.272148,KR,DEV-188cf61e41
4514,de30f39f-72a8-47ed-b600-4c4d2f5a6a1b,1440,MCH-06553b267c,카카오택시,4121,2026-06-23 16:44:00,37.351765,127.272069,KR,DEV-188cf61e41
4515,de30f39f-72a8-47ed-b600-4c4d2f5a6a1b,4500,MCH-8e35d3c146,김밥천국,5812,2026-06-24 12:12:00,37.352733,127.308107,KR,DEV-188cf61e41
4516,de30f39f-72a8-47ed-b600-4c4d2f5a6a1b,198000,MCH-ca5e0a9e0b,AWS,7372,2026-06-25 12:23:00,37.373342,127.288717,KR,DEV-188cf61e41
4517,de30f39f-72a8-47ed-b600-4c4d2f5a6a1b,46800,MCH-ba944121a3,무신사,5651,2026-06-27 13:54:00,37.368374,127.307973,KR,DEV-188cf61e41
4518,de30f39f-72a8-47ed-b600-4c4d2f5a6a1b,180000,MCH-53b4838ce6,어도비(Adobe),5734,2026-06-27 14:36:00,37.373853,127.279759,KR,DEV-188cf61e41
4519,de30f39f-72a8-47ed-b600-4c4d2f5a6a1b,3600,MCH-5b1162a765,KTX,4112,2026-06-27 17:33:00,37.373,127.260351,KR,DEV-188cf61e41
4520,de30f39f-72a8-47ed-b600-4c4d2f5a6a1b,11970,MCH-5df4849ce1,지하철,4111,2026-06-28 17:42:00,37.384139,127.267456,KR,DEV-188cf61e41
4521,de30f39f-72a8-47ed-b600-4c4d2f5a6a1b,36000,MCH-ba944121a3,무신사,5651,2026-06-28 18:38:00,37.354807,127.277139,KR,DEV-188cf61e41
4522,de30f39f-72a8-47ed-b600-4c4d2f5a6a1b,37800,MCH-a5c765e6ce,프리스비,5732,2026-06-29 09:44:00,37.371773,127.292836,KR,DEV-85ce21d1ef
4523,de30f39f-72a8-47ed-b600-4c4d2f5a6a1b,15930,MCH-5df4849ce1,지하철,4111,2026-06-29 20:36:00,37.353386,127.311644,KR,DEV-188cf61e41
4524,de30f39f-72a8-47ed-b600-4c4d2f5a6a1b,53100,MCH-ba944121a3,무신사,5651,2026-06-30 20:23:00,37.371267,127.279891,KR,DEV-188cf61e41
4525,de30f39f-72a8-47ed-b600-4c4d2f5a6a1b,1350,MCH-06553b267c,카카오택시,4121,2026-07-03 11:33:00,37.352496,127.289912,KR,DEV-188cf61e41
4526,de30f39f-72a8-47ed-b600-4c4d2f5a6a1b,20700,MCH-ab42b36c0b,배달의민족,5812,2026-07-03 17:43:00,37.355256,127.282238,KR,DEV-188cf61e41
4527,de30f39f-72a8-47ed-b600-4c4d2f5a6a1b,59400,MCH-493f24c455,쿠팡,5399,2026-07-03 18:29:00,37.378974,127.287993,KR,DEV-188cf61e41
4528,de30f39f-72a8-47ed-b600-4c4d2f5a6a1b,39600,MCH-ba944121a3,무신사,5651,2026-07-04 17:38:00,37.375761,127.275612,KR,DEV-188cf61e41
4529,de30f39f-72a8-47ed-b600-4c4d2f5a6a1b,20700,MCH-ab42b36c0b,배달의민족,5812,2026-07-04 20:25:00,37.364555,127.268798,KR,DEV-188cf61e41
4530,de30f39f-72a8-47ed-b600-4c4d2f5a6a1b,45900,MCH-e7751d42a2,올리브영,5977,2026-07-05 14:23:00,37.354789,127.270536,KR,DEV-188cf61e41
4531,de30f39f-72a8-47ed-b600-4c4d2f5a6a1b,18900,MCH-fb4fb59d3a,스타벅스,5814,2026-07-05 15:13:00,37.374978,127.27956,KR,DEV-188cf61e41
4532,de30f39f-72a8-47ed-b600-4c4d2f5a6a1b,36900,MCH-ba944121a3,무신사,5651,2026-07-06 14:42:00,37.344087,127.295462,KR,DEV-188cf61e41
4533,de30f39f-72a8-47ed-b600-4c4d2f5a6a1b,9000,MCH-c563ceac18,맥도날드,5814,2026-07-07 19:13:00,37.360275,127.302626,KR,DEV-188cf61e41
4534,de30f39f-72a8-47ed-b600-4c4d2f5a6a1b,1071000,MCH-ba944121a3,무신사,5651,2026-07-08 12:59:00,37.363078,127.312434,KR,DEV-188cf61e41
4535,de30f39f-72a8-47ed-b600-4c4d2f5a6a1b,10440,MCH-5b1162a765,KTX,4112,2026-07-08 19:46:00,37.340971,127.260229,KR,DEV-188cf61e41
4536,de30f39f-72a8-47ed-b600-4c4d2f5a6a1b,1440,MCH-5b1162a765,KTX,4112,2026-07-08 20:06:00,37.350724,127.312624,KR,DEV-188cf61e41
4537,de30f39f-72a8-47ed-b600-4c4d2f5a6a1b,23400,MCH-e7751d42a2,올리브영,5977,2026-07-09 15:27:00,37.366955,127.292859,KR,DEV-188cf61e41
4538,de30f39f-72a8-47ed-b600-4c4d2f5a6a1b,440000,MCH-96930209b1,Amazon_US,5942,2026-07-11 13:27:00,37.358089,127.2862,UK,DEV-188cf61e41
4539,de30f39f-72a8-47ed-b600-4c4d2f5a6a1b,19800,MCH-c563ceac18,맥도날드,5814,2026-07-11 15:49:00,37.352947,127.286358,KR,DEV-188cf61e41
4540,de30f39f-72a8-47ed-b600-4c4d2f5a6a1b,86400,MCH-e7751d42a2,올리브영,5977,2026-07-11 16:06:00,37.361589,127.309143,KR,DEV-188cf61e41
4541,de30f39f-72a8-47ed-b600-4c4d2f5a6a1b,11520,MCH-5b1162a765,KTX,4112,2026-07-13 09:37:00,37.363085,127.302849,KR,DEV-188cf61e41
4542,de30f39f-72a8-47ed-b600-4c4d2f5a6a1b,9270,MCH-5b1162a765,KTX,4112,2026-07-13 22:05:00,37.39016,127.261289,KR,DEV-188cf61e41
4543,de30f39f-72a8-47ed-b600-4c4d2f5a6a1b,13050,MCH-5b1162a765,KTX,4112,2026-07-14 13:39:00,37.353946,127.303738,KR,DEV-188cf61e41
4544,de30f39f-72a8-47ed-b600-4c4d2f5a6a1b,14400,MCH-c563ceac18,맥도날드,5814,2026-07-16 12:33:00,37.373749,127.274004,KR,DEV-188cf61e41
4545,de30f39f-72a8-47ed-b600-4c4d2f5a6a1b,45000,MCH-ba944121a3,무신사,5651,2026-07-16 14:51:00,37.352125,127.287317,KR,DEV-188cf61e41
4546,de30f39f-72a8-47ed-b600-4c4d2f5a6a1b,12600,MCH-ab42b36c0b,배달의민족,5812,2026-07-17 14:39:00,37.342598,127.287836,KR,DEV-188cf61e41
4547,de30f39f-72a8-47ed-b600-4c4d2f5a6a1b,17100,MCH-ba944121a3,무신사,5651,2026-07-17 21:15:00,37.345225,127.304006,KR,DEV-188cf61e41
4548,de30f39f-72a8-47ed-b600-4c4d2f5a6a1b,3440000,MCH-cac2f457b6,금은방_귀금속,5944,2026-07-18 05:16:00,37.355364,127.30304,KR,DEV-188cf61e41
4549,de30f39f-72a8-47ed-b600-4c4d2f5a6a1b,62100,MCH-493f24c455,쿠팡,5399,2026-07-18 09:11:00,37.364007,127.299379,KR,DEV-188cf61e41
4550,de30f39f-72a8-47ed-b600-4c4d2f5a6a1b,49500,MCH-ba944121a3,무신사,5651,2026-07-18 13:35:00,37.383084,127.262061,KR,DEV-188cf61e41
4551,de30f39f-72a8-47ed-b600-4c4d2f5a6a1b,19800,MCH-c563ceac18,맥도날드,5814,2026-07-21 14:45:00,37.367335,127.271647,KR,DEV-188cf61e41
4552,de30f39f-72a8-47ed-b600-4c4d2f5a6a1b,13500,MCH-ab42b36c0b,배달의민족,5812,2026-07-21 19:00:00,37.360847,127.265096,KR,DEV-188cf61e41
4553,de30f39f-72a8-47ed-b600-4c4d2f5a6a1b,6300,MCH-fb4fb59d3a,스타벅스,5814,2026-07-23 10:54:00,37.365216,127.302361,KR,DEV-188cf61e41
4554,de30f39f-72a8-47ed-b600-4c4d2f5a6a1b,144000,MCH-53b4838ce6,어도비(Adobe),5734,2026-07-23 16:03:00,37.358291,127.284841,KR,DEV-188cf61e41
4555,de30f39f-72a8-47ed-b600-4c4d2f5a6a1b,14580,MCH-06553b267c,카카오택시,4121,2026-07-26 09:42:00,37.378302,127.261624,KR,DEV-188cf61e41
4556,de30f39f-72a8-47ed-b600-4c4d2f5a6a1b,16110,MCH-06553b267c,카카오택시,4121,2026-07-26 12:39:00,37.382136,127.286287,KR,DEV-188cf61e41
4557,de30f39f-72a8-47ed-b600-4c4d2f5a6a1b,198000,MCH-bed94775b8,패스트파이브,7011,2026-07-26 15:05:00,37.38298,127.271701,KR,DEV-188cf61e41
4558,de30f39f-72a8-47ed-b600-4c4d2f5a6a1b,45000,MCH-8fff18fdd2,노션,7372,2026-07-27 15:58:00,37.379772,127.310896,KR,DEV-188cf61e41
4559,de30f39f-72a8-47ed-b600-4c4d2f5a6a1b,9000,MCH-ab42b36c0b,배달의민족,5812,2026-07-30 10:02:00,37.34676,127.300879,KR,DEV-188cf61e41
4560,de30f39f-72a8-47ed-b600-4c4d2f5a6a1b,10260,MCH-06553b267c,카카오택시,4121,2026-07-31 14:06:00,37.358018,127.268019,KR,DEV-188cf61e41
4561,de30f39f-72a8-47ed-b600-4c4d2f5a6a1b,18000,MCH-fb4fb59d3a,스타벅스,5814,2026-07-31 15:23:00,37.341986,127.313291,KR,DEV-188cf61e41
4562,de30f39f-72a8-47ed-b600-4c4d2f5a6a1b,19800,MCH-a5c765e6ce,프리스비,5732,2026-08-01 14:37:00,37.381814,127.299703,KR,DEV-188cf61e41
4563,de30f39f-72a8-47ed-b600-4c4d2f5a6a1b,7200,MCH-fb4fb59d3a,스타벅스,5814,2026-08-02 16:27:00,37.362373,127.286175,KR,DEV-188cf61e41
4564,de30f39f-72a8-47ed-b600-4c4d2f5a6a1b,234000,MCH-ca5e0a9e0b,AWS,7372,2026-08-02 19:41:00,37.373935,127.288968,KR,DEV-188cf61e41
4565,de30f39f-72a8-47ed-b600-4c4d2f5a6a1b,207000,MCH-bed94775b8,패스트파이브,7011,2026-08-03 19:58:00,37.34901,127.278975,KR,DEV-188cf61e41
4566,de30f39f-72a8-47ed-b600-4c4d2f5a6a1b,7920,MCH-06553b267c,카카오택시,4121,2026-08-04 13:01:00,37.373397,127.290518,KR,DEV-188cf61e41
4567,de30f39f-72a8-47ed-b600-4c4d2f5a6a1b,216000,MCH-8fff18fdd2,노션,7372,2026-08-04 14:35:00,37.351121,127.302409,KR,DEV-188cf61e41
4568,de30f39f-72a8-47ed-b600-4c4d2f5a6a1b,45000,MCH-53b4838ce6,어도비(Adobe),5734,2026-08-04 22:37:00,37.366458,127.292387,KR,DEV-188cf61e41
4569,de30f39f-72a8-47ed-b600-4c4d2f5a6a1b,4520000,MCH-cac2f457b6,금은방_귀금속,5944,2026-08-07 02:16:00,37.345785,127.302156,KR,DEV-188cf61e41
4570,de30f39f-72a8-47ed-b600-4c4d2f5a6a1b,44100,MCH-a5c765e6ce,프리스비,5732,2026-08-07 14:36:00,37.353039,127.303151,KR,DEV-188cf61e41
4571,de30f39f-72a8-47ed-b600-4c4d2f5a6a1b,24300,MCH-fb4fb59d3a,스타벅스,5814,2026-08-07 17:31:00,37.382206,127.281672,KR,DEV-188cf61e41
4572,de30f39f-72a8-47ed-b600-4c4d2f5a6a1b,18900,MCH-ab42b36c0b,배달의민족,5812,2026-08-08 08:26:00,37.358214,127.304005,KR,DEV-188cf61e41
4573,de30f39f-72a8-47ed-b600-4c4d2f5a6a1b,15030,MCH-5b1162a765,KTX,4112,2026-08-08 16:14:00,37.376588,127.284356,KR,DEV-188cf61e41
4574,de30f39f-72a8-47ed-b600-4c4d2f5a6a1b,11250,MCH-5b1162a765,KTX,4112,2026-08-09 10:20:00,37.374729,127.275363,KR,DEV-188cf61e41
4575,de30f39f-72a8-47ed-b600-4c4d2f5a6a1b,22500,MCH-e7751d42a2,올리브영,5977,2026-08-09 12:09:00,37.341362,127.273608,KR,DEV-188cf61e41
4576,de30f39f-72a8-47ed-b600-4c4d2f5a6a1b,99000,MCH-8fff18fdd2,노션,7372,2026-08-10 08:06:00,37.379855,127.292361,KR,DEV-188cf61e41
4577,de30f39f-72a8-47ed-b600-4c4d2f5a6a1b,7200,MCH-8e35d3c146,김밥천국,5812,2026-08-10 15:18:00,37.385473,127.275111,KR,DEV-188cf61e41
4578,de30f39f-72a8-47ed-b600-4c4d2f5a6a1b,17910,MCH-5df4849ce1,지하철,4111,2026-08-11 16:25:00,37.360144,127.266206,KR,DEV-188cf61e41
4579,de30f39f-72a8-47ed-b600-4c4d2f5a6a1b,8100,MCH-8e35d3c146,김밥천국,5812,2026-08-11 17:51:00,37.356472,127.308675,KR,DEV-188cf61e41
4580,de30f39f-72a8-47ed-b600-4c4d2f5a6a1b,10530,MCH-0d60345572,버스,4111,2026-08-11 22:35:00,37.380679,127.27634,KR,DEV-188cf61e41
4581,de30f39f-72a8-47ed-b600-4c4d2f5a6a1b,13500,MCH-c563ceac18,맥도날드,5814,2026-08-12 10:21:00,37.34714,127.267666,KR,DEV-188cf61e41
4582,de30f39f-72a8-47ed-b600-4c4d2f5a6a1b,81000,MCH-bed94775b8,패스트파이브,7011,2026-08-12 11:05:00,37.347714,127.308146,KR,DEV-188cf61e41
4583,de30f39f-72a8-47ed-b600-4c4d2f5a6a1b,12600,MCH-5b1162a765,KTX,4112,2026-08-12 21:43:00,37.341651,127.281064,KR,DEV-188cf61e41
4584,de30f39f-72a8-47ed-b600-4c4d2f5a6a1b,261000,MCH-8fff18fdd2,노션,7372,2026-08-13 10:00:00,37.348882,127.279234,KR,DEV-188cf61e41
4585,de30f39f-72a8-47ed-b600-4c4d2f5a6a1b,216000,MCH-8fff18fdd2,노션,7372,2026-08-13 14:56:00,37.339203,127.277021,KR,DEV-188cf61e41
4586,de30f39f-72a8-47ed-b600-4c4d2f5a6a1b,5670,MCH-06553b267c,카카오택시,4121,2026-08-13 19:07:00,37.388257,127.30816,KR,DEV-188cf61e41
4587,de30f39f-72a8-47ed-b600-4c4d2f5a6a1b,126000,MCH-ca5e0a9e0b,AWS,7372,2026-08-14 18:09:00,37.340066,127.292783,KR,DEV-188cf61e41
4588,de30f39f-72a8-47ed-b600-4c4d2f5a6a1b,8100,MCH-fb4fb59d3a,스타벅스,5814,2026-08-14 22:56:00,37.346024,127.29847,KR,DEV-188cf61e41
4589,de30f39f-72a8-47ed-b600-4c4d2f5a6a1b,117000,MCH-53b4838ce6,어도비(Adobe),5734,2026-08-15 21:01:00,37.351394,127.26556,KR,DEV-188cf61e41
4590,de30f39f-72a8-47ed-b600-4c4d2f5a6a1b,17280,MCH-0d60345572,버스,4111,2026-08-15 22:51:00,37.36826,127.302372,KR,DEV-188cf61e41
4591,de30f39f-72a8-47ed-b600-4c4d2f5a6a1b,16380,MCH-06553b267c,카카오택시,4121,2026-08-16 08:02:00,37.385949,127.308382,KR,DEV-188cf61e41
4592,de30f39f-72a8-47ed-b600-4c4d2f5a6a1b,9900,MCH-fb4fb59d3a,스타벅스,5814,2026-08-16 15:39:00,37.345369,127.309969,KR,DEV-188cf61e41
4593,de30f39f-72a8-47ed-b600-4c4d2f5a6a1b,5400,MCH-ab42b36c0b,배달의민족,5812,2026-08-16 20:09:00,37.365205,127.30086,KR,DEV-188cf61e41
4594,de30f39f-72a8-47ed-b600-4c4d2f5a6a1b,11700,MCH-5b1162a765,KTX,4112,2026-08-17 12:49:00,37.362691,127.2714,KR,DEV-188cf61e41
4595,de30f39f-72a8-47ed-b600-4c4d2f5a6a1b,18900,MCH-ab42b36c0b,배달의민족,5812,2026-08-17 16:34:00,37.357913,127.26656,KR,DEV-188cf61e41
4596,de30f39f-72a8-47ed-b600-4c4d2f5a6a1b,13230,MCH-5b1162a765,KTX,4112,2026-08-17 20:39:00,37.355962,127.312285,KR,DEV-188cf61e41
4597,de30f39f-72a8-47ed-b600-4c4d2f5a6a1b,14040,MCH-5df4849ce1,지하철,4111,2026-08-18 08:21:00,37.34282,127.284854,KR,DEV-188cf61e41
4598,de30f39f-72a8-47ed-b600-4c4d2f5a6a1b,86400,MCH-a5c765e6ce,프리스비,5732,2026-08-18 13:12:00,37.347225,127.276469,KR,DEV-188cf61e41
4599,de30f39f-72a8-47ed-b600-4c4d2f5a6a1b,18900,MCH-c563ceac18,맥도날드,5814,2026-08-18 15:10:00,37.352654,127.277852,KR,DEV-188cf61e41
4600,de30f39f-72a8-47ed-b600-4c4d2f5a6a1b,13590,MCH-06553b267c,카카오택시,4121,2026-08-19 10:34:00,37.364724,127.280192,KR,DEV-188cf61e41
4601,de30f39f-72a8-47ed-b600-4c4d2f5a6a1b,22500,MCH-ba944121a3,무신사,5651,2026-08-19 19:42:00,37.365931,127.277017,KR,DEV-188cf61e41
4602,de30f39f-72a8-47ed-b600-4c4d2f5a6a1b,43200,MCH-8fff18fdd2,노션,7372,2026-08-20 11:00:00,36.71604,126.804453,KR,DEV-188cf61e41
4603,de30f39f-72a8-47ed-b600-4c4d2f5a6a1b,19800,MCH-8e35d3c146,김밥천국,5812,2026-08-20 13:38:00,37.343072,127.305182,KR,DEV-188cf61e41
4604,de30f39f-72a8-47ed-b600-4c4d2f5a6a1b,7200,MCH-c563ceac18,맥도날드,5814,2026-08-20 18:41:00,37.359243,127.300212,KR,DEV-188cf61e41
4605,de30f39f-72a8-47ed-b600-4c4d2f5a6a1b,9450,MCH-0d60345572,버스,4111,2026-08-22 19:29:00,37.371105,127.306547,KR,DEV-188cf61e41
4606,de30f39f-72a8-47ed-b600-4c4d2f5a6a1b,24300,MCH-ba944121a3,무신사,5651,2026-08-22 20:07:00,37.389521,127.27121,KR,DEV-188cf61e41
4607,e08dd594-a081-450f-aea8-b0007fd89885,66000,MCH-ba944121a3,무신사,5651,2026-05-25 13:25:00,35.963169,128.182842,KR,DEV-0e4dfc1c1c
4608,e08dd594-a081-450f-aea8-b0007fd89885,195000,MCH-53b4838ce6,어도비(Adobe),5734,2026-05-27 15:48:00,35.985276,128.170264,KR,DEV-0e4dfc1c1c
4609,e08dd594-a081-450f-aea8-b0007fd89885,27000,MCH-8e35d3c146,김밥천국,5812,2026-05-28 12:06:00,35.945517,128.182983,KR,DEV-0e4dfc1c1c
4610,e08dd594-a081-450f-aea8-b0007fd89885,165000,MCH-8fff18fdd2,노션,7372,2026-05-29 16:37:00,35.953491,128.187313,KR,DEV-0e4dfc1c1c
4611,e08dd594-a081-450f-aea8-b0007fd89885,106500,MCH-e7751d42a2,올리브영,5977,2026-05-29 20:17:00,35.954059,128.179849,KR,DEV-0e4dfc1c1c
4612,e08dd594-a081-450f-aea8-b0007fd89885,345000,MCH-bed94775b8,패스트파이브,7011,2026-05-30 10:19:00,35.979633,128.186631,KR,DEV-0e4dfc1c1c
4613,e08dd594-a081-450f-aea8-b0007fd89885,420000,MCH-8fff18fdd2,노션,7372,2026-05-30 11:09:00,35.966463,128.189809,KR,DEV-0e4dfc1c1c
4614,e08dd594-a081-450f-aea8-b0007fd89885,60000,MCH-ba944121a3,무신사,5651,2026-05-30 19:40:00,35.95787,128.156879,KR,DEV-0e4dfc1c1c
4615,e08dd594-a081-450f-aea8-b0007fd89885,118500,MCH-e7751d42a2,올리브영,5977,2026-05-31 19:27:00,35.943691,128.184051,KR,DEV-0e4dfc1c1c
4616,e08dd594-a081-450f-aea8-b0007fd89885,270000,MCH-53b4838ce6,어도비(Adobe),5734,2026-06-03 09:22:00,35.95763,128.182947,KR,DEV-0e4dfc1c1c
4617,e08dd594-a081-450f-aea8-b0007fd89885,112500,MCH-a5c765e6ce,프리스비,5732,2026-06-05 10:24:00,35.936982,128.161646,KR,DEV-0e4dfc1c1c
4618,e08dd594-a081-450f-aea8-b0007fd89885,20700,MCH-5b1162a765,KTX,4112,2026-06-06 16:57:00,35.974002,128.199383,KR,DEV-0e4dfc1c1c
4619,e08dd594-a081-450f-aea8-b0007fd89885,21000,MCH-fb4fb59d3a,스타벅스,5814,2026-06-07 14:50:00,35.947074,128.159655,KR,DEV-0e4dfc1c1c
4620,e08dd594-a081-450f-aea8-b0007fd89885,420000,MCH-ca5e0a9e0b,AWS,7372,2026-06-08 17:53:00,35.956097,128.158354,KR,DEV-0e4dfc1c1c
4621,e08dd594-a081-450f-aea8-b0007fd89885,61500,MCH-ba944121a3,무신사,5651,2026-06-08 22:52:00,35.953209,128.186386,KR,DEV-0e4dfc1c1c
4622,e08dd594-a081-450f-aea8-b0007fd89885,4400000,MCH-c3acdc127f,유흥업소,5813,2026-06-10 02:42:00,35.953578,128.179365,KR,DEV-0e4dfc1c1c
4623,e08dd594-a081-450f-aea8-b0007fd89885,130500,MCH-e7751d42a2,올리브영,5977,2026-06-10 15:05:00,35.966908,128.186385,KR,DEV-0e4dfc1c1c
4624,e08dd594-a081-450f-aea8-b0007fd89885,165000,MCH-53b4838ce6,어도비(Adobe),5734,2026-06-11 11:14:00,35.96289,128.16312,KR,DEV-0e4dfc1c1c
4625,e08dd594-a081-450f-aea8-b0007fd89885,225000,MCH-ca5e0a9e0b,AWS,7372,2026-06-11 11:38:00,35.933586,128.185272,KR,DEV-0e4dfc1c1c
4626,e08dd594-a081-450f-aea8-b0007fd89885,12000,MCH-fb4fb59d3a,스타벅스,5814,2026-06-11 14:49:00,35.937873,128.169472,KR,DEV-0e4dfc1c1c
4627,e08dd594-a081-450f-aea8-b0007fd89885,75000,MCH-a5c765e6ce,프리스비,5732,2026-06-12 16:50:00,35.981806,128.171074,KR,DEV-0e4dfc1c1c
4628,e08dd594-a081-450f-aea8-b0007fd89885,105000,MCH-8fff18fdd2,노션,7372,2026-06-12 19:03:00,35.934668,128.178862,KR,DEV-0e4dfc1c1c
4629,e08dd594-a081-450f-aea8-b0007fd89885,435000,MCH-53b4838ce6,어도비(Adobe),5734,2026-06-13 08:03:00,35.963466,128.18681,KR,DEV-0e4dfc1c1c
4630,e08dd594-a081-450f-aea8-b0007fd89885,6150,MCH-06553b267c,카카오택시,4121,2026-06-13 14:00:00,35.943907,128.152406,KR,DEV-0e4dfc1c1c
4631,e08dd594-a081-450f-aea8-b0007fd89885,135000,MCH-53b4838ce6,어도비(Adobe),5734,2026-06-13 16:35:00,35.967672,128.198287,KR,DEV-0e4dfc1c1c
4632,e08dd594-a081-450f-aea8-b0007fd89885,420000,MCH-53b4838ce6,어도비(Adobe),5734,2026-06-14 09:56:00,35.982249,128.17026,KR,DEV-0e4dfc1c1c
4633,e08dd594-a081-450f-aea8-b0007fd89885,165000,MCH-53b4838ce6,어도비(Adobe),5734,2026-06-14 13:12:00,35.949995,128.178331,KR,DEV-0e4dfc1c1c
4634,e08dd594-a081-450f-aea8-b0007fd89885,19500,MCH-c563ceac18,맥도날드,5814,2026-06-14 16:57:00,35.934342,128.164194,KR,DEV-0e4dfc1c1c
4635,e08dd594-a081-450f-aea8-b0007fd89885,210000,MCH-53b4838ce6,어도비(Adobe),5734,2026-06-18 09:07:00,35.968367,128.148644,KR,DEV-0e4dfc1c1c
4636,e08dd594-a081-450f-aea8-b0007fd89885,75000,MCH-8fff18fdd2,노션,7372,2026-06-18 10:19:00,35.939514,128.186542,KR,DEV-0e4dfc1c1c
4637,e08dd594-a081-450f-aea8-b0007fd89885,450000,MCH-53b4838ce6,어도비(Adobe),5734,2026-06-18 15:07:00,35.949713,128.174387,KR,DEV-0e4dfc1c1c
4638,e08dd594-a081-450f-aea8-b0007fd89885,138000,MCH-493f24c455,쿠팡,5399,2026-06-19 11:27:00,35.94837,128.155801,KR,DEV-0e4dfc1c1c
4639,e08dd594-a081-450f-aea8-b0007fd89885,9450,MCH-5b1162a765,KTX,4112,2026-06-19 17:04:00,35.959776,128.174944,KR,DEV-0e4dfc1c1c
4640,e08dd594-a081-450f-aea8-b0007fd89885,210000,MCH-bed94775b8,패스트파이브,7011,2026-06-19 17:07:00,35.974832,128.152719,KR,DEV-0e4dfc1c1c
4641,e08dd594-a081-450f-aea8-b0007fd89885,225000,MCH-ca5e0a9e0b,AWS,7372,2026-06-20 08:26:00,35.936319,128.161247,KR,DEV-0e4dfc1c1c
4642,e08dd594-a081-450f-aea8-b0007fd89885,127500,MCH-ba944121a3,무신사,5651,2026-06-20 12:52:00,35.955628,128.184189,KR,DEV-0e4dfc1c1c
4643,e08dd594-a081-450f-aea8-b0007fd89885,6750,MCH-5df4849ce1,지하철,4111,2026-06-20 13:18:00,35.963425,128.163885,KR,DEV-0e4dfc1c1c
4644,e08dd594-a081-450f-aea8-b0007fd89885,75000,MCH-53b4838ce6,어도비(Adobe),5734,2026-06-21 10:40:00,35.94169,128.18387,KR,DEV-0e4dfc1c1c
4645,e08dd594-a081-450f-aea8-b0007fd89885,90000,MCH-ca5e0a9e0b,AWS,7372,2026-06-22 08:23:00,35.955227,128.181087,KR,DEV-0e4dfc1c1c
4646,e08dd594-a081-450f-aea8-b0007fd89885,315000,MCH-8fff18fdd2,노션,7372,2026-06-22 16:58:00,35.935718,128.186659,KR,DEV-0e4dfc1c1c
4647,e08dd594-a081-450f-aea8-b0007fd89885,88500,MCH-ba944121a3,무신사,5651,2026-06-22 18:58:00,35.98574,128.18629,KR,DEV-0e4dfc1c1c
4648,e08dd594-a081-450f-aea8-b0007fd89885,255000,MCH-8fff18fdd2,노션,7372,2026-06-23 13:01:00,35.94064,128.17026,KR,DEV-0e4dfc1c1c
4649,e08dd594-a081-450f-aea8-b0007fd89885,285000,MCH-ca5e0a9e0b,AWS,7372,2026-06-23 18:46:00,35.959494,128.196331,KR,DEV-0e4dfc1c1c
4650,e08dd594-a081-450f-aea8-b0007fd89885,57000,MCH-ba944121a3,무신사,5651,2026-06-26 12:02:00,35.94423,128.201753,KR,DEV-0e4dfc1c1c
4651,e08dd594-a081-450f-aea8-b0007fd89885,7500,MCH-fb4fb59d3a,스타벅스,5814,2026-06-26 18:52:00,35.959877,128.190467,KR,DEV-0e4dfc1c1c
4652,e08dd594-a081-450f-aea8-b0007fd89885,1560000,MCH-c3acdc127f,유흥업소,5813,2026-06-29 02:22:00,35.954239,128.158799,KR,DEV-0e4dfc1c1c
4653,e08dd594-a081-450f-aea8-b0007fd89885,21000,MCH-c563ceac18,맥도날드,5814,2026-06-30 08:34:00,35.939924,128.156415,KR,DEV-0e4dfc1c1c
4654,e08dd594-a081-450f-aea8-b0007fd89885,90000,MCH-8fff18fdd2,노션,7372,2026-07-01 08:17:00,35.960637,128.167758,KR,DEV-0e4dfc1c1c
4655,e08dd594-a081-450f-aea8-b0007fd89885,66000,MCH-493f24c455,쿠팡,5399,2026-07-01 13:56:00,35.971463,128.17837,KR,DEV-0e4dfc1c1c
4656,e08dd594-a081-450f-aea8-b0007fd89885,106500,MCH-e7751d42a2,올리브영,5977,2026-07-03 22:09:00,35.976855,128.199529,KR,DEV-0e4dfc1c1c
4657,e08dd594-a081-450f-aea8-b0007fd89885,450000,MCH-53b4838ce6,어도비(Adobe),5734,2026-07-03 22:27:00,35.966968,128.180414,KR,DEV-0e4dfc1c1c
4658,e08dd594-a081-450f-aea8-b0007fd89885,75000,MCH-ca5e0a9e0b,AWS,7372,2026-07-04 10:59:00,35.962286,128.150624,KR,DEV-0e4dfc1c1c
4659,e08dd594-a081-450f-aea8-b0007fd89885,85500,MCH-e7751d42a2,올리브영,5977,2026-07-04 11:19:00,35.97823,128.149694,KR,DEV-0e4dfc1c1c
4660,e08dd594-a081-450f-aea8-b0007fd89885,330000,MCH-ca5e0a9e0b,AWS,7372,2026-07-05 08:11:00,35.954366,128.172959,KR,DEV-0e4dfc1c1c
4661,e08dd594-a081-450f-aea8-b0007fd89885,375000,MCH-53b4838ce6,어도비(Adobe),5734,2026-07-05 12:18:00,35.939028,128.189606,KR,DEV-0e4dfc1c1c
4662,e08dd594-a081-450f-aea8-b0007fd89885,2490000,MCH-53b4838ce6,어도비(Adobe),5734,2026-07-06 11:29:00,35.944205,128.167025,KR,DEV-0e4dfc1c1c
4663,e08dd594-a081-450f-aea8-b0007fd89885,360000,MCH-bed94775b8,패스트파이브,7011,2026-07-09 14:36:00,35.947245,128.179541,KR,DEV-0e4dfc1c1c
4664,e08dd594-a081-450f-aea8-b0007fd89885,405000,MCH-8fff18fdd2,노션,7372,2026-07-09 20:01:00,35.983978,128.197869,KR,DEV-0e4dfc1c1c
4665,e08dd594-a081-450f-aea8-b0007fd89885,225000,MCH-53b4838ce6,어도비(Adobe),5734,2026-07-09 21:21:00,35.98181,128.16136,KR,DEV-0e4dfc1c1c
4666,e08dd594-a081-450f-aea8-b0007fd89885,255000,MCH-53b4838ce6,어도비(Adobe),5734,2026-07-10 09:46:00,35.940486,128.181262,KR,DEV-0e4dfc1c1c
4667,e08dd594-a081-450f-aea8-b0007fd89885,16500,MCH-0d60345572,버스,4111,2026-07-10 15:57:00,35.950126,128.173259,KR,DEV-0e4dfc1c1c
4668,e08dd594-a081-450f-aea8-b0007fd89885,195000,MCH-8fff18fdd2,노션,7372,2026-07-11 12:29:00,35.965381,128.183014,KR,DEV-0e4dfc1c1c
4669,e08dd594-a081-450f-aea8-b0007fd89885,16500,MCH-ab42b36c0b,배달의민족,5812,2026-07-11 15:46:00,35.939772,128.1603,KR,DEV-0e4dfc1c1c
4670,e08dd594-a081-450f-aea8-b0007fd89885,13650,MCH-06553b267c,카카오택시,4121,2026-07-11 17:57:00,35.956213,128.153451,KR,DEV-0e4dfc1c1c
4671,e08dd594-a081-450f-aea8-b0007fd89885,390000,MCH-8fff18fdd2,노션,7372,2026-07-12 10:15:00,35.941953,128.191801,KR,DEV-0e4dfc1c1c
4672,e08dd594-a081-450f-aea8-b0007fd89885,28500,MCH-493f24c455,쿠팡,5399,2026-07-12 12:05:00,35.980904,128.157822,KR,DEV-0e4dfc1c1c
4673,e08dd594-a081-450f-aea8-b0007fd89885,97500,MCH-a5c765e6ce,프리스비,5732,2026-07-12 17:06:00,35.939016,128.15439,KR,DEV-0e4dfc1c1c
4674,e08dd594-a081-450f-aea8-b0007fd89885,9000,MCH-8e35d3c146,김밥천국,5812,2026-07-13 11:48:00,35.952681,128.157176,KR,DEV-0e4dfc1c1c
4675,e08dd594-a081-450f-aea8-b0007fd89885,150000,MCH-bed94775b8,패스트파이브,7011,2026-07-13 21:31:00,35.947436,128.200124,KR,DEV-0e4dfc1c1c
4676,e08dd594-a081-450f-aea8-b0007fd89885,37500,MCH-a5c765e6ce,프리스비,5732,2026-07-14 13:40:00,35.950471,128.180832,KR,DEV-0e4dfc1c1c
4677,e08dd594-a081-450f-aea8-b0007fd89885,360000,MCH-ca5e0a9e0b,AWS,7372,2026-07-15 14:25:00,35.94444,128.163521,KR,DEV-0e4dfc1c1c
4678,e08dd594-a081-450f-aea8-b0007fd89885,33000,MCH-8e35d3c146,김밥천국,5812,2026-07-18 22:49:00,35.977027,128.14984,KR,DEV-0e4dfc1c1c
4679,e08dd594-a081-450f-aea8-b0007fd89885,17400,MCH-06553b267c,카카오택시,4121,2026-07-20 11:08:00,35.980844,128.169084,KR,DEV-0e4dfc1c1c
4680,e08dd594-a081-450f-aea8-b0007fd89885,150000,MCH-53b4838ce6,어도비(Adobe),5734,2026-07-23 10:02:00,35.948532,128.190586,KR,DEV-0e4dfc1c1c
4681,e08dd594-a081-450f-aea8-b0007fd89885,150000,MCH-cf62dbb6a8,게임아이템_스토어,7994,2026-07-25 08:11:00,35.970514,128.18344,KR,DEV-0e4dfc1c1c
4682,e08dd594-a081-450f-aea8-b0007fd89885,150000,MCH-cf62dbb6a8,게임아이템_스토어,7994,2026-07-25 08:12:00,35.970514,128.18344,KR,DEV-0e4dfc1c1c
4683,e08dd594-a081-450f-aea8-b0007fd89885,150000,MCH-cf62dbb6a8,게임아이템_스토어,7994,2026-07-25 08:13:00,35.970514,128.18344,KR,DEV-0e4dfc1c1c
4684,e08dd594-a081-450f-aea8-b0007fd89885,37500,MCH-ba944121a3,무신사,5651,2026-07-25 17:03:00,35.943644,128.18187,KR,DEV-0e4dfc1c1c
4685,e08dd594-a081-450f-aea8-b0007fd89885,117000,MCH-e7751d42a2,올리브영,5977,2026-07-26 09:32:00,35.940108,128.193908,KR,DEV-0e4dfc1c1c
4686,e08dd594-a081-450f-aea8-b0007fd89885,34500,MCH-8e35d3c146,김밥천국,5812,2026-07-26 17:51:00,35.951334,128.180827,KR,DEV-0e4dfc1c1c
4687,e08dd594-a081-450f-aea8-b0007fd89885,135000,MCH-ca5e0a9e0b,AWS,7372,2026-07-26 19:14:00,35.944469,128.163852,KR,DEV-0e4dfc1c1c
4688,e08dd594-a081-450f-aea8-b0007fd89885,139500,MCH-493f24c455,쿠팡,5399,2026-07-27 12:48:00,35.971875,128.193701,KR,DEV-0e4dfc1c1c
4689,e08dd594-a081-450f-aea8-b0007fd89885,210000,MCH-53b4838ce6,어도비(Adobe),5734,2026-07-27 13:24:00,35.95754,128.197927,KR,DEV-0e4dfc1c1c
4690,e08dd594-a081-450f-aea8-b0007fd89885,39000,MCH-fb4fb59d3a,스타벅스,5814,2026-07-27 15:31:00,35.968835,128.186211,KR,DEV-0e4dfc1c1c
4691,e08dd594-a081-450f-aea8-b0007fd89885,18000,MCH-c563ceac18,맥도날드,5814,2026-07-28 09:43:00,35.936214,128.187403,KR,DEV-0e4dfc1c1c
4692,e08dd594-a081-450f-aea8-b0007fd89885,105000,MCH-bed94775b8,패스트파이브,7011,2026-07-28 10:01:00,35.950581,128.167038,KR,DEV-0e4dfc1c1c
4693,e08dd594-a081-450f-aea8-b0007fd89885,300000,MCH-8fff18fdd2,노션,7372,2026-07-28 16:03:00,35.940859,128.153089,KR,DEV-0e4dfc1c1c
4694,e08dd594-a081-450f-aea8-b0007fd89885,133500,MCH-e7751d42a2,올리브영,5977,2026-07-29 10:04:00,35.939527,128.159137,KR,DEV-0e4dfc1c1c
4695,e08dd594-a081-450f-aea8-b0007fd89885,270000,MCH-8fff18fdd2,노션,7372,2026-07-29 11:58:00,35.952666,128.182776,KR,DEV-0e4dfc1c1c
4696,e08dd594-a081-450f-aea8-b0007fd89885,142500,MCH-ba944121a3,무신사,5651,2026-07-29 14:13:00,35.968947,128.172292,KR,DEV-0e4dfc1c1c
4697,e08dd594-a081-450f-aea8-b0007fd89885,285000,MCH-ca5e0a9e0b,AWS,7372,2026-07-31 21:21:00,35.942613,128.150575,KR,DEV-0e4dfc1c1c
4698,e08dd594-a081-450f-aea8-b0007fd89885,40500,MCH-c563ceac18,맥도날드,5814,2026-08-01 19:04:00,35.961278,128.197485,KR,DEV-0e4dfc1c1c
4699,e08dd594-a081-450f-aea8-b0007fd89885,360000,MCH-bed94775b8,패스트파이브,7011,2026-08-02 11:08:00,35.964606,128.182269,KR,DEV-0e4dfc1c1c
4700,e08dd594-a081-450f-aea8-b0007fd89885,27450,MCH-5b1162a765,KTX,4112,2026-08-02 16:12:00,35.973013,128.17735,KR,DEV-0e4dfc1c1c
4701,e08dd594-a081-450f-aea8-b0007fd89885,93000,MCH-a5c765e6ce,프리스비,5732,2026-08-03 09:51:00,35.953443,128.158356,KR,DEV-0e4dfc1c1c
4702,e08dd594-a081-450f-aea8-b0007fd89885,123000,MCH-a5c765e6ce,프리스비,5732,2026-08-03 10:02:00,35.963022,128.196107,KR,DEV-0e4dfc1c1c
4703,e08dd594-a081-450f-aea8-b0007fd89885,45000,MCH-8e35d3c146,김밥천국,5812,2026-08-03 13:10:00,35.974309,128.184481,KR,DEV-0e4dfc1c1c
4704,e08dd594-a081-450f-aea8-b0007fd89885,300000,MCH-ca5e0a9e0b,AWS,7372,2026-08-04 21:23:00,35.949281,128.167083,KR,DEV-0e4dfc1c1c
4705,e08dd594-a081-450f-aea8-b0007fd89885,120000,MCH-8fff18fdd2,노션,7372,2026-08-05 08:19:00,35.941106,128.192419,KR,DEV-0e4dfc1c1c
4706,e08dd594-a081-450f-aea8-b0007fd89885,120000,MCH-ba944121a3,무신사,5651,2026-08-05 12:37:00,35.953064,128.173776,KR,DEV-0e4dfc1c1c
4707,e08dd594-a081-450f-aea8-b0007fd89885,225000,MCH-bed94775b8,패스트파이브,7011,2026-08-06 14:34:00,35.984019,128.179686,KR,DEV-0e4dfc1c1c
4708,e08dd594-a081-450f-aea8-b0007fd89885,42000,MCH-c563ceac18,맥도날드,5814,2026-08-09 13:44:00,35.979545,128.186841,KR,DEV-0e4dfc1c1c
4709,e08dd594-a081-450f-aea8-b0007fd89885,4950,MCH-5df4849ce1,지하철,4111,2026-08-10 10:36:00,35.943853,128.185428,KR,DEV-0e4dfc1c1c
4710,e08dd594-a081-450f-aea8-b0007fd89885,57000,MCH-493f24c455,쿠팡,5399,2026-08-10 10:50:00,35.95583,128.190713,KR,DEV-0e4dfc1c1c
4711,e08dd594-a081-450f-aea8-b0007fd89885,210000,MCH-53b4838ce6,어도비(Adobe),5734,2026-08-10 22:22:00,35.980473,128.173355,KR,DEV-0e4dfc1c1c
4712,e08dd594-a081-450f-aea8-b0007fd89885,285000,MCH-53b4838ce6,어도비(Adobe),5734,2026-08-11 08:13:00,35.939606,128.154693,KR,DEV-0e4dfc1c1c
4713,e08dd594-a081-450f-aea8-b0007fd89885,225000,MCH-8fff18fdd2,노션,7372,2026-08-11 09:45:00,35.979816,128.185893,KR,DEV-0e4dfc1c1c
4714,e08dd594-a081-450f-aea8-b0007fd89885,11550,MCH-5df4849ce1,지하철,4111,2026-08-11 11:28:00,35.965229,128.155652,KR,DEV-0e4dfc1c1c
4715,e08dd594-a081-450f-aea8-b0007fd89885,39000,MCH-c563ceac18,맥도날드,5814,2026-08-12 10:54:00,35.971655,128.149046,KR,DEV-0e4dfc1c1c
4716,e08dd594-a081-450f-aea8-b0007fd89885,4800,MCH-06553b267c,카카오택시,4121,2026-08-12 10:56:00,35.985152,128.176531,KR,DEV-0e4dfc1c1c
4717,e08dd594-a081-450f-aea8-b0007fd89885,315000,MCH-8fff18fdd2,노션,7372,2026-08-12 22:17:00,35.940396,128.192828,KR,DEV-0e4dfc1c1c
4718,e08dd594-a081-450f-aea8-b0007fd89885,300000,MCH-bed94775b8,패스트파이브,7011,2026-08-13 19:47:00,35.9528,128.1996,KR,DEV-0e4dfc1c1c
4719,e08dd594-a081-450f-aea8-b0007fd89885,270000,MCH-ca5e0a9e0b,AWS,7372,2026-08-13 21:28:00,35.979214,128.159413,KR,DEV-0e4dfc1c1c
4720,e08dd594-a081-450f-aea8-b0007fd89885,18900,MCH-0d60345572,버스,4111,2026-08-14 22:58:00,35.978248,128.183012,KR,DEV-0e4dfc1c1c
4721,e08dd594-a081-450f-aea8-b0007fd89885,13500,MCH-c563ceac18,맥도날드,5814,2026-08-16 12:39:00,35.947335,128.18707,KR,DEV-0e4dfc1c1c
4722,e08dd594-a081-450f-aea8-b0007fd89885,90000,MCH-8fff18fdd2,노션,7372,2026-08-16 21:41:00,35.979078,128.197497,KR,DEV-0e4dfc1c1c
4723,e08dd594-a081-450f-aea8-b0007fd89885,210000,MCH-53b4838ce6,어도비(Adobe),5734,2026-08-18 12:40:00,35.960524,128.175955,KR,DEV-0e4dfc1c1c
4724,e08dd594-a081-450f-aea8-b0007fd89885,330000,MCH-53b4838ce6,어도비(Adobe),5734,2026-08-18 22:03:00,35.938135,128.167059,KR,DEV-0e4dfc1c1c
4725,e08dd594-a081-450f-aea8-b0007fd89885,30000,MCH-c563ceac18,맥도날드,5814,2026-08-19 12:29:00,35.942525,128.182698,KR,DEV-0e4dfc1c1c
4726,e08dd594-a081-450f-aea8-b0007fd89885,36000,MCH-e7751d42a2,올리브영,5977,2026-08-19 18:13:00,35.945285,128.167253,KR,DEV-0e4dfc1c1c
4727,e08dd594-a081-450f-aea8-b0007fd89885,105000,MCH-493f24c455,쿠팡,5399,2026-08-22 09:06:00,35.962407,128.186426,KR,DEV-0e4dfc1c1c
4728,e08dd594-a081-450f-aea8-b0007fd89885,33000,MCH-8e35d3c146,김밥천국,5812,2026-08-22 12:02:00,35.94938,128.163645,KR,DEV-0e4dfc1c1c
4729,e08dd594-a081-450f-aea8-b0007fd89885,255000,MCH-53b4838ce6,어도비(Adobe),5734,2026-08-22 22:38:00,35.98232,128.150422,KR,DEV-0e4dfc1c1c
4730,e8b7ab74-be92-4ef6-833a-dbb63e514bdc,29900,MCH-fb4fb59d3a,스타벅스,5814,2026-05-25 13:33:00,37.692528,126.846283,KR,DEV-88721c6238
4731,e8b7ab74-be92-4ef6-833a-dbb63e514bdc,12350,MCH-06553b267c,카카오택시,4121,2026-05-25 17:50:00,37.666517,126.823701,KR,DEV-88721c6238
4732,e8b7ab74-be92-4ef6-833a-dbb63e514bdc,36400,MCH-ab42b36c0b,배달의민족,5812,2026-05-30 15:18:00,37.689592,126.85979,KR,DEV-88721c6238
4733,e8b7ab74-be92-4ef6-833a-dbb63e514bdc,286000,MCH-53b4838ce6,어도비(Adobe),5734,2026-05-30 17:17:00,37.687476,126.849745,KR,DEV-88721c6238
4734,e8b7ab74-be92-4ef6-833a-dbb63e514bdc,14300,MCH-fb4fb59d3a,스타벅스,5814,2026-06-01 08:22:00,37.686183,126.822461,KR,DEV-88721c6238
4735,e8b7ab74-be92-4ef6-833a-dbb63e514bdc,13780,MCH-5df4849ce1,지하철,4111,2026-06-01 18:04:00,37.716159,126.848076,KR,DEV-88721c6238
4736,e8b7ab74-be92-4ef6-833a-dbb63e514bdc,364000,MCH-53b4838ce6,어도비(Adobe),5734,2026-06-03 18:14:00,37.689995,126.852578,KR,DEV-88721c6238
4737,e8b7ab74-be92-4ef6-833a-dbb63e514bdc,4030,MCH-0d60345572,버스,4111,2026-06-03 21:11:00,37.71223,126.81958,KR,DEV-88721c6238
4738,e8b7ab74-be92-4ef6-833a-dbb63e514bdc,83200,MCH-ba944121a3,무신사,5651,2026-06-04 21:27:00,37.695063,126.843,KR,DEV-88721c6238
4739,e8b7ab74-be92-4ef6-833a-dbb63e514bdc,27300,MCH-fb4fb59d3a,스타벅스,5814,2026-06-05 11:26:00,37.681439,126.856625,KR,DEV-88721c6238
4740,e8b7ab74-be92-4ef6-833a-dbb63e514bdc,286000,MCH-bed94775b8,패스트파이브,7011,2026-06-05 11:34:00,37.700762,126.849298,KR,DEV-88721c6238
4741,e8b7ab74-be92-4ef6-833a-dbb63e514bdc,143000,MCH-53b4838ce6,어도비(Adobe),5734,2026-06-05 20:53:00,37.711242,126.847104,KR,DEV-88721c6238
4742,e8b7ab74-be92-4ef6-833a-dbb63e514bdc,221000,MCH-ca5e0a9e0b,AWS,7372,2026-06-06 20:24:00,37.71292,126.863069,KR,DEV-88721c6238
4743,e8b7ab74-be92-4ef6-833a-dbb63e514bdc,20280,MCH-06553b267c,카카오택시,4121,2026-06-07 13:07:00,37.691262,126.837626,KR,DEV-88721c6238
4744,e8b7ab74-be92-4ef6-833a-dbb63e514bdc,377000,MCH-ca5e0a9e0b,AWS,7372,2026-06-09 08:55:00,37.703826,126.866037,KR,DEV-88721c6238
4745,e8b7ab74-be92-4ef6-833a-dbb63e514bdc,101400,MCH-ba944121a3,무신사,5651,2026-06-09 09:37:00,37.668806,126.842462,KR,DEV-88721c6238
4746,e8b7ab74-be92-4ef6-833a-dbb63e514bdc,195000,MCH-bed94775b8,패스트파이브,7011,2026-06-09 20:28:00,37.715584,126.847487,KR,DEV-88721c6238
4747,e8b7ab74-be92-4ef6-833a-dbb63e514bdc,143000,MCH-53b4838ce6,어도비(Adobe),5734,2026-06-10 14:00:00,37.706423,126.82884,KR,DEV-88721c6238
4748,e8b7ab74-be92-4ef6-833a-dbb63e514bdc,63700,MCH-a5c765e6ce,프리스비,5732,2026-06-10 20:38:00,37.692175,126.844865,KR,DEV-88721c6238
4749,e8b7ab74-be92-4ef6-833a-dbb63e514bdc,18200,MCH-8e35d3c146,김밥천국,5812,2026-06-11 17:53:00,37.684218,126.866394,KR,DEV-88721c6238
4750,e8b7ab74-be92-4ef6-833a-dbb63e514bdc,12610,MCH-5df4849ce1,지하철,4111,2026-06-12 10:46:00,37.704627,126.871373,KR,DEV-88721c6238
4751,e8b7ab74-be92-4ef6-833a-dbb63e514bdc,13780,MCH-5b1162a765,KTX,4112,2026-06-12 20:11:00,37.670874,126.859078,KR,DEV-88721c6238
4752,e8b7ab74-be92-4ef6-833a-dbb63e514bdc,11440,MCH-5b1162a765,KTX,4112,2026-06-14 19:26:00,37.695128,126.837414,KR,DEV-88721c6238
4753,e8b7ab74-be92-4ef6-833a-dbb63e514bdc,26000,MCH-8e35d3c146,김밥천국,5812,2026-06-14 22:15:00,37.706937,126.824371,KR,DEV-88721c6238
4754,e8b7ab74-be92-4ef6-833a-dbb63e514bdc,91000,MCH-e7751d42a2,올리브영,5977,2026-06-18 13:44:00,37.677078,126.822462,KR,DEV-88721c6238
4755,e8b7ab74-be92-4ef6-833a-dbb63e514bdc,13130,MCH-06553b267c,카카오택시,4121,2026-06-19 09:20:00,37.685189,126.833877,KR,DEV-88721c6238
4756,e8b7ab74-be92-4ef6-833a-dbb63e514bdc,15600,MCH-c563ceac18,맥도날드,5814,2026-06-19 12:39:00,37.676712,126.831831,KR,DEV-88721c6238
4757,e8b7ab74-be92-4ef6-833a-dbb63e514bdc,364000,MCH-8fff18fdd2,노션,7372,2026-06-19 19:57:00,37.71727,126.821592,KR,DEV-88721c6238
4758,e8b7ab74-be92-4ef6-833a-dbb63e514bdc,4460000,MCH-9449f2d5d1,중고거래_송금,6051,2026-06-20 03:29:00,37.700339,126.862267,KR,DEV-88721c6238
4759,e8b7ab74-be92-4ef6-833a-dbb63e514bdc,143000,MCH-bed94775b8,패스트파이브,7011,2026-06-20 16:34:00,37.711874,126.869535,KR,DEV-88721c6238
4760,e8b7ab74-be92-4ef6-833a-dbb63e514bdc,24960,MCH-5b1162a765,KTX,4112,2026-06-22 10:26:00,37.695835,126.854016,KR,DEV-88721c6238
4761,e8b7ab74-be92-4ef6-833a-dbb63e514bdc,325000,MCH-ca5e0a9e0b,AWS,7372,2026-06-22 15:01:00,37.679317,126.841395,KR,DEV-88721c6238
4762,e8b7ab74-be92-4ef6-833a-dbb63e514bdc,299000,MCH-bed94775b8,패스트파이브,7011,2026-06-22 22:29:00,37.704415,126.855992,KR,DEV-88721c6238
4763,e8b7ab74-be92-4ef6-833a-dbb63e514bdc,91000,MCH-8fff18fdd2,노션,7372,2026-06-23 20:50:00,37.708808,126.827181,KR,DEV-88721c6238
4764,e8b7ab74-be92-4ef6-833a-dbb63e514bdc,377000,MCH-53b4838ce6,어도비(Adobe),5734,2026-06-24 21:25:00,37.703683,126.826342,KR,DEV-88721c6238
4765,e8b7ab74-be92-4ef6-833a-dbb63e514bdc,169000,MCH-8fff18fdd2,노션,7372,2026-06-25 13:23:00,37.679305,126.858388,KR,DEV-88721c6238
4766,e8b7ab74-be92-4ef6-833a-dbb63e514bdc,169000,MCH-53b4838ce6,어도비(Adobe),5734,2026-06-26 20:00:00,37.714269,126.866792,KR,DEV-88721c6238
4767,e8b7ab74-be92-4ef6-833a-dbb63e514bdc,234000,MCH-ca5e0a9e0b,AWS,7372,2026-06-27 15:12:00,37.677897,126.829776,KR,DEV-88721c6238
4768,e8b7ab74-be92-4ef6-833a-dbb63e514bdc,33800,MCH-a5c765e6ce,프리스비,5732,2026-06-28 11:09:00,37.708629,126.850381,KR,DEV-88721c6238
4769,e8b7ab74-be92-4ef6-833a-dbb63e514bdc,79300,MCH-ba944121a3,무신사,5651,2026-06-28 15:06:00,37.666243,126.871983,KR,DEV-88721c6238
4770,e8b7ab74-be92-4ef6-833a-dbb63e514bdc,143000,MCH-ca5e0a9e0b,AWS,7372,2026-06-29 08:36:00,37.689442,126.821534,KR,DEV-88721c6238
4771,e8b7ab74-be92-4ef6-833a-dbb63e514bdc,83200,MCH-e7751d42a2,올리브영,5977,2026-06-29 12:40:00,37.688338,126.864771,KR,DEV-88721c6238
4772,e8b7ab74-be92-4ef6-833a-dbb63e514bdc,221000,MCH-8fff18fdd2,노션,7372,2026-06-30 15:59:00,37.675326,126.851125,KR,DEV-88721c6238
4773,e8b7ab74-be92-4ef6-833a-dbb63e514bdc,2470,MCH-5df4849ce1,지하철,4111,2026-06-30 21:35:00,37.677292,126.830117,KR,DEV-88721c6238
4774,e8b7ab74-be92-4ef6-833a-dbb63e514bdc,143000,MCH-ca5e0a9e0b,AWS,7372,2026-07-02 19:56:00,37.718047,126.827032,KR,DEV-88721c6238
4775,e8b7ab74-be92-4ef6-833a-dbb63e514bdc,156000,MCH-53b4838ce6,어도비(Adobe),5734,2026-07-04 09:03:00,37.700996,126.830833,KR,DEV-88721c6238
4776,e8b7ab74-be92-4ef6-833a-dbb63e514bdc,23400,MCH-fb4fb59d3a,스타벅스,5814,2026-07-04 20:15:00,37.701834,126.834007,KR,DEV-88721c6238
4777,e8b7ab74-be92-4ef6-833a-dbb63e514bdc,208000,MCH-8fff18fdd2,노션,7372,2026-07-06 21:20:00,37.689079,126.872031,KR,DEV-88721c6238
4778,e8b7ab74-be92-4ef6-833a-dbb63e514bdc,117000,MCH-bed94775b8,패스트파이브,7011,2026-07-07 10:57:00,37.694587,126.83671,KR,DEV-88721c6238
4779,e8b7ab74-be92-4ef6-833a-dbb63e514bdc,273000,MCH-8fff18fdd2,노션,7372,2026-07-07 14:05:00,37.669859,126.864074,KR,DEV-88721c6238
4780,e8b7ab74-be92-4ef6-833a-dbb63e514bdc,12220,MCH-5df4849ce1,지하철,4111,2026-07-08 12:04:00,37.67148,126.863279,KR,DEV-88721c6238
4781,e8b7ab74-be92-4ef6-833a-dbb63e514bdc,6500,MCH-8e35d3c146,김밥천국,5812,2026-07-08 12:26:00,37.705741,126.861525,KR,DEV-88721c6238
4782,e8b7ab74-be92-4ef6-833a-dbb63e514bdc,143000,MCH-8fff18fdd2,노션,7372,2026-07-08 16:53:00,37.700193,126.842705,KR,DEV-88721c6238
4783,e8b7ab74-be92-4ef6-833a-dbb63e514bdc,247000,MCH-53b4838ce6,어도비(Adobe),5734,2026-07-09 09:51:00,37.696685,126.837534,KR,DEV-88721c6238
4784,e8b7ab74-be92-4ef6-833a-dbb63e514bdc,9230,MCH-5b1162a765,KTX,4112,2026-07-09 21:52:00,37.692326,126.848226,KR,DEV-88721c6238
4785,e8b7ab74-be92-4ef6-833a-dbb63e514bdc,117000,MCH-8fff18fdd2,노션,7372,2026-07-09 22:13:00,37.669869,126.837675,KR,DEV-88721c6238
4786,e8b7ab74-be92-4ef6-833a-dbb63e514bdc,208000,MCH-53b4838ce6,어도비(Adobe),5734,2026-07-11 18:59:00,37.686016,126.827933,KR,DEV-88721c6238
4787,e8b7ab74-be92-4ef6-833a-dbb63e514bdc,33800,MCH-c563ceac18,맥도날드,5814,2026-07-12 11:49:00,37.67085,126.848039,KR,DEV-88721c6238
4788,e8b7ab74-be92-4ef6-833a-dbb63e514bdc,78000,MCH-e7751d42a2,올리브영,5977,2026-07-12 12:47:00,37.707048,126.832571,KR,DEV-88721c6238
4789,e8b7ab74-be92-4ef6-833a-dbb63e514bdc,182000,MCH-ca5e0a9e0b,AWS,7372,2026-07-12 20:48:00,37.67498,126.868484,KR,DEV-88721c6238
4790,e8b7ab74-be92-4ef6-833a-dbb63e514bdc,3810000,MCH-c3acdc127f,유흥업소,5813,2026-07-13 02:22:00,37.708077,126.846242,KR,DEV-88721c6238
4791,e8b7ab74-be92-4ef6-833a-dbb63e514bdc,16510,MCH-06553b267c,카카오택시,4121,2026-07-14 21:25:00,37.697456,126.872824,KR,DEV-88721c6238
4792,e8b7ab74-be92-4ef6-833a-dbb63e514bdc,37700,MCH-ab42b36c0b,배달의민족,5812,2026-07-16 08:30:00,37.689002,126.836865,KR,DEV-88721c6238
4793,e8b7ab74-be92-4ef6-833a-dbb63e514bdc,156000,MCH-8fff18fdd2,노션,7372,2026-07-17 08:15:00,37.715377,126.822227,KR,DEV-88721c6238
4794,e8b7ab74-be92-4ef6-833a-dbb63e514bdc,6890,MCH-5b1162a765,KTX,4112,2026-07-18 20:15:00,37.705854,126.827904,KR,DEV-88721c6238
4795,e8b7ab74-be92-4ef6-833a-dbb63e514bdc,19370,MCH-0d60345572,버스,4111,2026-07-19 08:12:00,37.677131,126.850371,KR,DEV-88721c6238
4796,e8b7ab74-be92-4ef6-833a-dbb63e514bdc,260000,MCH-ca5e0a9e0b,AWS,7372,2026-07-19 18:25:00,37.706763,126.86916,KR,DEV-88721c6238
4797,e8b7ab74-be92-4ef6-833a-dbb63e514bdc,33800,MCH-ab42b36c0b,배달의민족,5812,2026-07-21 16:54:00,37.709652,126.836786,KR,DEV-88721c6238
4798,e8b7ab74-be92-4ef6-833a-dbb63e514bdc,29900,MCH-c563ceac18,맥도날드,5814,2026-07-21 18:02:00,37.681293,126.841043,KR,DEV-88721c6238
4799,e8b7ab74-be92-4ef6-833a-dbb63e514bdc,18200,MCH-ab42b36c0b,배달의민족,5812,2026-07-25 12:30:00,37.674964,126.82201,KR,DEV-88721c6238
4800,e8b7ab74-be92-4ef6-833a-dbb63e514bdc,20800,MCH-e7751d42a2,올리브영,5977,2026-07-26 08:12:00,37.703148,126.844297,KR,DEV-88721c6238
4801,e8b7ab74-be92-4ef6-833a-dbb63e514bdc,15340,MCH-5b1162a765,KTX,4112,2026-07-27 14:00:00,37.677002,126.834682,KR,DEV-88721c6238
4802,e8b7ab74-be92-4ef6-833a-dbb63e514bdc,12870,MCH-5b1162a765,KTX,4112,2026-07-27 18:59:00,37.702488,126.846052,KR,DEV-88721c6238
4803,e8b7ab74-be92-4ef6-833a-dbb63e514bdc,169000,MCH-bed94775b8,패스트파이브,7011,2026-07-28 09:09:00,37.705191,126.860288,KR,DEV-88721c6238
4804,e8b7ab74-be92-4ef6-833a-dbb63e514bdc,39000,MCH-c563ceac18,맥도날드,5814,2026-07-30 16:43:00,37.697873,126.845887,KR,DEV-88721c6238
4805,e8b7ab74-be92-4ef6-833a-dbb63e514bdc,1590000,MCH-9449f2d5d1,중고거래_송금,6051,2026-07-31 05:01:00,37.677426,126.832157,KR,DEV-88721c6238
4806,e8b7ab74-be92-4ef6-833a-dbb63e514bdc,80600,MCH-ba944121a3,무신사,5651,2026-07-31 10:44:00,37.698602,126.857102,KR,DEV-88721c6238
4807,e8b7ab74-be92-4ef6-833a-dbb63e514bdc,23400,MCH-fb4fb59d3a,스타벅스,5814,2026-08-01 11:25:00,37.71695,126.86936,KR,DEV-88721c6238
4808,e8b7ab74-be92-4ef6-833a-dbb63e514bdc,10140,MCH-06553b267c,카카오택시,4121,2026-08-01 13:15:00,37.66951,126.835834,KR,DEV-88721c6238
4809,e8b7ab74-be92-4ef6-833a-dbb63e514bdc,377000,MCH-ca5e0a9e0b,AWS,7372,2026-08-01 17:14:00,37.713667,126.827274,KR,DEV-88721c6238
4810,e8b7ab74-be92-4ef6-833a-dbb63e514bdc,156000,MCH-bed94775b8,패스트파이브,7011,2026-08-02 12:45:00,37.684441,126.828577,KR,DEV-88721c6238
4811,e8b7ab74-be92-4ef6-833a-dbb63e514bdc,78000,MCH-bed94775b8,패스트파이브,7011,2026-08-02 16:41:00,37.685574,126.858829,KR,DEV-88721c6238
4812,e8b7ab74-be92-4ef6-833a-dbb63e514bdc,299000,MCH-53b4838ce6,어도비(Adobe),5734,2026-08-04 14:29:00,37.712035,126.820799,KR,DEV-88721c6238
4813,e8b7ab74-be92-4ef6-833a-dbb63e514bdc,299000,MCH-8fff18fdd2,노션,7372,2026-08-04 15:28:00,37.698356,126.83851,KR,DEV-88721c6238
4814,e8b7ab74-be92-4ef6-833a-dbb63e514bdc,8580,MCH-5b1162a765,KTX,4112,2026-08-04 18:55:00,37.682217,126.871682,KR,DEV-88721c6238
4815,e8b7ab74-be92-4ef6-833a-dbb63e514bdc,65000,MCH-8fff18fdd2,노션,7372,2026-08-05 13:30:00,37.715994,126.854657,KR,DEV-88721c6238
4816,e8b7ab74-be92-4ef6-833a-dbb63e514bdc,78000,MCH-53b4838ce6,어도비(Adobe),5734,2026-08-05 16:55:00,37.71424,126.848069,KR,DEV-88721c6238
4817,e8b7ab74-be92-4ef6-833a-dbb63e514bdc,234000,MCH-8fff18fdd2,노션,7372,2026-08-05 17:40:00,37.681609,126.824721,KR,DEV-88721c6238
4818,e8b7ab74-be92-4ef6-833a-dbb63e514bdc,128700,MCH-bed94775b8,패스트파이브,7011,2026-08-06 15:51:00,35.184557,128.297272,KR,DEV-88721c6238
4819,e8b7ab74-be92-4ef6-833a-dbb63e514bdc,42900,MCH-493f24c455,쿠팡,5399,2026-08-08 14:20:00,37.71963,126.86838,KR,DEV-88721c6238
4820,e8b7ab74-be92-4ef6-833a-dbb63e514bdc,16900,MCH-fb4fb59d3a,스타벅스,5814,2026-08-08 16:54:00,37.687925,126.835462,KR,DEV-88721c6238
4821,e8b7ab74-be92-4ef6-833a-dbb63e514bdc,37700,MCH-c563ceac18,맥도날드,5814,2026-08-08 17:53:00,37.703279,126.848489,KR,DEV-88721c6238
4822,e8b7ab74-be92-4ef6-833a-dbb63e514bdc,62400,MCH-a5c765e6ce,프리스비,5732,2026-08-09 17:43:00,37.699471,126.864633,KR,DEV-88721c6238
4823,e8b7ab74-be92-4ef6-833a-dbb63e514bdc,247000,MCH-ca5e0a9e0b,AWS,7372,2026-08-09 19:14:00,37.719774,126.860877,KR,DEV-88721c6238
4824,e8b7ab74-be92-4ef6-833a-dbb63e514bdc,104000,MCH-8fff18fdd2,노션,7372,2026-08-09 19:44:00,37.699511,126.840658,KR,DEV-88721c6238
4825,e8b7ab74-be92-4ef6-833a-dbb63e514bdc,113100,MCH-e7751d42a2,올리브영,5977,2026-08-10 14:31:00,37.714358,126.829786,KR,DEV-88721c6238
4826,e8b7ab74-be92-4ef6-833a-dbb63e514bdc,1456000,MCH-8fff18fdd2,노션,7372,2026-08-10 16:45:00,37.710163,126.842327,KR,DEV-88721c6238
4827,e8b7ab74-be92-4ef6-833a-dbb63e514bdc,3270000,MCH-cac2f457b6,금은방_귀금속,5944,2026-08-12 04:26:00,37.668948,126.85849,KR,DEV-88721c6238
4828,e8b7ab74-be92-4ef6-833a-dbb63e514bdc,18200,MCH-8e35d3c146,김밥천국,5812,2026-08-12 20:02:00,37.678642,126.865367,KR,DEV-88721c6238
4829,e8b7ab74-be92-4ef6-833a-dbb63e514bdc,351000,MCH-bed94775b8,패스트파이브,7011,2026-08-13 11:51:00,37.714192,126.839063,KR,DEV-88721c6238
4830,e8b7ab74-be92-4ef6-833a-dbb63e514bdc,36400,MCH-ab42b36c0b,배달의민족,5812,2026-08-13 20:19:00,37.687976,126.858834,KR,DEV-88721c6238
4831,e8b7ab74-be92-4ef6-833a-dbb63e514bdc,21060,MCH-5b1162a765,KTX,4112,2026-08-13 21:47:00,37.715695,126.858945,KR,DEV-88721c6238
4832,e8b7ab74-be92-4ef6-833a-dbb63e514bdc,351000,MCH-53b4838ce6,어도비(Adobe),5734,2026-08-14 13:12:00,37.678909,126.854847,KR,DEV-88721c6238
4833,e8b7ab74-be92-4ef6-833a-dbb63e514bdc,111800,MCH-ba944121a3,무신사,5651,2026-08-14 19:42:00,37.689826,126.869594,KR,DEV-88721c6238
4834,e8b7ab74-be92-4ef6-833a-dbb63e514bdc,94900,MCH-ba944121a3,무신사,5651,2026-08-15 09:35:00,37.704345,126.821783,KR,DEV-88721c6238
4835,e8b7ab74-be92-4ef6-833a-dbb63e514bdc,4580000,MCH-cac2f457b6,금은방_귀금속,5944,2026-08-16 02:16:00,37.700087,126.844503,KR,DEV-88721c6238
4836,e8b7ab74-be92-4ef6-833a-dbb63e514bdc,208000,MCH-bed94775b8,패스트파이브,7011,2026-08-16 10:30:00,37.671137,126.855671,KR,DEV-88721c6238
4837,e8b7ab74-be92-4ef6-833a-dbb63e514bdc,78000,MCH-53b4838ce6,어도비(Adobe),5734,2026-08-16 12:07:00,37.715738,126.837731,KR,DEV-88721c6238
4838,e8b7ab74-be92-4ef6-833a-dbb63e514bdc,247000,MCH-53b4838ce6,어도비(Adobe),5734,2026-08-18 14:13:00,37.696869,126.856998,KR,DEV-88721c6238
4839,e8b7ab74-be92-4ef6-833a-dbb63e514bdc,4560000,MCH-cac2f457b6,금은방_귀금속,5944,2026-08-19 05:10:00,37.712961,126.859941,KR,DEV-88721c6238
4840,e8b7ab74-be92-4ef6-833a-dbb63e514bdc,18070,MCH-06553b267c,카카오택시,4121,2026-08-19 22:46:00,37.69859,126.820073,KR,DEV-88721c6238
4841,e8b7ab74-be92-4ef6-833a-dbb63e514bdc,76700,MCH-a5c765e6ce,프리스비,5732,2026-08-20 12:15:00,37.712489,126.86465,KR,DEV-88721c6238
4842,e8b7ab74-be92-4ef6-833a-dbb63e514bdc,11310,MCH-06553b267c,카카오택시,4121,2026-08-20 14:51:00,37.680494,126.844883,KR,DEV-88721c6238
4843,e8b7ab74-be92-4ef6-833a-dbb63e514bdc,19500,MCH-fb4fb59d3a,스타벅스,5814,2026-08-20 16:19:00,37.687173,126.871992,KR,DEV-88721c6238
4844,e8b7ab74-be92-4ef6-833a-dbb63e514bdc,351000,MCH-bed94775b8,패스트파이브,7011,2026-08-21 22:06:00,37.668175,126.829838,KR,DEV-88721c6238
4845,e8b7ab74-be92-4ef6-833a-dbb63e514bdc,221000,MCH-bed94775b8,패스트파이브,7011,2026-08-22 15:27:00,37.673054,126.861665,KR,DEV-88721c6238
4846,e8b7ab74-be92-4ef6-833a-dbb63e514bdc,23400,MCH-ab42b36c0b,배달의민족,5812,2026-08-22 19:39:00,37.351289,127.678162,KR,DEV-88721c6238
4847,f1d2fec9-24d2-4179-b02f-60c22abfa198,130500,MCH-a5c765e6ce,프리스비,5732,2026-05-25 11:22:00,36.615349,128.540892,KR,DEV-1da990577a
4848,f1d2fec9-24d2-4179-b02f-60c22abfa198,195000,MCH-8fff18fdd2,노션,7372,2026-05-25 17:27:00,36.613403,128.508902,KR,DEV-1da990577a
4849,f1d2fec9-24d2-4179-b02f-60c22abfa198,165000,MCH-8fff18fdd2,노션,7372,2026-05-26 18:43:00,36.651171,128.498322,KR,DEV-1da990577a
4850,f1d2fec9-24d2-4179-b02f-60c22abfa198,37500,MCH-ab42b36c0b,배달의민족,5812,2026-05-27 11:13:00,36.628043,128.518908,KR,DEV-1da990577a
4851,f1d2fec9-24d2-4179-b02f-60c22abfa198,240000,MCH-bed94775b8,패스트파이브,7011,2026-05-27 11:25:00,36.637273,128.50903,KR,DEV-1da990577a
4852,f1d2fec9-24d2-4179-b02f-60c22abfa198,11850,MCH-06553b267c,카카오택시,4121,2026-05-28 09:24:00,36.627848,128.509248,KR,DEV-1da990577a
4853,f1d2fec9-24d2-4179-b02f-60c22abfa198,30000,MCH-ab42b36c0b,배달의민족,5812,2026-05-28 15:59:00,36.656215,128.490971,KR,DEV-1da990577a
4854,f1d2fec9-24d2-4179-b02f-60c22abfa198,360000,MCH-bed94775b8,패스트파이브,7011,2026-05-29 09:30:00,36.625762,128.505156,KR,DEV-1da990577a
4855,f1d2fec9-24d2-4179-b02f-60c22abfa198,9000,MCH-fb4fb59d3a,스타벅스,5814,2026-05-29 21:04:00,36.61996,128.498347,KR,DEV-1da990577a
4856,f1d2fec9-24d2-4179-b02f-60c22abfa198,2450000,MCH-9449f2d5d1,중고거래_송금,6051,2026-05-30 05:15:00,36.621282,128.524543,KR,DEV-1da990577a
4857,f1d2fec9-24d2-4179-b02f-60c22abfa198,148500,MCH-493f24c455,쿠팡,5399,2026-05-30 17:03:00,36.608216,128.530957,KR,DEV-1da990577a
4858,f1d2fec9-24d2-4179-b02f-60c22abfa198,43500,MCH-ab42b36c0b,배달의민족,5812,2026-05-31 11:10:00,36.622144,128.50357,KR,DEV-1da990577a
4859,f1d2fec9-24d2-4179-b02f-60c22abfa198,105000,MCH-ca5e0a9e0b,AWS,7372,2026-05-31 17:47:00,36.647634,128.501775,KR,DEV-1da990577a
4860,f1d2fec9-24d2-4179-b02f-60c22abfa198,109500,MCH-a5c765e6ce,프리스비,5732,2026-06-01 17:10:00,36.609766,128.504102,KR,DEV-1da990577a
4861,f1d2fec9-24d2-4179-b02f-60c22abfa198,27000,MCH-ab42b36c0b,배달의민족,5812,2026-06-01 17:55:00,36.652634,128.5059,KR,DEV-1da990577a
4862,f1d2fec9-24d2-4179-b02f-60c22abfa198,106500,MCH-ba944121a3,무신사,5651,2026-06-02 10:47:00,36.615583,128.536593,KR,DEV-1da990577a
4863,f1d2fec9-24d2-4179-b02f-60c22abfa198,118500,MCH-ba944121a3,무신사,5651,2026-06-02 17:24:00,36.645713,128.519115,KR,DEV-1da990577a
4864,f1d2fec9-24d2-4179-b02f-60c22abfa198,16500,MCH-ab42b36c0b,배달의민족,5812,2026-06-02 22:43:00,36.649011,128.531372,KR,DEV-1da990577a
4865,f1d2fec9-24d2-4179-b02f-60c22abfa198,150000,MCH-bed94775b8,패스트파이브,7011,2026-06-03 20:25:00,36.641058,128.523278,KR,DEV-1da990577a
4866,f1d2fec9-24d2-4179-b02f-60c22abfa198,285000,MCH-53b4838ce6,어도비(Adobe),5734,2026-06-04 19:51:00,36.640141,128.521243,KR,DEV-1da990577a
4867,f1d2fec9-24d2-4179-b02f-60c22abfa198,360000,MCH-bed94775b8,패스트파이브,7011,2026-06-04 22:30:00,36.617851,128.529439,KR,DEV-1da990577a
4868,f1d2fec9-24d2-4179-b02f-60c22abfa198,8700,MCH-5df4849ce1,지하철,4111,2026-06-05 11:54:00,36.61758,128.54007,KR,DEV-1da990577a
4869,f1d2fec9-24d2-4179-b02f-60c22abfa198,39000,MCH-ba944121a3,무신사,5651,2026-06-05 14:16:00,36.604141,128.514377,KR,DEV-1da990577a
4870,f1d2fec9-24d2-4179-b02f-60c22abfa198,405000,MCH-53b4838ce6,어도비(Adobe),5734,2026-06-06 22:10:00,36.655961,128.510501,KR,DEV-1da990577a
4871,f1d2fec9-24d2-4179-b02f-60c22abfa198,10950,MCH-5df4849ce1,지하철,4111,2026-06-08 14:19:00,36.618879,128.537199,KR,DEV-1da990577a
4872,f1d2fec9-24d2-4179-b02f-60c22abfa198,210000,MCH-ca5e0a9e0b,AWS,7372,2026-06-08 16:30:00,36.606643,128.537919,KR,DEV-1da990577a
4873,f1d2fec9-24d2-4179-b02f-60c22abfa198,435000,MCH-53b4838ce6,어도비(Adobe),5734,2026-06-09 09:17:00,36.646694,128.501355,KR,DEV-1da990577a
4874,f1d2fec9-24d2-4179-b02f-60c22abfa198,51000,MCH-a5c765e6ce,프리스비,5732,2026-06-10 16:59:00,36.645144,128.52071,KR,DEV-1da990577a
4875,f1d2fec9-24d2-4179-b02f-60c22abfa198,255000,MCH-53b4838ce6,어도비(Adobe),5734,2026-06-12 10:10:00,36.630776,128.491914,KR,DEV-1da990577a
4876,f1d2fec9-24d2-4179-b02f-60c22abfa198,111000,MCH-e7751d42a2,올리브영,5977,2026-06-13 11:29:00,36.61611,128.523711,KR,DEV-1da990577a
4877,f1d2fec9-24d2-4179-b02f-60c22abfa198,76500,MCH-493f24c455,쿠팡,5399,2026-06-15 15:33:00,36.643817,128.49442,KR,DEV-1da990577a
4878,f1d2fec9-24d2-4179-b02f-60c22abfa198,138000,MCH-e7751d42a2,올리브영,5977,2026-06-16 17:45:00,36.642289,128.538837,KR,DEV-1da990577a
4879,f1d2fec9-24d2-4179-b02f-60c22abfa198,120000,MCH-8fff18fdd2,노션,7372,2026-06-16 17:57:00,36.605001,128.494762,KR,DEV-1da990577a
4880,f1d2fec9-24d2-4179-b02f-60c22abfa198,315000,MCH-ca5e0a9e0b,AWS,7372,2026-06-16 21:31:00,36.624936,128.504385,KR,DEV-1da990577a
4881,f1d2fec9-24d2-4179-b02f-60c22abfa198,300000,MCH-8fff18fdd2,노션,7372,2026-06-17 14:29:00,36.610726,128.53947,KR,DEV-1da990577a
4882,f1d2fec9-24d2-4179-b02f-60c22abfa198,375000,MCH-ca5e0a9e0b,AWS,7372,2026-06-17 20:19:00,36.627354,128.522709,KR,DEV-1da990577a
4883,f1d2fec9-24d2-4179-b02f-60c22abfa198,270000,MCH-ca5e0a9e0b,AWS,7372,2026-06-17 20:40:00,36.604324,128.51713,KR,DEV-1da990577a
4884,f1d2fec9-24d2-4179-b02f-60c22abfa198,36000,MCH-ba944121a3,무신사,5651,2026-06-18 17:18:00,36.605904,128.515934,KR,DEV-1da990577a
4885,f1d2fec9-24d2-4179-b02f-60c22abfa198,37500,MCH-c563ceac18,맥도날드,5814,2026-06-18 22:06:00,36.628076,128.51327,KR,DEV-1da990577a
4886,f1d2fec9-24d2-4179-b02f-60c22abfa198,90000,MCH-8fff18fdd2,노션,7372,2026-06-19 08:32:00,36.603631,128.49627,KR,DEV-1da990577a
4887,f1d2fec9-24d2-4179-b02f-60c22abfa198,16500,MCH-ab42b36c0b,배달의민족,5812,2026-06-19 12:59:00,36.656079,128.536587,KR,DEV-1da990577a
4888,f1d2fec9-24d2-4179-b02f-60c22abfa198,88500,MCH-ba944121a3,무신사,5651,2026-06-19 17:20:00,36.6312,128.492099,KR,DEV-1da990577a
4889,f1d2fec9-24d2-4179-b02f-60c22abfa198,135000,MCH-8fff18fdd2,노션,7372,2026-06-22 10:48:00,36.638742,128.51457,KR,DEV-1da990577a
4890,f1d2fec9-24d2-4179-b02f-60c22abfa198,30000,MCH-493f24c455,쿠팡,5399,2026-06-22 12:00:00,36.60807,128.511545,KR,DEV-1da990577a
4891,f1d2fec9-24d2-4179-b02f-60c22abfa198,135000,MCH-53b4838ce6,어도비(Adobe),5734,2026-06-22 22:52:00,36.630815,128.526811,KR,DEV-1da990577a
4892,f1d2fec9-24d2-4179-b02f-60c22abfa198,330000,MCH-bed94775b8,패스트파이브,7011,2026-06-23 17:16:00,36.613501,128.534009,KR,DEV-1da990577a
4893,f1d2fec9-24d2-4179-b02f-60c22abfa198,4720000,MCH-9449f2d5d1,중고거래_송금,6051,2026-06-24 05:50:00,36.606613,128.537218,KR,DEV-1da990577a
4894,f1d2fec9-24d2-4179-b02f-60c22abfa198,345000,MCH-8fff18fdd2,노션,7372,2026-06-25 16:35:00,36.655977,128.536772,KR,DEV-1da990577a
4895,f1d2fec9-24d2-4179-b02f-60c22abfa198,390000,MCH-ca5e0a9e0b,AWS,7372,2026-06-25 18:53:00,36.647054,128.508664,KR,DEV-1da990577a
4896,f1d2fec9-24d2-4179-b02f-60c22abfa198,45000,MCH-8e35d3c146,김밥천국,5812,2026-06-25 22:21:00,36.611985,128.527151,KR,DEV-1da990577a
4897,f1d2fec9-24d2-4179-b02f-60c22abfa198,300000,MCH-bed94775b8,패스트파이브,7011,2026-06-26 12:21:00,36.645103,128.504053,KR,DEV-1da990577a
4898,f1d2fec9-24d2-4179-b02f-60c22abfa198,345000,MCH-53b4838ce6,어도비(Adobe),5734,2026-06-26 12:51:00,36.61928,128.543376,KR,DEV-1da990577a
4899,f1d2fec9-24d2-4179-b02f-60c22abfa198,40500,MCH-a5c765e6ce,프리스비,5732,2026-06-28 19:34:00,36.614868,128.542479,KR,DEV-1da990577a
4900,f1d2fec9-24d2-4179-b02f-60c22abfa198,27000,MCH-8e35d3c146,김밥천국,5812,2026-06-29 10:26:00,36.644923,128.540855,KR,DEV-1da990577a
4901,f1d2fec9-24d2-4179-b02f-60c22abfa198,36000,MCH-c563ceac18,맥도날드,5814,2026-06-29 15:59:00,36.625697,128.508697,KR,DEV-1da990577a
4902,f1d2fec9-24d2-4179-b02f-60c22abfa198,30000,MCH-c563ceac18,맥도날드,5814,2026-06-29 22:31:00,36.604687,128.541475,KR,DEV-1da990577a
4903,f1d2fec9-24d2-4179-b02f-60c22abfa198,90000,MCH-ca5e0a9e0b,AWS,7372,2026-06-30 08:30:00,36.608023,128.54323,KR,DEV-1da990577a
4904,f1d2fec9-24d2-4179-b02f-60c22abfa198,15150,MCH-5df4849ce1,지하철,4111,2026-06-30 10:38:00,36.624942,128.53671,KR,DEV-1da990577a
4905,f1d2fec9-24d2-4179-b02f-60c22abfa198,13500,MCH-fb4fb59d3a,스타벅스,5814,2026-06-30 16:27:00,36.623403,128.495274,KR,DEV-1da990577a
4906,f1d2fec9-24d2-4179-b02f-60c22abfa198,390000,MCH-8fff18fdd2,노션,7372,2026-07-01 17:05:00,36.648632,128.527483,KR,DEV-1da990577a
4907,f1d2fec9-24d2-4179-b02f-60c22abfa198,165000,MCH-53b4838ce6,어도비(Adobe),5734,2026-07-02 20:10:00,36.605138,128.5223,KR,DEV-1da990577a
4908,f1d2fec9-24d2-4179-b02f-60c22abfa198,25800,MCH-0d60345572,버스,4111,2026-07-02 21:33:00,36.647584,128.5173,KR,DEV-1da990577a
4909,f1d2fec9-24d2-4179-b02f-60c22abfa198,450000,MCH-bed94775b8,패스트파이브,7011,2026-07-03 15:22:00,36.604765,128.536856,KR,DEV-1da990577a
4910,f1d2fec9-24d2-4179-b02f-60c22abfa198,30000,MCH-fb4fb59d3a,스타벅스,5814,2026-07-03 17:14:00,36.628024,128.536869,KR,DEV-1da990577a
4911,f1d2fec9-24d2-4179-b02f-60c22abfa198,105000,MCH-53b4838ce6,어도비(Adobe),5734,2026-07-04 08:37:00,36.614414,128.515728,KR,DEV-1da990577a
4912,f1d2fec9-24d2-4179-b02f-60c22abfa198,450000,MCH-ca5e0a9e0b,AWS,7372,2026-07-04 21:19:00,36.641177,128.512475,KR,DEV-1da990577a
4913,f1d2fec9-24d2-4179-b02f-60c22abfa198,40500,MCH-ab42b36c0b,배달의민족,5812,2026-07-05 13:37:00,36.627299,128.498866,KR,DEV-1da990577a
4914,f1d2fec9-24d2-4179-b02f-60c22abfa198,9000,MCH-fb4fb59d3a,스타벅스,5814,2026-07-06 08:53:00,36.604862,128.499255,KR,DEV-1da990577a
4915,f1d2fec9-24d2-4179-b02f-60c22abfa198,405000,MCH-8fff18fdd2,노션,7372,2026-07-06 11:57:00,36.609661,128.525622,KR,DEV-1da990577a
4916,f1d2fec9-24d2-4179-b02f-60c22abfa198,84000,MCH-ba944121a3,무신사,5651,2026-07-06 15:08:00,36.616664,128.500878,KR,DEV-1da990577a
4917,f1d2fec9-24d2-4179-b02f-60c22abfa198,135000,MCH-8fff18fdd2,노션,7372,2026-07-07 08:56:00,36.616579,128.495833,KR,DEV-1da990577a
4918,f1d2fec9-24d2-4179-b02f-60c22abfa198,29850,MCH-5df4849ce1,지하철,4111,2026-07-07 10:26:00,36.630751,128.51757,KR,DEV-1da990577a
4919,f1d2fec9-24d2-4179-b02f-60c22abfa198,75000,MCH-ca5e0a9e0b,AWS,7372,2026-07-07 21:50:00,36.65482,128.531416,KR,DEV-1da990577a
4920,f1d2fec9-24d2-4179-b02f-60c22abfa198,63000,MCH-a5c765e6ce,프리스비,5732,2026-07-09 10:21:00,36.623196,128.490942,KR,DEV-1da990577a
4921,f1d2fec9-24d2-4179-b02f-60c22abfa198,22500,MCH-5b1162a765,KTX,4112,2026-07-09 17:39:00,36.649399,128.531013,KR,DEV-1da990577a
4922,f1d2fec9-24d2-4179-b02f-60c22abfa198,124500,MCH-e7751d42a2,올리브영,5977,2026-07-10 20:29:00,36.654374,128.534052,KR,DEV-1da990577a
4923,f1d2fec9-24d2-4179-b02f-60c22abfa198,108000,MCH-a5c765e6ce,프리스비,5732,2026-07-11 12:19:00,36.635939,128.503277,KR,DEV-1da990577a
4924,f1d2fec9-24d2-4179-b02f-60c22abfa198,700000,MCH-96930209b1,Amazon_US,5942,2026-07-11 13:59:00,36.634888,128.542961,CN,DEV-1da990577a
4925,f1d2fec9-24d2-4179-b02f-60c22abfa198,11400,MCH-5b1162a765,KTX,4112,2026-07-13 14:00:00,36.603265,128.503184,KR,DEV-1da990577a
4926,f1d2fec9-24d2-4179-b02f-60c22abfa198,2850,MCH-5b1162a765,KTX,4112,2026-07-13 16:55:00,36.654851,128.534166,KR,DEV-1da990577a
4927,f1d2fec9-24d2-4179-b02f-60c22abfa198,435000,MCH-8fff18fdd2,노션,7372,2026-07-14 09:54:00,36.638888,128.517639,KR,DEV-1da990577a
4928,f1d2fec9-24d2-4179-b02f-60c22abfa198,24000,MCH-a5c765e6ce,프리스비,5732,2026-07-14 18:27:00,36.656507,128.521105,KR,DEV-1da990577a
4929,f1d2fec9-24d2-4179-b02f-60c22abfa198,150000,MCH-8fff18fdd2,노션,7372,2026-07-15 18:18:00,36.604151,128.497814,KR,DEV-1da990577a
4930,f1d2fec9-24d2-4179-b02f-60c22abfa198,22500,MCH-8e35d3c146,김밥천국,5812,2026-07-16 09:32:00,36.64403,128.505391,KR,DEV-1da990577a
4931,f1d2fec9-24d2-4179-b02f-60c22abfa198,180000,MCH-53b4838ce6,어도비(Adobe),5734,2026-07-16 09:49:00,36.606741,128.543919,KR,DEV-1da990577a
4932,f1d2fec9-24d2-4179-b02f-60c22abfa198,81000,MCH-e7751d42a2,올리브영,5977,2026-07-16 16:44:00,36.626084,128.530208,KR,DEV-1da990577a
4933,f1d2fec9-24d2-4179-b02f-60c22abfa198,450000,MCH-8fff18fdd2,노션,7372,2026-07-17 09:22:00,36.629046,128.524003,KR,DEV-1da990577a
4934,f1d2fec9-24d2-4179-b02f-60c22abfa198,25950,MCH-06553b267c,카카오택시,4121,2026-07-17 20:50:00,36.646633,128.52027,KR,DEV-1da990577a
4935,f1d2fec9-24d2-4179-b02f-60c22abfa198,114000,MCH-a5c765e6ce,프리스비,5732,2026-07-17 22:48:00,36.656661,128.499567,KR,DEV-1da990577a
4936,f1d2fec9-24d2-4179-b02f-60c22abfa198,165000,MCH-bed94775b8,패스트파이브,7011,2026-07-19 10:12:00,36.626406,128.53443,KR,DEV-1da990577a
4937,f1d2fec9-24d2-4179-b02f-60c22abfa198,60000,MCH-e7751d42a2,올리브영,5977,2026-07-19 22:02:00,36.633166,128.515543,KR,DEV-1da990577a
4938,f1d2fec9-24d2-4179-b02f-60c22abfa198,390000,MCH-ca5e0a9e0b,AWS,7372,2026-07-19 22:58:00,36.629164,128.522489,KR,DEV-1da990577a
4939,f1d2fec9-24d2-4179-b02f-60c22abfa198,4320000,MCH-9449f2d5d1,중고거래_송금,6051,2026-07-20 04:26:00,36.622245,128.544181,KR,DEV-1da990577a
4940,f1d2fec9-24d2-4179-b02f-60c22abfa198,345000,MCH-53b4838ce6,어도비(Adobe),5734,2026-07-22 10:30:00,36.648602,128.522937,KR,DEV-1da990577a
4941,f1d2fec9-24d2-4179-b02f-60c22abfa198,144000,MCH-493f24c455,쿠팡,5399,2026-07-22 13:15:00,36.656878,128.530032,KR,DEV-1da990577a
4942,f1d2fec9-24d2-4179-b02f-60c22abfa198,210000,MCH-53b4838ce6,어도비(Adobe),5734,2026-07-22 18:08:00,36.647474,128.506656,KR,DEV-1da990577a
4943,f1d2fec9-24d2-4179-b02f-60c22abfa198,29550,MCH-5df4849ce1,지하철,4111,2026-07-23 09:55:00,36.625026,128.492207,KR,DEV-1da990577a
4944,f1d2fec9-24d2-4179-b02f-60c22abfa198,12000,MCH-fb4fb59d3a,스타벅스,5814,2026-07-23 12:49:00,36.631409,128.523202,KR,DEV-1da990577a
4945,f1d2fec9-24d2-4179-b02f-60c22abfa198,105000,MCH-8fff18fdd2,노션,7372,2026-07-23 15:19:00,36.618204,128.536726,KR,DEV-1da990577a
4946,f1d2fec9-24d2-4179-b02f-60c22abfa198,127500,MCH-493f24c455,쿠팡,5399,2026-07-25 22:36:00,36.607295,128.493447,KR,DEV-1da990577a
4947,f1d2fec9-24d2-4179-b02f-60c22abfa198,12000,MCH-fb4fb59d3a,스타벅스,5814,2026-07-26 17:00:00,36.638595,128.505337,KR,DEV-1da990577a
4948,f1d2fec9-24d2-4179-b02f-60c22abfa198,81000,MCH-493f24c455,쿠팡,5399,2026-07-26 22:56:00,36.638595,128.496223,KR,DEV-1da990577a
4949,f1d2fec9-24d2-4179-b02f-60c22abfa198,270000,MCH-ca5e0a9e0b,AWS,7372,2026-07-27 08:43:00,36.642425,128.497641,KR,DEV-1da990577a
4950,f1d2fec9-24d2-4179-b02f-60c22abfa198,34500,MCH-c563ceac18,맥도날드,5814,2026-07-27 16:57:00,36.64679,128.512739,KR,DEV-1da990577a
4951,f1d2fec9-24d2-4179-b02f-60c22abfa198,375000,MCH-53b4838ce6,어도비(Adobe),5734,2026-07-27 20:01:00,36.607466,128.499896,KR,DEV-1da990577a
4952,f1d2fec9-24d2-4179-b02f-60c22abfa198,33000,MCH-a5c765e6ce,프리스비,5732,2026-07-28 14:13:00,36.642484,128.536299,KR,DEV-1da990577a
4953,f1d2fec9-24d2-4179-b02f-60c22abfa198,17700,MCH-5df4849ce1,지하철,4111,2026-07-28 17:26:00,36.62403,128.53539,KR,DEV-1da990577a
4954,f1d2fec9-24d2-4179-b02f-60c22abfa198,2290000,MCH-c3acdc127f,유흥업소,5813,2026-07-29 03:36:00,36.609228,128.522726,KR,DEV-1da990577a
4955,f1d2fec9-24d2-4179-b02f-60c22abfa198,375000,MCH-8fff18fdd2,노션,7372,2026-07-29 17:31:00,36.636351,128.538879,KR,DEV-1da990577a
4956,f1d2fec9-24d2-4179-b02f-60c22abfa198,390000,MCH-53b4838ce6,어도비(Adobe),5734,2026-07-31 14:08:00,36.605206,128.544748,KR,DEV-1da990577a
4957,f1d2fec9-24d2-4179-b02f-60c22abfa198,270000,MCH-53b4838ce6,어도비(Adobe),5734,2026-08-01 09:21:00,36.634091,128.526029,KR,DEV-1da990577a
4958,f1d2fec9-24d2-4179-b02f-60c22abfa198,225000,MCH-8fff18fdd2,노션,7372,2026-08-01 14:24:00,36.610837,128.529946,KR,DEV-1da990577a
4959,f1d2fec9-24d2-4179-b02f-60c22abfa198,90000,MCH-bed94775b8,패스트파이브,7011,2026-08-02 12:00:00,36.638833,128.517276,KR,DEV-1da990577a
4960,f1d2fec9-24d2-4179-b02f-60c22abfa198,9450,MCH-0d60345572,버스,4111,2026-08-02 21:42:00,36.613928,128.525121,KR,DEV-1da990577a
4961,f1d2fec9-24d2-4179-b02f-60c22abfa198,61500,MCH-e7751d42a2,올리브영,5977,2026-08-03 14:07:00,36.651084,128.494015,KR,DEV-1da990577a
4962,f1d2fec9-24d2-4179-b02f-60c22abfa198,135000,MCH-493f24c455,쿠팡,5399,2026-08-04 15:22:00,36.612604,128.532364,KR,DEV-1da990577a
4963,f1d2fec9-24d2-4179-b02f-60c22abfa198,73500,MCH-ba944121a3,무신사,5651,2026-08-05 10:30:00,36.640245,128.505692,KR,DEV-1da990577a
4964,f1d2fec9-24d2-4179-b02f-60c22abfa198,800000,MCH-96930209b1,Amazon_US,5942,2026-08-06 16:41:00,36.615704,128.517059,US,DEV-1da990577a
4965,f1d2fec9-24d2-4179-b02f-60c22abfa198,450000,MCH-8fff18fdd2,노션,7372,2026-08-07 11:48:00,36.654771,128.496584,KR,DEV-1da990577a
4966,f1d2fec9-24d2-4179-b02f-60c22abfa198,420000,MCH-8fff18fdd2,노션,7372,2026-08-07 14:01:00,36.640325,128.505487,KR,DEV-1da990577a
4967,f1d2fec9-24d2-4179-b02f-60c22abfa198,435000,MCH-8fff18fdd2,노션,7372,2026-08-08 19:49:00,36.655868,128.490976,KR,DEV-1da990577a
4968,f1d2fec9-24d2-4179-b02f-60c22abfa198,4690000,MCH-9449f2d5d1,중고거래_송금,6051,2026-08-09 05:16:00,36.613488,128.496657,KR,DEV-1da990577a
4969,f1d2fec9-24d2-4179-b02f-60c22abfa198,40500,MCH-e7751d42a2,올리브영,5977,2026-08-09 14:30:00,36.617733,128.501576,KR,DEV-1da990577a
4970,f1d2fec9-24d2-4179-b02f-60c22abfa198,300000,MCH-8fff18fdd2,노션,7372,2026-08-10 11:27:00,36.6494,128.510085,KR,DEV-1da990577a
4971,f1d2fec9-24d2-4179-b02f-60c22abfa198,42000,MCH-493f24c455,쿠팡,5399,2026-08-13 18:35:00,36.649874,128.501873,KR,DEV-1da990577a
4972,f1d2fec9-24d2-4179-b02f-60c22abfa198,34500,MCH-fb4fb59d3a,스타벅스,5814,2026-08-14 14:07:00,36.614629,128.510841,KR,DEV-1da990577a
4973,f1d2fec9-24d2-4179-b02f-60c22abfa198,28650,MCH-5b1162a765,KTX,4112,2026-08-15 12:34:00,36.64338,128.541511,KR,DEV-1da990577a
4974,f1d2fec9-24d2-4179-b02f-60c22abfa198,450000,MCH-53b4838ce6,어도비(Adobe),5734,2026-08-15 12:50:00,36.608086,128.540717,KR,DEV-1da990577a
4975,f1d2fec9-24d2-4179-b02f-60c22abfa198,165000,MCH-bed94775b8,패스트파이브,7011,2026-08-15 20:26:00,36.64397,128.530181,KR,DEV-1da990577a
4976,f1d2fec9-24d2-4179-b02f-60c22abfa198,108000,MCH-e7751d42a2,올리브영,5977,2026-08-17 16:44:00,36.618042,128.513881,KR,DEV-1da990577a
4977,f1d2fec9-24d2-4179-b02f-60c22abfa198,165000,MCH-ca5e0a9e0b,AWS,7372,2026-08-20 11:08:00,36.611517,128.530657,KR,DEV-1da990577a
4978,f1d2fec9-24d2-4179-b02f-60c22abfa198,375000,MCH-8fff18fdd2,노션,7372,2026-08-22 20:56:00,36.604735,128.530023,KR,DEV-1da990577a
